AÑO,Código delDepartamento,Nombre del Departamento,Código delMunicipio,Nombre del Municipio,TECNICA PROFESIONAL,TECNOLOGICA,UNIVERSITARIA,ESPECIALIZACION,MAESTRIA,DOCTORADO,IES CON OFERTA
2005,11,11,11001,BOGOTÁ D.C.,63098.0,40178.0,279544.0,23603.0,7399.0,492.0,106.0
2005,13,13,13001,CARTAGENA DE INDIAS,5902.0,4348.0,25138.0,1260.0,9.0,0.0,33.0
2005,13,13,13074,BARRANCO DE LOBA,40.0,0.0,0.0,0.0,0.0,0.0,1.0
2005,13,13,13188,CICUCO,50.0,0.0,0.0,0.0,0.0,0.0,1.0
2005,13,13,13248,EL GUAMO,40.0,0.0,0.0,0.0,0.0,0.0,1.0
2005,13,13,13300,HATILLO DE LOBA,41.0,0.0,0.0,0.0,0.0,0.0,1.0
2005,13,13,13430,MAGANGUÉ,70.0,0.0,33.0,0.0,0.0,0.0,2.0
2005,13,13,13442,MARÍA LA BAJA,41.0,0.0,0.0,0.0,0.0,0.0,1.0
2005,13,13,13468,SANTA CRUZ DE MOMPOX,82.0,0.0,96.0,0.0,0.0,0.0,2.0
2005,13,13,13549,PINILLOS,47.0,0.0,0.0,0.0,0.0,0.0,1.0
2005,13,13,13647,SAN ESTANISLAO,42.0,0.0,0.0,0.0,0.0,0.0,1.0
2005,13,13,13650,SAN FERNANDO,43.0,0.0,0.0,0.0,0.0,0.0,1.0
2005,13,13,13654,SAN JACINTO,80.0,0.0,0.0,0.0,0.0,0.0,1.0
2005,13,13,13657,SAN JUAN NEPOMUCENO,30.0,0.0,0.0,0.0,0.0,0.0,1.0
2005,13,13,13673,SANTA CATALINA,39.0,0.0,0.0,0.0,0.0,0.0,1.0
2005,13,13,13683,SANTA ROSA,43.0,0.0,0.0,0.0,0.0,0.0,1.0
2005,13,13,13744,SIMITÍ,0.0,132.0,0.0,0.0,0.0,0.0,1.0
2005,13,13,13836,TURBACO,72.0,0.0,0.0,0.0,0.0,0.0,1.0
2005,13,13,13873,VILLANUEVA,30.0,0.0,0.0,0.0,0.0,0.0,1.0
2005,15,15,15001,TUNJA,340.0,3171.0,20021.0,491.0,142.0,34.0,11.0
2005,15,15,15176,CHIQUINQUIRÁ,76.0,24.0,694.0,0.0,0.0,0.0,4.0
2005,15,15,15187,CHIVATÁ,34.0,0.0,0.0,0.0,0.0,0.0,1.0
2005,15,15,15238,DUITAMA,34.0,34.0,2817.0,47.0,0.0,0.0,5.0
2005,15,15,15272,FIRAVITOBA,37.0,0.0,0.0,0.0,0.0,0.0,1.0
2005,15,15,15299,GARAGOA,57.0,0.0,2.0,0.0,0.0,0.0,2.0
2005,15,15,15332,GÜICÁN DE LA SIERRA,19.0,0.0,0.0,0.0,0.0,0.0,1.0
2005,15,15,15407,VILLA DE LEYVA,0.0,0.0,1.0,0.0,0.0,0.0,1.0
2005,15,15,15476,MOTAVITA,31.0,0.0,0.0,0.0,0.0,0.0,1.0
2005,15,15,15494,NUEVO COLÓN,37.0,0.0,0.0,0.0,0.0,0.0,1.0
2005,15,15,15507,OTANCHE,32.0,0.0,0.0,0.0,0.0,0.0,1.0
2005,15,15,15516,PAIPA,72.0,0.0,0.0,0.0,0.0,0.0,1.0
2005,15,15,15537,PAZ DE RÍO,14.0,0.0,0.0,0.0,0.0,0.0,1.0
2005,15,15,15572,PUERTO BOYACÁ,68.0,80.0,27.0,0.0,0.0,0.0,3.0
2005,15,15,15646,SAMACÁ,46.0,0.0,0.0,0.0,0.0,0.0,1.0
2005,15,15,15690,SANTA MARÍA,29.0,0.0,0.0,0.0,0.0,0.0,1.0
2005,15,15,15753,SOATÁ,80.0,0.0,0.0,0.0,0.0,0.0,1.0
2005,15,15,15757,SOCHA,76.0,0.0,0.0,0.0,0.0,0.0,1.0
2005,15,15,15759,SOGAMOSO,831.0,236.0,2494.0,141.0,0.0,0.0,5.0
2005,15,15,15778,SUTATENZA,32.0,0.0,0.0,0.0,0.0,0.0,1.0
2005,15,15,15790,TASCO,30.0,0.0,0.0,0.0,0.0,0.0,1.0
2005,15,15,15835,TURMEQUÉ,29.0,0.0,0.0,0.0,0.0,0.0,1.0
2005,17,17,17001,MANIZALES,913.0,3113.0,21110.0,731.0,362.0,90.0,10.0
2005,17,17,17042,ANSERMA,119.0,0.0,0.0,0.0,0.0,0.0,1.0
2005,17,17,17174,CHINCHINÁ,35.0,0.0,0.0,0.0,0.0,0.0,1.0
2005,17,17,17380,LA DORADA,132.0,92.0,1.0,0.0,0.0,0.0,4.0
2005,17,17,17433,MANZANARES,72.0,0.0,0.0,0.0,0.0,0.0,1.0
2005,17,17,17442,MARMATO,142.0,0.0,0.0,0.0,0.0,0.0,1.0
2005,17,17,17486,NEIRA,44.0,0.0,0.0,0.0,0.0,0.0,1.0
2005,17,17,17513,PÁCORA,19.0,0.0,0.0,0.0,0.0,0.0,1.0
2005,17,17,17541,PENSILVANIA,255.0,0.0,0.0,0.0,0.0,0.0,1.0
2005,17,17,17662,SAMANÁ,28.0,0.0,0.0,0.0,0.0,0.0,1.0
2005,17,17,17873,VILLAMARÍA,0.0,0.0,162.0,0.0,0.0,0.0,2.0
2005,17,17,17877,VITERBO,45.0,0.0,0.0,0.0,0.0,0.0,1.0
2005,18,18,18001,FLORENCIA,342.0,137.0,4474.0,92.0,0.0,0.0,7.0
2005,18,18,18029,ALBANIA,0.0,0.0,11.0,0.0,0.0,0.0,1.0
2005,18,18,18247,EL DONCELLO,100.0,0.0,0.0,0.0,0.0,0.0,1.0
2005,18,18,18592,PUERTO RICO,33.0,0.0,0.0,0.0,0.0,0.0,1.0
2005,19,19,19001,POPAYÁN,869.0,1814.0,15424.0,358.0,72.0,0.0,17.0
2005,19,19,19142,CALOTO,29.0,0.0,0.0,0.0,0.0,0.0,1.0
2005,19,19,19212,CORINTO,67.0,0.0,0.0,0.0,0.0,0.0,1.0
2005,19,19,19256,EL TAMBO,0.0,0.0,1.0,0.0,0.0,0.0,1.0
2005,19,19,19318,GUAPI,0.0,49.0,0.0,0.0,0.0,0.0,1.0
2005,19,19,19355,INZÁ,62.0,0.0,0.0,0.0,0.0,0.0,1.0
2005,19,19,19364,JAMBALÓ,30.0,0.0,0.0,0.0,0.0,0.0,1.0
2005,19,19,19397,LA VEGA,0.0,64.0,0.0,0.0,0.0,0.0,1.0
2005,19,19,19450,MERCADERES,26.0,0.0,0.0,0.0,0.0,0.0,1.0
2005,19,19,19455,MIRANDA,32.0,0.0,0.0,0.0,0.0,0.0,1.0
2005,19,19,19548,PIENDAMÓ - TUNÍA,59.0,0.0,0.0,0.0,0.0,0.0,1.0
2005,19,19,19573,PUERTO TEJADA,43.0,94.0,179.0,12.0,0.0,0.0,4.0
2005,19,19,19585,PURACÉ,32.0,0.0,0.0,0.0,0.0,0.0,1.0
2005,19,19,19698,SANTANDER DE QUILICHAO,114.0,49.0,0.0,0.0,0.0,0.0,1.0
2005,19,19,19698,SANTANDER DE QUILICHAO,88.0,172.0,312.0,0.0,0.0,0.0,3.0
2005,19,19,19743,SILVIA,36.0,0.0,0.0,0.0,0.0,0.0,1.0
2005,19,19,19821,TORIBÍO,0.0,0.0,115.0,0.0,0.0,0.0,1.0
2005,19,19,19845,VILLA RICA,94.0,0.0,0.0,0.0,0.0,0.0,1.0
2005,20,20,20001,VALLEDUPAR,329.0,117.0,0.0,0.0,0.0,0.0,1.0
2005,20,20,20001,VALLEDUPAR,0.0,277.0,11391.0,188.0,0.0,0.0,13.0
2005,20,20,20011,AGUACHICA,244.0,0.0,614.0,0.0,0.0,0.0,4.0
2005,20,20,20013,AGUSTÍN CODAZZI,21.0,0.0,0.0,0.0,0.0,0.0,1.0
2005,20,20,20250,EL PASO,85.0,0.0,0.0,0.0,0.0,0.0,1.0
2005,20,20,20400,LA JAGUA DE IBIRICO,77.0,0.0,0.0,0.0,0.0,0.0,1.0
2005,20,20,20710,SAN ALBERTO,83.0,0.0,0.0,0.0,0.0,0.0,1.0
2005,23,23,23001,MONTERÍA,914.0,536.0,13933.0,348.0,0.0,0.0,16.0
2005,23,23,23162,CERETÉ,56.0,75.0,0.0,0.0,0.0,0.0,2.0
2005,23,23,23168,CHIMÁ,0.0,50.0,0.0,0.0,0.0,0.0,1.0
2005,23,23,23182,CHINÚ,27.0,31.0,0.0,0.0,0.0,0.0,1.0
2005,23,23,23300,COTORRA,40.0,0.0,0.0,0.0,0.0,0.0,1.0
2005,23,23,23417,LORICA,101.0,32.0,0.0,0.0,0.0,0.0,1.0
2005,23,23,23417,LORICA,0.0,0.0,39.0,0.0,0.0,0.0,1.0
2005,23,23,23466,MONTELÍBANO,0.0,47.0,7.0,0.0,0.0,0.0,2.0
2005,23,23,23660,SAHAGÚN,0.0,32.0,89.0,0.0,0.0,0.0,2.0
2005,23,23,23670,SAN ANDRÉS DE SOTAVENTO,0.0,26.0,0.0,0.0,0.0,0.0,1.0
2005,23,23,23670,SAN ANDRÉS DE SOTAVENTO,0.0,0.0,1.0,0.0,0.0,0.0,1.0
2005,23,23,23672,SAN ANTERO,0.0,47.0,0.0,0.0,0.0,0.0,1.0
2005,25,25,25001,AGUA DE DIOS,0.0,497.0,838.0,0.0,0.0,0.0,1.0
2005,25,25,25019,ALBÁN,38.0,0.0,0.0,0.0,0.0,0.0,1.0
2005,25,25,25040,ANOLAIMA,40.0,0.0,0.0,0.0,0.0,0.0,1.0
2005,25,25,25099,BOJACÁ,0.0,0.0,1.0,0.0,0.0,0.0,1.0
2005,25,25,25123,CACHIPAY,24.0,0.0,0.0,0.0,0.0,0.0,1.0
2005,25,25,25126,CAJICÁ,0.0,0.0,2.0,0.0,0.0,0.0,1.0
2005,25,25,25148,CAPARRAPÍ,65.0,0.0,1.0,0.0,0.0,0.0,3.0
2005,25,25,25151,CÁQUEZA,56.0,0.0,0.0,0.0,0.0,0.0,1.0
2005,25,25,25168,CHAGUANÍ,29.0,0.0,0.0,0.0,0.0,0.0,1.0
2005,25,25,25175,CHÍA,219.0,819.0,6188.0,779.0,0.0,0.0,6.0
2005,25,25,25181,CHOACHÍ,97.0,0.0,0.0,0.0,0.0,0.0,2.0
2005,25,25,25183,CHOCONTÁ,0.0,0.0,77.0,0.0,0.0,0.0,1.0
2005,25,25,25200,COGUA,0.0,0.0,2.0,0.0,0.0,0.0,1.0
2005,25,25,25258,EL PEÑÓN,0.0,0.0,1.0,0.0,0.0,0.0,1.0
2005,25,25,25269,FACATATIVÁ,28.0,136.0,1232.0,0.0,0.0,0.0,5.0
2005,25,25,25279,FÓMEQUE,27.0,0.0,0.0,0.0,0.0,0.0,1.0
2005,25,25,25286,FUNZA,0.0,0.0,1.0,0.0,0.0,0.0,1.0
2005,25,25,25290,FUSAGASUGÁ,244.0,117.0,3472.0,0.0,0.0,0.0,4.0
2005,25,25,25297,GACHETÁ,39.0,0.0,0.0,0.0,0.0,0.0,1.0
2005,25,25,25307,GIRARDOT,395.0,174.0,2490.0,37.0,0.0,0.0,6.0
2005,25,25,25320,GUADUAS,68.0,0.0,2.0,0.0,0.0,0.0,2.0
2005,25,25,25322,GUASCA,55.0,0.0,0.0,0.0,0.0,0.0,2.0
2005,25,25,25326,GUATAVITA,0.0,0.0,2.0,0.0,0.0,0.0,1.0
2005,25,25,25377,LA CALERA,63.0,0.0,0.0,0.0,0.0,0.0,1.0
2005,25,25,25386,LA MESA,63.0,0.0,50.0,0.0,0.0,0.0,2.0
2005,25,25,25394,LA PALMA,33.0,0.0,0.0,0.0,0.0,0.0,1.0
2005,25,25,25402,LA VEGA,67.0,0.0,0.0,0.0,0.0,0.0,1.0
2005,25,25,25430,MADRID,123.0,376.0,1.0,0.0,0.0,0.0,4.0
2005,25,25,25438,MEDINA,31.0,0.0,0.0,0.0,0.0,0.0,1.0
2005,25,25,25473,MOSQUERA,779.0,563.0,1.0,0.0,0.0,0.0,2.0
2005,25,25,25486,NEMOCÓN,0.0,0.0,2.0,0.0,0.0,0.0,1.0
2005,25,25,25488,NILO,0.0,2665.0,1.0,0.0,0.0,0.0,2.0
2005,25,25,25491,NOCAIMA,21.0,0.0,3.0,0.0,0.0,0.0,2.0
2005,25,25,25513,PACHO,26.0,0.0,0.0,0.0,0.0,0.0,1.0
2005,25,25,25572,PUERTO SALGAR,58.0,0.0,1.0,0.0,0.0,0.0,2.0
2005,25,25,25596,QUIPILE,43.0,0.0,0.0,0.0,0.0,0.0,1.0
2005,25,25,25658,SAN FRANCISCO,27.0,0.0,0.0,0.0,0.0,0.0,1.0
2005,25,25,25662,SAN JUAN DE RIOSECO,29.0,40.0,0.0,0.0,0.0,0.0,1.0
2005,25,25,25718,SASAIMA,30.0,0.0,0.0,0.0,0.0,0.0,1.0
2005,25,25,25736,SESQUILÉ,0.0,0.0,1.0,0.0,0.0,0.0,1.0
2005,25,25,25743,SILVANIA,0.0,0.0,313.0,0.0,0.0,0.0,1.0
2005,25,25,25754,SOACHA,249.0,0.0,0.0,0.0,0.0,0.0,1.0
2005,25,25,25754,SOACHA,164.0,418.0,409.0,0.0,0.0,0.0,5.0
2005,25,25,25772,SUESCA,0.0,0.0,2.0,0.0,0.0,0.0,1.0
2005,25,25,25799,TENJO,0.0,0.0,1.0,0.0,0.0,0.0,1.0
2005,25,25,25817,TOCANCIPÁ,37.0,0.0,0.0,0.0,0.0,0.0,1.0
2005,25,25,25843,VILLA DE SAN DIEGO DE UBATÉ,67.0,0.0,705.0,19.0,0.0,0.0,3.0
2005,25,25,25851,ÚTICA,49.0,0.0,0.0,0.0,0.0,0.0,2.0
2005,25,25,25862,VERGARA,0.0,0.0,2.0,0.0,0.0,0.0,1.0
2005,25,25,25871,VILLAGÓMEZ,20.0,0.0,0.0,0.0,0.0,0.0,1.0
2005,25,25,25873,VILLAPINZÓN,49.0,0.0,0.0,0.0,0.0,0.0,1.0
2005,25,25,25875,VILLETA,149.0,58.0,0.0,0.0,0.0,0.0,1.0
2005,25,25,25885,YACOPÍ,30.0,0.0,0.0,0.0,0.0,0.0,1.0
2005,25,25,25899,ZIPAQUIRÁ,172.0,0.0,98.0,0.0,0.0,0.0,4.0
2005,27,27,27001,QUIBDÓ,494.0,81.0,0.0,0.0,0.0,0.0,1.0
2005,27,27,27001,QUIBDÓ,0.0,0.0,6982.0,72.0,0.0,0.0,3.0
2005,27,27,27361,ISTMINA,37.0,0.0,0.0,0.0,0.0,0.0,1.0
2005,27,27,27361,ISTMINA,0.0,0.0,33.0,0.0,0.0,0.0,1.0
2005,41,41,41001,NEIVA,1002.0,938.0,11942.0,568.0,22.0,0.0,18.0
2005,41,41,41078,BARAYA,104.0,0.0,0.0,0.0,0.0,0.0,1.0
2005,41,41,41132,CAMPOALEGRE,189.0,0.0,0.0,0.0,0.0,0.0,1.0
2005,41,41,41298,GARZÓN,245.0,73.0,72.0,0.0,0.0,0.0,3.0
2005,41,41,41306,GIGANTE,56.0,0.0,0.0,0.0,0.0,0.0,1.0
2005,41,41,41319,GUADALUPE,40.0,0.0,0.0,0.0,0.0,0.0,1.0
2005,41,41,41396,LA PLATA,187.0,0.0,30.0,0.0,0.0,0.0,2.0
2005,41,41,41551,PITALITO,97.0,0.0,13.0,0.0,0.0,0.0,2.0
2005,41,41,41676,SANTA MARÍA,65.0,0.0,0.0,0.0,0.0,0.0,1.0
2005,41,41,41797,TESALIA,17.0,0.0,0.0,0.0,0.0,0.0,1.0
2005,44,44,44001,RIOHACHA,260.0,0.0,0.0,0.0,0.0,0.0,1.0
2005,44,44,44001,RIOHACHA,0.0,369.0,4814.0,33.0,0.0,0.0,5.0
2005,44,44,44035,ALBANIA,226.0,0.0,0.0,0.0,0.0,0.0,1.0
2005,44,44,44279,FONSECA,39.0,0.0,0.0,0.0,0.0,0.0,1.0
2005,44,44,44279,FONSECA,0.0,0.0,153.0,0.0,0.0,0.0,1.0
2005,44,44,44430,MAICAO,0.0,0.0,480.0,0.0,0.0,0.0,1.0
2005,44,44,44650,SAN JUAN DEL CESAR,439.0,0.0,192.0,0.0,0.0,0.0,2.0
2005,44,44,44874,VILLANUEVA,0.0,0.0,204.0,0.0,0.0,0.0,1.0
2005,47,47,47001,SANTA MARTA,1600.0,958.0,10919.0,166.0,0.0,0.0,11.0
2005,47,47,47189,CIÉNAGA,435.0,108.0,308.0,0.0,0.0,0.0,4.0
2005,47,47,47288,FUNDACIÓN,97.0,0.0,0.0,0.0,0.0,0.0,1.0
2005,47,47,47288,FUNDACIÓN,0.0,0.0,60.0,0.0,0.0,0.0,1.0
2005,47,47,47980,ZONA BANANERA,83.0,0.0,0.0,0.0,0.0,0.0,1.0
2005,5,5,5001,MEDELLÍN,5106.0,29779.0,99902.0,5570.0,1301.0,119.0,44.0
2005,5,5,5030,AMAGÁ,88.0,0.0,0.0,0.0,0.0,0.0,1.0
2005,5,5,5031,AMALFI,31.0,0.0,0.0,0.0,0.0,0.0,1.0
2005,5,5,5034,ANDES,28.0,109.0,147.0,0.0,0.0,0.0,2.0
2005,5,5,5042,SANTA FÉ DE ANTIOQUIA,98.0,40.0,1.0,0.0,0.0,0.0,3.0
2005,5,5,5045,APARTADÓ,379.0,82.0,536.0,4.0,0.0,0.0,6.0
2005,5,5,5059,ARMENIA,40.0,0.0,0.0,0.0,0.0,0.0,1.0
2005,5,5,5088,BELLO,650.0,1036.0,421.0,10.0,0.0,0.0,3.0
2005,5,5,5101,CIUDAD BOLÍVAR,59.0,0.0,0.0,0.0,0.0,0.0,1.0
2005,5,5,5129,CALDAS,786.0,433.0,919.0,0.0,0.0,0.0,2.0
2005,5,5,5147,CAREPA,0.0,0.0,1.0,0.0,0.0,0.0,1.0
2005,5,5,5148,EL CARMEN DE VIBORAL,33.0,269.0,579.0,0.0,0.0,0.0,2.0
2005,5,5,5150,CAROLINA,0.0,10.0,0.0,0.0,0.0,0.0,1.0
2005,5,5,5154,CAUCASIA,252.0,149.0,393.0,0.0,0.0,0.0,3.0
2005,5,5,5172,CHIGORODÓ,108.0,0.0,0.0,16.0,0.0,0.0,2.0
2005,5,5,5190,CISNEROS,123.0,0.0,0.0,0.0,0.0,0.0,1.0
2005,5,5,5197,COCORNÁ,31.0,0.0,0.0,0.0,0.0,0.0,1.0
2005,5,5,5212,COPACABANA,0.0,33.0,0.0,0.0,0.0,0.0,1.0
2005,5,5,5237,DONMATÍAS,70.0,0.0,0.0,0.0,0.0,0.0,1.0
2005,5,5,5266,ENVIGADO,0.0,68.0,2297.0,0.0,0.0,0.0,1.0
2005,5,5,5313,GRANADA,22.0,0.0,1.0,0.0,0.0,0.0,2.0
2005,5,5,5318,GUARNE,32.0,29.0,0.0,0.0,0.0,0.0,1.0
2005,5,5,5321,GUATAPÉ,29.0,0.0,0.0,0.0,0.0,0.0,1.0
2005,5,5,5360,ITAGÜÍ,76.0,740.0,78.0,0.0,0.0,0.0,4.0
2005,5,5,5368,JERICÓ,0.0,38.0,0.0,0.0,0.0,0.0,1.0
2005,5,5,5376,LA CEJA,85.0,29.0,157.0,0.0,0.0,0.0,4.0
2005,5,5,5390,LA PINTADA,22.0,0.0,0.0,0.0,0.0,0.0,1.0
2005,5,5,5440,MARINILLA,0.0,0.0,38.0,0.0,0.0,0.0,1.0
2005,5,5,5541,PEÑOL,22.0,0.0,0.0,0.0,0.0,0.0,1.0
2005,5,5,5579,PUERTO BERRÍO,30.0,73.0,68.0,0.0,0.0,0.0,4.0
2005,5,5,5591,PUERTO TRIUNFO,9.0,0.0,0.0,0.0,0.0,0.0,1.0
2005,5,5,5615,RIONEGRO,435.0,506.0,2263.0,27.0,0.0,0.0,6.0
2005,5,5,5631,SABANETA,0.0,0.0,2327.0,0.0,79.0,0.0,4.0
2005,5,5,5664,SAN PEDRO DE LOS MILAGROS,45.0,40.0,0.0,0.0,0.0,0.0,1.0
2005,5,5,5665,SAN PEDRO DE URABÁ,35.0,0.0,0.0,0.0,0.0,0.0,1.0
2005,5,5,5667,SAN RAFAEL,0.0,34.0,0.0,0.0,0.0,0.0,1.0
2005,5,5,5679,SANTA BÁRBARA,16.0,0.0,0.0,0.0,0.0,0.0,1.0
2005,5,5,5686,SANTA ROSA DE OSOS,37.0,0.0,1393.0,24.0,0.0,0.0,3.0
2005,5,5,5789,TÁMESIS,47.0,0.0,0.0,0.0,0.0,0.0,1.0
2005,5,5,5837,TURBO,0.0,157.0,397.0,13.0,0.0,0.0,2.0
2005,5,5,5847,URRAO,40.0,0.0,0.0,0.0,0.0,0.0,1.0
2005,5,5,5858,VEGACHÍ,73.0,0.0,0.0,0.0,0.0,0.0,1.0
2005,5,5,5887,YARUMAL,27.0,0.0,25.0,0.0,0.0,0.0,3.0
2005,50,50,50001,VILLAVICENCIO,1106.0,960.0,9227.0,278.0,0.0,0.0,14.0
2005,50,50,50006,ACACÍAS,125.0,14.0,1.0,0.0,0.0,0.0,3.0
2005,50,50,50110,BARRANCA DE UPÍA,0.0,0.0,1.0,0.0,0.0,0.0,1.0
2005,50,50,50150,CASTILLA LA NUEVA,37.0,0.0,0.0,0.0,0.0,0.0,1.0
2005,50,50,50226,CUMARAL,66.0,0.0,0.0,0.0,0.0,0.0,1.0
2005,50,50,50245,EL CALVARIO,28.0,0.0,0.0,0.0,0.0,0.0,1.0
2005,50,50,50313,GRANADA,387.0,53.0,0.0,0.0,0.0,0.0,2.0
2005,50,50,50318,GUAMAL,28.0,0.0,0.0,0.0,0.0,0.0,1.0
2005,50,50,50573,PUERTO LÓPEZ,114.0,0.0,0.0,0.0,0.0,0.0,1.0
2005,50,50,50590,PUERTO RICO,14.0,0.0,0.0,0.0,0.0,0.0,1.0
2005,50,50,50689,SAN MARTÍN,38.0,0.0,0.0,0.0,0.0,0.0,1.0
2005,52,52,52001,PASTO,999.0,92.0,0.0,0.0,0.0,0.0,1.0
2005,52,52,52001,PASTO,0.0,2696.0,14091.0,522.0,0.0,10.0,13.0
2005,52,52,52079,BARBACOAS,24.0,0.0,0.0,0.0,0.0,0.0,1.0
2005,52,52,52215,CÓRDOBA,30.0,0.0,0.0,0.0,0.0,0.0,1.0
2005,52,52,52317,GUACHUCAL,26.0,0.0,0.0,0.0,0.0,0.0,1.0
2005,52,52,52356,IPIALES,320.0,32.0,54.0,0.0,0.0,0.0,5.0
2005,52,52,52378,LA CRUZ,31.0,0.0,0.0,0.0,0.0,0.0,1.0
2005,52,52,52381,LA FLORIDA,25.0,0.0,0.0,0.0,0.0,0.0,1.0
2005,52,52,52399,LA UNIÓN,0.0,0.0,1.0,0.0,0.0,0.0,1.0
2005,52,52,52490,OLAYA HERRERA,25.0,0.0,0.0,0.0,0.0,0.0,1.0
2005,52,52,52720,SAPUYES,50.0,0.0,0.0,0.0,0.0,0.0,1.0
2005,52,52,52835,SAN ANDRÉS DE TUMACO,251.0,0.0,2.0,0.0,0.0,0.0,2.0
2005,52,52,52838,TÚQUERRES,86.0,0.0,0.0,0.0,0.0,0.0,1.0
2005,54,54,54001,SAN JOSÉ DE CÚCUTA,614.0,214.0,0.0,0.0,0.0,0.0,1.0
2005,54,54,54001,SAN JOSÉ DE CÚCUTA,303.0,1975.0,15452.0,1008.0,0.0,0.0,16.0
2005,54,54,54003,ÁBREGO,0.0,38.0,0.0,0.0,0.0,0.0,1.0
2005,54,54,54099,BOCHALEMA,29.0,0.0,0.0,0.0,0.0,0.0,1.0
2005,54,54,54128,CÁCHIRA,31.0,0.0,0.0,0.0,0.0,0.0,1.0
2005,54,54,54172,CHINÁCOTA,0.0,30.0,58.0,0.0,0.0,0.0,2.0
2005,54,54,54480,MUTISCUA,30.0,0.0,0.0,0.0,0.0,0.0,1.0
2005,54,54,54498,OCAÑA,45.0,714.0,1346.0,93.0,0.0,0.0,3.0
2005,54,54,54518,PAMPLONA,73.0,788.0,15637.0,990.0,82.0,0.0,3.0
2005,54,54,54673,SAN CAYETANO,23.0,0.0,0.0,0.0,0.0,0.0,1.0
2005,54,54,54720,SARDINATA,25.0,0.0,0.0,0.0,0.0,0.0,1.0
2005,54,54,54743,SILOS,23.0,0.0,0.0,0.0,0.0,0.0,1.0
2005,54,54,54810,TIBÚ,0.0,0.0,8.0,0.0,0.0,0.0,1.0
2005,54,54,54820,TOLEDO,35.0,0.0,0.0,0.0,0.0,0.0,1.0
2005,54,54,54874,VILLA DEL ROSARIO,0.0,0.0,719.0,0.0,0.0,0.0,1.0
2005,63,63,63001,ARMENIA,1751.0,1650.0,8976.0,105.0,19.0,0.0,11.0
2005,63,63,63111,BUENAVISTA,32.0,0.0,0.0,0.0,0.0,0.0,1.0
2005,63,63,63130,CALARCÁ,88.0,0.0,0.0,46.0,0.0,0.0,2.0
2005,63,63,63190,CIRCASIA,54.0,0.0,38.0,0.0,0.0,0.0,2.0
2005,63,63,63212,CÓRDOBA,37.0,0.0,0.0,0.0,0.0,0.0,1.0
2005,63,63,63272,FILANDIA,64.0,0.0,0.0,0.0,0.0,0.0,1.0
2005,63,63,63302,GÉNOVA,29.0,0.0,0.0,0.0,0.0,0.0,1.0
2005,63,63,63401,LA TEBAIDA,20.0,0.0,0.0,0.0,0.0,0.0,1.0
2005,63,63,63470,MONTENEGRO,0.0,31.0,0.0,0.0,0.0,0.0,1.0
2005,63,63,63594,QUIMBAYA,76.0,0.0,0.0,0.0,0.0,0.0,1.0
2005,63,63,63690,SALENTO,25.0,0.0,0.0,0.0,0.0,0.0,1.0
2005,66,66,66001,PEREIRA,2107.0,2891.0,15415.0,463.0,350.0,0.0,16.0
2005,66,66,66045,APÍA,16.0,85.0,0.0,0.0,0.0,0.0,2.0
2005,66,66,66075,BALBOA,21.0,0.0,0.0,0.0,0.0,0.0,1.0
2005,66,66,66088,BELÉN DE UMBRÍA,78.0,0.0,0.0,0.0,0.0,0.0,1.0
2005,66,66,66170,DOSQUEBRADAS,895.0,517.0,141.0,0.0,0.0,0.0,3.0
2005,66,66,66383,LA CELIA,34.0,0.0,0.0,0.0,0.0,0.0,1.0
2005,66,66,66440,MARSELLA,32.0,22.0,0.0,0.0,0.0,0.0,2.0
2005,66,66,66456,MISTRATÓ,34.0,0.0,0.0,0.0,0.0,0.0,1.0
2005,66,66,66594,QUINCHÍA,58.0,0.0,0.0,0.0,0.0,0.0,1.0
2005,66,66,66682,SANTA ROSA DE CABAL,90.0,196.0,535.0,26.0,0.0,0.0,3.0
2005,66,66,66687,SANTUARIO,20.0,33.0,0.0,0.0,0.0,0.0,2.0
2005,68,68,68001,BUCARAMANGA,3015.0,15573.0,38067.0,1918.0,329.0,42.0,23.0
2005,68,68,68077,BARBOSA,73.0,0.0,0.0,0.0,0.0,0.0,1.0
2005,68,68,68081,BARRANCABERMEJA,639.0,678.0,1922.0,23.0,0.0,0.0,6.0
2005,68,68,68152,CARCASÍ,31.0,0.0,0.0,0.0,0.0,0.0,1.0
2005,68,68,68190,CIMITARRA,51.0,0.0,1.0,0.0,0.0,0.0,2.0
2005,68,68,68207,CONCEPCIÓN,42.0,0.0,0.0,0.0,0.0,0.0,1.0
2005,68,68,68255,EL PLAYÓN,90.0,0.0,0.0,0.0,0.0,0.0,1.0
2005,68,68,68276,FLORIDABLANCA,545.0,20.0,2.0,0.0,0.0,0.0,2.0
2005,68,68,68307,GIRÓN,487.0,310.0,0.0,0.0,0.0,0.0,1.0
2005,68,68,68377,LA BELLEZA,42.0,0.0,0.0,0.0,0.0,0.0,1.0
2005,68,68,68432,MÁLAGA,133.0,9.0,97.0,0.0,0.0,0.0,2.0
2005,68,68,68547,PIEDECUESTA,288.0,94.0,1.0,0.0,0.0,0.0,2.0
2005,68,68,68615,RIONEGRO,33.0,0.0,0.0,0.0,0.0,0.0,1.0
2005,68,68,68669,SAN ANDRÉS,17.0,0.0,0.0,0.0,0.0,0.0,1.0
2005,68,68,68679,SAN GIL,149.0,90.0,1127.0,35.0,0.0,0.0,5.0
2005,68,68,68689,SAN VICENTE DE CHUCURÍ,0.0,83.0,0.0,0.0,0.0,0.0,1.0
2005,68,68,68755,SOCORRO,0.0,67.0,1019.0,0.0,0.0,0.0,1.0
2005,68,68,68820,TONA,19.0,0.0,0.0,0.0,0.0,0.0,1.0
2005,68,68,68861,VÉLEZ,105.0,0.0,22.0,0.0,0.0,0.0,2.0
2005,68,68,68895,ZAPATOCA,63.0,0.0,0.0,0.0,0.0,0.0,2.0
2005,70,70,70001,SINCELEJO,779.0,237.0,7306.0,91.0,0.0,0.0,9.0
2005,70,70,70820,SANTIAGO DE TOLÚ,0.0,284.0,0.0,0.0,0.0,0.0,1.0
2005,73,73,73001,IBAGUÉ,1826.0,8994.0,17180.0,520.0,35.0,17.0,15.0
2005,73,73,73124,CAJAMARCA,33.0,24.0,0.0,0.0,0.0,0.0,1.0
2005,73,73,73148,CARMEN DE APICALÁ,62.0,0.0,0.0,0.0,0.0,0.0,1.0
2005,73,73,73168,CHAPARRAL,0.0,79.0,0.0,0.0,0.0,0.0,1.0
2005,73,73,73236,DOLORES,0.0,37.0,0.0,0.0,0.0,0.0,1.0
2005,73,73,73268,ESPINAL,1587.0,163.0,570.0,33.0,0.0,0.0,7.0
2005,73,73,73283,FRESNO,0.0,29.0,0.0,0.0,0.0,0.0,1.0
2005,73,73,73349,HONDA,38.0,270.0,25.0,0.0,0.0,0.0,4.0
2005,73,73,73408,LÉRIDA,0.0,120.0,0.0,0.0,0.0,0.0,2.0
2005,73,73,73411,LÍBANO,107.0,62.0,0.0,0.0,0.0,0.0,2.0
2005,73,73,73443,SAN SEBASTIÁN DE MARIQUITA,0.0,32.0,0.0,0.0,0.0,0.0,1.0
2005,73,73,73449,MELGAR,25.0,68.0,2.0,0.0,0.0,0.0,2.0
2005,73,73,73483,NATAGAIMA,0.0,26.0,0.0,0.0,0.0,0.0,1.0
2005,73,73,73504,ORTEGA,0.0,25.0,0.0,0.0,0.0,0.0,1.0
2005,73,73,73563,PRADO,56.0,0.0,0.0,0.0,0.0,0.0,1.0
2005,73,73,73585,PURIFICACIÓN,0.0,54.0,1.0,0.0,0.0,0.0,2.0
2005,73,73,73624,ROVIRA,0.0,33.0,0.0,0.0,0.0,0.0,1.0
2005,76,76,76001,CALI,4647.0,11209.0,58280.0,2705.0,1370.0,139.0,37.0
2005,76,76,76100,BOLÍVAR,0.0,31.0,0.0,0.0,0.0,0.0,1.0
2005,76,76,76109,BUENAVENTURA,273.0,575.0,1889.0,0.0,0.0,0.0,7.0
2005,76,76,76111,GUADALAJARA DE BUGA,1010.0,411.0,1291.0,0.0,0.0,0.0,5.0
2005,76,76,76122,CAICEDONIA,140.0,0.0,36.0,0.0,0.0,0.0,2.0
2005,76,76,76130,CANDELARIA,29.0,0.0,0.0,0.0,0.0,0.0,1.0
2005,76,76,76147,CARTAGO,179.0,638.0,369.0,14.0,0.0,0.0,4.0
2005,76,76,76275,FLORIDA,0.0,0.0,68.0,0.0,0.0,0.0,1.0
2005,76,76,76318,GUACARÍ,47.0,0.0,0.0,0.0,0.0,0.0,1.0
2005,76,76,76364,JAMUNDÍ,60.0,0.0,0.0,0.0,0.0,0.0,1.0
2005,76,76,76520,PALMIRA,375.0,658.0,4559.0,7.0,109.0,25.0,7.0
2005,76,76,76606,RESTREPO,0.0,0.0,140.0,0.0,0.0,0.0,1.0
2005,76,76,76616,RIOFRÍO,0.0,26.0,0.0,0.0,0.0,0.0,1.0
2005,76,76,76622,ROLDANILLO,663.0,0.0,90.0,0.0,0.0,0.0,3.0
2005,76,76,76823,TORO,0.0,35.0,0.0,0.0,0.0,0.0,1.0
2005,76,76,76834,TULUÁ,49.0,584.0,3376.0,0.0,0.0,0.0,5.0
2005,76,76,76892,YUMBO,0.0,365.0,0.0,0.0,0.0,0.0,1.0
2005,76,76,76895,ZARZAL,0.0,111.0,444.0,0.0,0.0,0.0,1.0
2005,8,8,8001,BARRANQUILLA,8563.0,4595.0,52488.0,2272.0,251.0,0.0,26.0
2005,8,8,8296,GALAPA,81.0,0.0,0.0,0.0,0.0,0.0,1.0
2005,8,8,8520,PALMAR DE VARELA,520.0,0.0,0.0,0.0,0.0,0.0,1.0
2005,8,8,8573,PUERTO COLOMBIA,96.0,0.0,4951.0,139.0,0.0,0.0,3.0
2005,8,8,8638,SABANALARGA,27.0,0.0,0.0,0.0,0.0,0.0,1.0
2005,8,8,8758,SOLEDAD,147.0,1294.0,0.0,0.0,0.0,0.0,2.0
2005,81,81,81001,ARAUCA,280.0,0.0,271.0,0.0,0.0,0.0,4.0
2005,81,81,81065,ARAUQUITA,65.0,0.0,0.0,0.0,0.0,0.0,1.0
2005,81,81,81736,SARAVENA,35.0,0.0,0.0,0.0,0.0,0.0,1.0
2005,81,81,81794,TAME,62.0,0.0,0.0,0.0,0.0,0.0,1.0
2005,81,81,81794,TAME,0.0,20.0,0.0,0.0,0.0,0.0,1.0
2005,85,85,85001,YOPAL,762.0,277.0,1280.0,47.0,0.0,0.0,11.0
2005,85,85,85010,AGUAZUL,0.0,0.0,1.0,0.0,0.0,0.0,1.0
2005,85,85,85410,TAURAMENA,16.0,0.0,1.0,0.0,0.0,0.0,2.0
2005,86,86,86001,MOCOA,76.0,0.0,0.0,0.0,0.0,0.0,1.0
2005,86,86,86001,MOCOA,0.0,380.0,227.0,0.0,0.0,0.0,3.0
2005,86,86,86320,ORITO,40.0,0.0,0.0,0.0,0.0,0.0,1.0
2005,86,86,86568,PUERTO ASÍS,120.0,0.0,0.0,0.0,0.0,0.0,1.0
2005,86,86,86568,PUERTO ASÍS,0.0,107.0,147.0,10.0,0.0,0.0,5.0
2005,86,86,86573,PUERTO LEGUÍZAMO,0.0,0.0,1.0,0.0,0.0,0.0,1.0
2005,86,86,86749,SIBUNDOY,0.0,119.0,0.0,0.0,0.0,0.0,1.0
2005,86,86,86865,VALLE DEL GUAMUEZ,77.0,0.0,0.0,0.0,0.0,0.0,1.0
2005,86,86,86885,VILLAGARZÓN,0.0,0.0,14.0,0.0,0.0,0.0,1.0
2005,88,88,88001,SAN ANDRÉS,422.0,0.0,2.0,14.0,10.0,0.0,4.0
2005,88,88,88564,PROVIDENCIA,29.0,0.0,0.0,0.0,0.0,0.0,1.0
2005,91,91,91001,LETICIA,113.0,0.0,209.0,2.0,39.0,0.0,5.0
2005,94,94,94001,INÍRIDA,117.0,38.0,2.0,0.0,0.0,0.0,3.0
2005,95,95,95001,SAN JOSÉ DEL GUAVIARE,182.0,37.0,69.0,0.0,0.0,0.0,2.0
2005,95,95,95025,EL RETORNO,53.0,0.0,0.0,0.0,0.0,0.0,1.0
2005,97,97,97001,MITÚ,78.0,0.0,0.0,0.0,0.0,0.0,1.0
2005,99,99,99001,PUERTO CARREÑO,0.0,9.0,104.0,0.0,0.0,0.0,1.0
2005,99,99,99773,CUMARIBO,53.0,0.0,0.0,0.0,0.0,0.0,1.0
2006,11,11,11001,BOGOTÁ D.C.,67084.0,50468.0,306747.0,23660.0,7451.0,545.0,112.0
2006,13,13,13001,CARTAGENA DE INDIAS,4520.0,4770.0,25714.0,1242.0,37.0,0.0,30.0
2006,13,13,13042,ARENAL,35.0,0.0,0.0,0.0,0.0,0.0,1.0
2006,13,13,13052,ARJONA,36.0,0.0,0.0,0.0,0.0,0.0,1.0
2006,13,13,13062,ARROYOHONDO,34.0,0.0,0.0,0.0,0.0,0.0,1.0
2006,13,13,13074,BARRANCO DE LOBA,40.0,0.0,0.0,0.0,0.0,0.0,1.0
2006,13,13,13222,CLEMENCIA,19.0,0.0,0.0,0.0,0.0,0.0,1.0
2006,13,13,13244,EL CARMEN DE BOLÍVAR,85.0,0.0,0.0,0.0,0.0,0.0,1.0
2006,13,13,13430,MAGANGUÉ,58.0,31.0,63.0,0.0,0.0,0.0,3.0
2006,13,13,13442,MARÍA LA BAJA,41.0,0.0,0.0,0.0,0.0,0.0,1.0
2006,13,13,13468,SANTA CRUZ DE MOMPOX,136.0,0.0,62.0,0.0,0.0,0.0,2.0
2006,13,13,13473,MORALES,33.0,0.0,0.0,0.0,0.0,0.0,1.0
2006,13,13,13549,PINILLOS,47.0,0.0,0.0,0.0,0.0,0.0,1.0
2006,13,13,13650,SAN FERNANDO,43.0,0.0,0.0,0.0,0.0,0.0,1.0
2006,13,13,13654,SAN JACINTO,42.0,32.0,0.0,0.0,0.0,0.0,1.0
2006,13,13,13657,SAN JUAN NEPOMUCENO,65.0,0.0,0.0,0.0,0.0,0.0,1.0
2006,13,13,13670,SAN PABLO,45.0,0.0,0.0,0.0,0.0,0.0,1.0
2006,13,13,13670,SAN PABLO,0.0,0.0,17.0,0.0,0.0,0.0,1.0
2006,13,13,13683,SANTA ROSA,37.0,0.0,2.0,0.0,0.0,0.0,2.0
2006,13,13,13688,SANTA ROSA DEL SUR,85.0,46.0,7.0,0.0,0.0,0.0,2.0
2006,13,13,13744,SIMITÍ,0.0,270.0,0.0,0.0,0.0,0.0,1.0
2006,13,13,13810,TIQUISIO,32.0,0.0,0.0,0.0,0.0,0.0,1.0
2006,13,13,13836,TURBACO,70.0,0.0,0.0,0.0,0.0,0.0,1.0
2006,13,13,13838,TURBANÁ,70.0,0.0,0.0,0.0,0.0,0.0,1.0
2006,13,13,13873,VILLANUEVA,30.0,0.0,0.0,0.0,0.0,0.0,1.0
2006,13,13,13894,ZAMBRANO,35.0,0.0,0.0,0.0,0.0,0.0,1.0
2006,15,15,15001,TUNJA,497.0,1814.0,19219.0,379.0,201.0,24.0,9.0
2006,15,15,15097,BOAVITA,1.0,1.0,0.0,0.0,0.0,0.0,1.0
2006,15,15,15176,CHIQUINQUIRÁ,75.0,73.0,789.0,0.0,0.0,0.0,3.0
2006,15,15,15187,CHIVATÁ,34.0,0.0,0.0,0.0,0.0,0.0,1.0
2006,15,15,15204,CÓMBITA,34.0,0.0,0.0,0.0,0.0,0.0,1.0
2006,15,15,15238,DUITAMA,91.0,83.0,3231.0,37.0,0.0,0.0,5.0
2006,15,15,15272,FIRAVITOBA,38.0,0.0,0.0,0.0,0.0,0.0,1.0
2006,15,15,15276,FLORESTA,1.0,1.0,0.0,0.0,0.0,0.0,1.0
2006,15,15,15299,GARAGOA,102.0,1.0,0.0,0.0,0.0,0.0,1.0
2006,15,15,15322,GUATEQUE,37.0,0.0,0.0,0.0,0.0,0.0,1.0
2006,15,15,15332,GÜICÁN DE LA SIERRA,39.0,0.0,0.0,0.0,0.0,0.0,1.0
2006,15,15,15407,VILLA DE LEYVA,2.0,0.0,0.0,0.0,0.0,0.0,1.0
2006,15,15,15469,MONIQUIRÁ,21.0,0.0,133.0,0.0,0.0,0.0,2.0
2006,15,15,15491,NOBSA,34.0,0.0,0.0,0.0,0.0,0.0,1.0
2006,15,15,15494,NUEVO COLÓN,37.0,0.0,0.0,0.0,0.0,0.0,1.0
2006,15,15,15507,OTANCHE,64.0,0.0,0.0,0.0,0.0,0.0,1.0
2006,15,15,15516,PAIPA,39.0,0.0,0.0,0.0,0.0,0.0,1.0
2006,15,15,15518,PAJARITO,27.0,0.0,0.0,0.0,0.0,0.0,1.0
2006,15,15,15522,PANQUEBA,1.0,1.0,0.0,0.0,0.0,0.0,1.0
2006,15,15,15537,PAZ DE RÍO,1.0,1.0,0.0,0.0,0.0,0.0,1.0
2006,15,15,15572,PUERTO BOYACÁ,109.0,71.0,33.0,0.0,0.0,0.0,3.0
2006,15,15,15599,RAMIRIQUÍ,0.0,12.0,0.0,0.0,0.0,0.0,1.0
2006,15,15,15646,SAMACÁ,15.0,0.0,0.0,0.0,0.0,0.0,1.0
2006,15,15,15681,SAN PABLO DE BORBUR,19.0,0.0,0.0,0.0,0.0,0.0,1.0
2006,15,15,15686,SANTANA,20.0,0.0,0.0,0.0,0.0,0.0,1.0
2006,15,15,15690,SANTA MARÍA,29.0,0.0,0.0,0.0,0.0,0.0,1.0
2006,15,15,15753,SOATÁ,159.0,0.0,0.0,0.0,0.0,0.0,1.0
2006,15,15,15757,SOCHA,76.0,0.0,0.0,0.0,0.0,0.0,1.0
2006,15,15,15759,SOGAMOSO,926.0,559.0,2705.0,90.0,0.0,0.0,3.0
2006,15,15,15778,SUTATENZA,0.0,0.0,26.0,0.0,0.0,0.0,1.0
2006,15,15,15790,TASCO,30.0,0.0,0.0,0.0,0.0,0.0,1.0
2006,15,15,15806,TIBASOSA,2.0,0.0,0.0,0.0,0.0,0.0,1.0
2006,15,15,15835,TURMEQUÉ,22.0,1.0,0.0,0.0,0.0,0.0,1.0
2006,17,17,17001,MANIZALES,989.0,3465.0,20442.0,1414.0,485.0,121.0,9.0
2006,17,17,17042,ANSERMA,119.0,0.0,0.0,0.0,0.0,0.0,1.0
2006,17,17,17174,CHINCHINÁ,62.0,0.0,0.0,0.0,0.0,0.0,1.0
2006,17,17,17380,LA DORADA,239.0,196.0,0.0,0.0,0.0,0.0,3.0
2006,17,17,17433,MANZANARES,63.0,0.0,0.0,0.0,0.0,0.0,1.0
2006,17,17,17442,MARMATO,111.0,0.0,0.0,0.0,0.0,0.0,1.0
2006,17,17,17486,NEIRA,44.0,0.0,0.0,0.0,0.0,0.0,1.0
2006,17,17,17513,PÁCORA,23.0,0.0,0.0,0.0,0.0,0.0,1.0
2006,17,17,17541,PENSILVANIA,337.0,0.0,0.0,0.0,0.0,0.0,1.0
2006,17,17,17614,RIOSUCIO,48.0,0.0,0.0,0.0,0.0,0.0,1.0
2006,17,17,17653,SALAMINA,0.0,27.0,0.0,0.0,0.0,0.0,1.0
2006,17,17,17662,SAMANÁ,28.0,0.0,0.0,0.0,0.0,0.0,1.0
2006,17,17,17873,VILLAMARÍA,0.0,0.0,157.0,0.0,0.0,0.0,2.0
2006,17,17,17877,VITERBO,45.0,0.0,0.0,0.0,0.0,0.0,1.0
2006,18,18,18001,FLORENCIA,569.0,63.0,5153.0,46.0,0.0,0.0,6.0
2006,18,18,18029,ALBANIA,37.0,0.0,7.0,0.0,0.0,0.0,2.0
2006,18,18,18094,BELÉN DE LOS ANDAQUÍES,22.0,0.0,0.0,0.0,0.0,0.0,1.0
2006,18,18,18247,EL DONCELLO,256.0,0.0,27.0,0.0,0.0,0.0,3.0
2006,18,18,18592,PUERTO RICO,56.0,0.0,0.0,0.0,0.0,0.0,1.0
2006,18,18,18753,SAN VICENTE DEL CAGUÁN,60.0,0.0,26.0,0.0,0.0,0.0,3.0
2006,19,19,19001,POPAYÁN,1001.0,1826.0,14994.0,330.0,124.0,12.0,13.0
2006,19,19,19050,ARGELIA,25.0,0.0,0.0,0.0,0.0,0.0,1.0
2006,19,19,19075,BALBOA,50.0,0.0,0.0,0.0,0.0,0.0,1.0
2006,19,19,19110,BUENOS AIRES,29.0,0.0,0.0,0.0,0.0,0.0,1.0
2006,19,19,19142,CALOTO,60.0,38.0,0.0,0.0,0.0,0.0,1.0
2006,19,19,19212,CORINTO,67.0,0.0,0.0,0.0,0.0,0.0,1.0
2006,19,19,19256,EL TAMBO,27.0,0.0,0.0,0.0,0.0,0.0,1.0
2006,19,19,19290,FLORENCIA,47.0,0.0,0.0,0.0,0.0,0.0,1.0
2006,19,19,19318,GUAPI,24.0,65.0,0.0,0.0,0.0,0.0,2.0
2006,19,19,19355,INZÁ,62.0,0.0,0.0,0.0,0.0,0.0,1.0
2006,19,19,19364,JAMBALÓ,30.0,0.0,0.0,0.0,0.0,0.0,1.0
2006,19,19,19397,LA VEGA,0.0,64.0,0.0,0.0,0.0,0.0,1.0
2006,19,19,19450,MERCADERES,82.0,0.0,0.0,0.0,0.0,0.0,1.0
2006,19,19,19455,MIRANDA,56.0,0.0,0.0,0.0,0.0,0.0,1.0
2006,19,19,19473,MORALES,28.0,0.0,0.0,0.0,0.0,0.0,1.0
2006,19,19,19532,PATÍA,36.0,0.0,0.0,0.0,0.0,0.0,1.0
2006,19,19,19548,PIENDAMÓ - TUNÍA,70.0,0.0,0.0,0.0,0.0,0.0,1.0
2006,19,19,19573,PUERTO TEJADA,127.0,128.0,160.0,0.0,0.0,0.0,4.0
2006,19,19,19585,PURACÉ,34.0,0.0,0.0,0.0,0.0,0.0,1.0
2006,19,19,19693,SAN SEBASTIÁN,0.0,36.0,0.0,0.0,0.0,0.0,1.0
2006,19,19,19698,SANTANDER DE QUILICHAO,280.0,171.0,0.0,0.0,0.0,0.0,1.0
2006,19,19,19698,SANTANDER DE QUILICHAO,61.0,236.0,373.0,0.0,0.0,0.0,4.0
2006,19,19,19780,SUÁREZ,38.0,0.0,0.0,0.0,0.0,0.0,1.0
2006,19,19,19785,SUCRE,34.0,0.0,0.0,0.0,0.0,0.0,1.0
2006,19,19,19807,TIMBÍO,146.0,0.0,0.0,0.0,0.0,0.0,1.0
2006,19,19,19821,TORIBÍO,0.0,0.0,218.0,0.0,0.0,0.0,1.0
2006,19,19,19845,VILLA RICA,151.0,0.0,0.0,0.0,0.0,0.0,1.0
2006,20,20,20001,VALLEDUPAR,826.0,292.0,0.0,0.0,0.0,0.0,1.0
2006,20,20,20001,VALLEDUPAR,0.0,57.0,11879.0,283.0,0.0,0.0,11.0
2006,20,20,20011,AGUACHICA,319.0,118.0,707.0,0.0,0.0,0.0,3.0
2006,20,20,20013,AGUSTÍN CODAZZI,183.0,0.0,0.0,0.0,0.0,0.0,1.0
2006,20,20,20228,CURUMANÍ,0.0,32.0,0.0,0.0,0.0,0.0,1.0
2006,20,20,20250,EL PASO,51.0,28.0,0.0,0.0,0.0,0.0,1.0
2006,20,20,20400,LA JAGUA DE IBIRICO,320.0,0.0,0.0,0.0,0.0,0.0,1.0
2006,20,20,20621,LA PAZ,0.0,19.0,0.0,0.0,0.0,0.0,1.0
2006,20,20,20710,SAN ALBERTO,33.0,0.0,3.0,0.0,0.0,0.0,2.0
2006,23,23,23001,MONTERÍA,1444.0,695.0,15721.0,1154.0,0.0,0.0,12.0
2006,23,23,23162,CERETÉ,25.0,95.0,0.0,0.0,0.0,0.0,2.0
2006,23,23,23168,CHIMÁ,0.0,50.0,0.0,0.0,0.0,0.0,1.0
2006,23,23,23182,CHINÚ,177.0,31.0,0.0,0.0,0.0,0.0,1.0
2006,23,23,23300,COTORRA,40.0,0.0,0.0,0.0,0.0,0.0,1.0
2006,23,23,23417,LORICA,82.0,54.0,0.0,0.0,0.0,0.0,1.0
2006,23,23,23417,LORICA,0.0,0.0,1.0,0.0,0.0,0.0,1.0
2006,23,23,23466,MONTELÍBANO,169.0,47.0,0.0,0.0,0.0,0.0,1.0
2006,23,23,23555,PLANETA RICA,36.0,45.0,0.0,0.0,0.0,0.0,1.0
2006,23,23,23570,PUEBLO NUEVO,105.0,0.0,0.0,0.0,0.0,0.0,1.0
2006,23,23,23580,PUERTO LIBERTADOR,35.0,0.0,0.0,0.0,0.0,0.0,1.0
2006,23,23,23660,SAHAGÚN,274.0,117.0,59.0,0.0,0.0,0.0,2.0
2006,23,23,23670,SAN ANDRÉS DE SOTAVENTO,0.0,26.0,0.0,0.0,0.0,0.0,1.0
2006,23,23,23672,SAN ANTERO,0.0,47.0,0.0,0.0,0.0,0.0,1.0
2006,23,23,23807,TIERRALTA,67.0,0.0,0.0,0.0,0.0,0.0,1.0
2006,25,25,25001,AGUA DE DIOS,41.0,41.0,0.0,0.0,0.0,0.0,1.0
2006,25,25,25040,ANOLAIMA,2.0,0.0,0.0,0.0,0.0,0.0,1.0
2006,25,25,25099,BOJACÁ,73.0,0.0,0.0,0.0,0.0,0.0,1.0
2006,25,25,25126,CAJICÁ,82.0,0.0,0.0,0.0,0.0,0.0,1.0
2006,25,25,25148,CAPARRAPÍ,6.0,0.0,0.0,0.0,0.0,0.0,1.0
2006,25,25,25151,CÁQUEZA,56.0,0.0,0.0,0.0,0.0,0.0,1.0
2006,25,25,25175,CHÍA,286.0,782.0,6016.0,898.0,168.0,0.0,5.0
2006,25,25,25181,CHOACHÍ,147.0,0.0,0.0,0.0,0.0,0.0,2.0
2006,25,25,25183,CHOCONTÁ,0.0,0.0,65.0,0.0,0.0,0.0,1.0
2006,25,25,25214,COTA,62.0,0.0,0.0,0.0,0.0,0.0,1.0
2006,25,25,25245,EL COLEGIO,80.0,0.0,0.0,0.0,0.0,0.0,2.0
2006,25,25,25260,EL ROSAL,120.0,0.0,0.0,0.0,0.0,0.0,1.0
2006,25,25,25269,FACATATIVÁ,367.0,159.0,1069.0,34.0,0.0,0.0,3.0
2006,25,25,25279,FÓMEQUE,7.0,0.0,0.0,0.0,0.0,0.0,1.0
2006,25,25,25290,FUSAGASUGÁ,439.0,179.0,3794.0,0.0,0.0,0.0,4.0
2006,25,25,25297,GACHETÁ,39.0,0.0,0.0,0.0,0.0,0.0,1.0
2006,25,25,25307,GIRARDOT,874.0,258.0,2492.0,37.0,0.0,0.0,5.0
2006,25,25,25320,GUADUAS,99.0,0.0,0.0,0.0,0.0,0.0,1.0
2006,25,25,25322,GUASCA,42.0,0.0,0.0,0.0,0.0,0.0,1.0
2006,25,25,25328,GUAYABAL DE SÍQUIMA,33.0,0.0,0.0,0.0,0.0,0.0,1.0
2006,25,25,25335,GUAYABETAL,0.0,28.0,0.0,0.0,0.0,0.0,1.0
2006,25,25,25377,LA CALERA,152.0,0.0,0.0,0.0,0.0,0.0,1.0
2006,25,25,25386,LA MESA,55.0,0.0,48.0,0.0,0.0,0.0,2.0
2006,25,25,25394,LA PALMA,34.0,0.0,0.0,0.0,0.0,0.0,1.0
2006,25,25,25402,LA VEGA,110.0,0.0,0.0,0.0,0.0,0.0,1.0
2006,25,25,25430,MADRID,209.0,387.0,0.0,0.0,0.0,0.0,4.0
2006,25,25,25473,MOSQUERA,918.0,495.0,0.0,0.0,0.0,0.0,1.0
2006,25,25,25488,NILO,0.0,2986.0,0.0,0.0,0.0,0.0,1.0
2006,25,25,25513,PACHO,160.0,71.0,0.0,0.0,0.0,0.0,1.0
2006,25,25,25572,PUERTO SALGAR,100.0,22.0,0.0,0.0,0.0,0.0,1.0
2006,25,25,25718,SASAIMA,30.0,0.0,0.0,0.0,0.0,0.0,1.0
2006,25,25,25740,SIBATÉ,62.0,0.0,0.0,0.0,0.0,0.0,1.0
2006,25,25,25743,SILVANIA,0.0,23.0,337.0,0.0,0.0,0.0,2.0
2006,25,25,25754,SOACHA,407.0,35.0,0.0,0.0,0.0,0.0,1.0
2006,25,25,25754,SOACHA,240.0,561.0,512.0,0.0,0.0,0.0,5.0
2006,25,25,25769,SUBACHOQUE,226.0,0.0,0.0,0.0,0.0,0.0,1.0
2006,25,25,25772,SUESCA,35.0,0.0,0.0,0.0,0.0,0.0,1.0
2006,25,25,25777,SUPATÁ,51.0,0.0,0.0,0.0,0.0,0.0,1.0
2006,25,25,25785,TABIO,60.0,0.0,0.0,0.0,0.0,0.0,1.0
2006,25,25,25805,TIBACUY,20.0,0.0,0.0,0.0,0.0,0.0,1.0
2006,25,25,25817,TOCANCIPÁ,135.0,0.0,0.0,0.0,0.0,0.0,1.0
2006,25,25,25843,VILLA DE SAN DIEGO DE UBATÉ,101.0,0.0,678.0,0.0,0.0,0.0,2.0
2006,25,25,25851,ÚTICA,44.0,0.0,0.0,0.0,0.0,0.0,2.0
2006,25,25,25867,VIANÍ,48.0,0.0,0.0,0.0,0.0,0.0,1.0
2006,25,25,25873,VILLAPINZÓN,0.0,34.0,0.0,0.0,0.0,0.0,1.0
2006,25,25,25875,VILLETA,190.0,129.0,0.0,0.0,0.0,0.0,1.0
2006,25,25,25899,ZIPAQUIRÁ,294.0,112.0,83.0,0.0,0.0,0.0,2.0
2006,27,27,27001,QUIBDÓ,480.0,183.0,0.0,0.0,0.0,0.0,1.0
2006,27,27,27001,QUIBDÓ,0.0,0.0,7651.0,73.0,0.0,0.0,3.0
2006,27,27,27073,BAGADÓ,52.0,0.0,0.0,0.0,0.0,0.0,1.0
2006,27,27,27075,BAHÍA SOLANO,70.0,0.0,0.0,0.0,0.0,0.0,1.0
2006,27,27,27099,BOJAYÁ,36.0,0.0,0.0,0.0,0.0,0.0,1.0
2006,27,27,27150,CARMEN DEL DARIÉN,22.0,0.0,0.0,0.0,0.0,0.0,1.0
2006,27,27,27205,CONDOTO,48.0,0.0,0.0,0.0,0.0,0.0,1.0
2006,27,27,27245,EL CARMEN DE ATRATO,41.0,0.0,0.0,0.0,0.0,0.0,1.0
2006,27,27,27361,ISTMINA,37.0,0.0,0.0,0.0,0.0,0.0,1.0
2006,27,27,27413,LLORÓ,33.0,0.0,0.0,0.0,0.0,0.0,1.0
2006,27,27,27495,NUQUÍ,27.0,0.0,0.0,0.0,0.0,0.0,1.0
2006,27,27,27615,RIOSUCIO,141.0,0.0,0.0,0.0,0.0,0.0,1.0
2006,27,27,27787,TADÓ,25.0,0.0,0.0,0.0,0.0,0.0,1.0
2006,41,41,41001,NEIVA,1458.0,418.0,11614.0,643.0,20.0,0.0,14.0
2006,41,41,41016,AIPE,57.0,28.0,0.0,0.0,0.0,0.0,1.0
2006,41,41,41026,ALTAMIRA,0.0,0.0,46.0,0.0,0.0,0.0,1.0
2006,41,41,41078,BARAYA,153.0,0.0,0.0,0.0,0.0,0.0,1.0
2006,41,41,41132,CAMPOALEGRE,380.0,60.0,0.0,0.0,0.0,0.0,1.0
2006,41,41,41206,COLOMBIA,31.0,0.0,0.0,0.0,0.0,0.0,1.0
2006,41,41,41298,GARZÓN,277.0,181.0,147.0,0.0,0.0,0.0,2.0
2006,41,41,41306,GIGANTE,55.0,0.0,0.0,0.0,0.0,0.0,1.0
2006,41,41,41319,GUADALUPE,40.0,0.0,0.0,0.0,0.0,0.0,1.0
2006,41,41,41396,LA PLATA,325.0,30.0,15.0,0.0,0.0,0.0,2.0
2006,41,41,41524,PALERMO,30.0,0.0,0.0,0.0,0.0,0.0,1.0
2006,41,41,41551,PITALITO,438.0,59.0,56.0,0.0,0.0,0.0,2.0
2006,41,41,41676,SANTA MARÍA,97.0,0.0,0.0,0.0,0.0,0.0,1.0
2006,41,41,41797,TESALIA,17.0,26.0,0.0,0.0,0.0,0.0,1.0
2006,41,41,41801,TERUEL,32.0,0.0,0.0,0.0,0.0,0.0,1.0
2006,44,44,44001,RIOHACHA,542.0,109.0,0.0,0.0,0.0,0.0,1.0
2006,44,44,44001,RIOHACHA,0.0,359.0,4475.0,49.0,0.0,0.0,5.0
2006,44,44,44035,ALBANIA,129.0,0.0,0.0,0.0,0.0,0.0,1.0
2006,44,44,44090,DIBULLA,54.0,0.0,0.0,0.0,0.0,0.0,1.0
2006,44,44,44279,FONSECA,198.0,31.0,0.0,0.0,0.0,0.0,1.0
2006,44,44,44279,FONSECA,0.0,0.0,233.0,0.0,0.0,0.0,1.0
2006,44,44,44430,MAICAO,98.0,0.0,0.0,0.0,0.0,0.0,1.0
2006,44,44,44430,MAICAO,0.0,0.0,569.0,0.0,0.0,0.0,1.0
2006,44,44,44650,SAN JUAN DEL CESAR,503.0,0.0,182.0,0.0,0.0,0.0,2.0
2006,44,44,44874,VILLANUEVA,103.0,0.0,0.0,0.0,0.0,0.0,1.0
2006,44,44,44874,VILLANUEVA,0.0,0.0,240.0,0.0,0.0,0.0,1.0
2006,47,47,47001,SANTA MARTA,2792.0,671.0,11096.0,218.0,0.0,0.0,9.0
2006,47,47,47058,ARIGUANÍ,0.0,0.0,25.0,0.0,0.0,0.0,1.0
2006,47,47,47170,CHIVOLO,45.0,0.0,45.0,0.0,0.0,0.0,2.0
2006,47,47,47189,CIÉNAGA,624.0,145.0,362.0,0.0,0.0,0.0,4.0
2006,47,47,47245,EL BANCO,103.0,0.0,123.0,0.0,0.0,0.0,2.0
2006,47,47,47288,FUNDACIÓN,124.0,0.0,0.0,0.0,0.0,0.0,1.0
2006,47,47,47288,FUNDACIÓN,0.0,0.0,107.0,0.0,0.0,0.0,1.0
2006,47,47,47318,GUAMAL,21.0,0.0,0.0,0.0,0.0,0.0,1.0
2006,47,47,47551,PIVIJAY,28.0,0.0,0.0,0.0,0.0,0.0,1.0
2006,47,47,47551,PIVIJAY,0.0,0.0,52.0,0.0,0.0,0.0,1.0
2006,47,47,47555,PLATO,71.0,0.0,0.0,0.0,0.0,0.0,1.0
2006,47,47,47555,PLATO,0.0,0.0,91.0,0.0,0.0,0.0,1.0
2006,47,47,47570,PUEBLOVIEJO,31.0,0.0,0.0,0.0,0.0,0.0,1.0
2006,47,47,47707,SANTA ANA,27.0,0.0,0.0,0.0,0.0,0.0,1.0
2006,47,47,47980,ZONA BANANERA,114.0,0.0,0.0,0.0,0.0,0.0,1.0
2006,5,5,5001,MEDELLÍN,7755.0,32215.0,100750.0,5461.0,1668.0,170.0,42.0
2006,5,5,5002,ABEJORRAL,13.0,0.0,0.0,0.0,0.0,0.0,1.0
2006,5,5,5004,ABRIAQUÍ,22.0,0.0,0.0,0.0,0.0,0.0,1.0
2006,5,5,5034,ANDES,28.0,57.0,286.0,0.0,0.0,0.0,2.0
2006,5,5,5042,SANTA FÉ DE ANTIOQUIA,150.0,90.0,19.0,0.0,0.0,0.0,3.0
2006,5,5,5045,APARTADÓ,702.0,163.0,528.0,37.0,0.0,0.0,8.0
2006,5,5,5059,ARMENIA,40.0,0.0,0.0,0.0,0.0,0.0,1.0
2006,5,5,5088,BELLO,839.0,1130.0,593.0,19.0,0.0,0.0,3.0
2006,5,5,5101,CIUDAD BOLÍVAR,59.0,0.0,0.0,0.0,0.0,0.0,1.0
2006,5,5,5113,BURITICÁ,20.0,0.0,0.0,0.0,0.0,0.0,1.0
2006,5,5,5129,CALDAS,1239.0,401.0,1119.0,0.0,0.0,0.0,2.0
2006,5,5,5147,CAREPA,40.0,0.0,0.0,0.0,0.0,0.0,1.0
2006,5,5,5148,EL CARMEN DE VIBORAL,169.0,368.0,798.0,0.0,0.0,0.0,2.0
2006,5,5,5154,CAUCASIA,271.0,160.0,582.0,15.0,0.0,0.0,2.0
2006,5,5,5172,CHIGORODÓ,284.0,0.0,0.0,14.0,0.0,0.0,3.0
2006,5,5,5190,CISNEROS,131.0,0.0,0.0,0.0,0.0,0.0,1.0
2006,5,5,5197,COCORNÁ,31.0,0.0,0.0,0.0,0.0,0.0,1.0
2006,5,5,5206,CONCEPCIÓN,23.0,0.0,0.0,0.0,0.0,0.0,1.0
2006,5,5,5212,COPACABANA,0.0,70.0,0.0,0.0,0.0,0.0,1.0
2006,5,5,5234,DABEIBA,0.0,35.0,17.0,0.0,0.0,0.0,2.0
2006,5,5,5237,DONMATÍAS,70.0,0.0,0.0,0.0,0.0,0.0,1.0
2006,5,5,5240,EBÉJICO,14.0,0.0,0.0,0.0,0.0,0.0,1.0
2006,5,5,5250,EL BAGRE,37.0,0.0,0.0,0.0,0.0,0.0,1.0
2006,5,5,5266,ENVIGADO,0.0,81.0,2605.0,0.0,0.0,0.0,1.0
2006,5,5,5284,FRONTINO,56.0,0.0,0.0,0.0,0.0,0.0,1.0
2006,5,5,5313,GRANADA,22.0,0.0,0.0,0.0,0.0,0.0,1.0
2006,5,5,5318,GUARNE,32.0,29.0,0.0,0.0,0.0,0.0,1.0
2006,5,5,5360,ITAGÜÍ,534.0,849.0,158.0,0.0,0.0,0.0,3.0
2006,5,5,5368,JERICÓ,0.0,38.0,0.0,0.0,0.0,0.0,1.0
2006,5,5,5376,LA CEJA,60.0,60.0,135.0,0.0,0.0,0.0,4.0
2006,5,5,5380,LA ESTRELLA,33.0,0.0,0.0,0.0,0.0,0.0,1.0
2006,5,5,5390,LA PINTADA,22.0,0.0,0.0,0.0,0.0,0.0,1.0
2006,5,5,5400,LA UNIÓN,29.0,30.0,0.0,0.0,0.0,0.0,1.0
2006,5,5,5425,MACEO,80.0,0.0,0.0,0.0,0.0,0.0,1.0
2006,5,5,5440,MARINILLA,0.0,29.0,72.0,0.0,0.0,0.0,2.0
2006,5,5,5467,MONTEBELLO,50.0,0.0,0.0,0.0,0.0,0.0,1.0
2006,5,5,5483,NARIÑO,30.0,0.0,0.0,0.0,0.0,0.0,1.0
2006,5,5,5501,OLAYA,14.0,0.0,11.0,0.0,0.0,0.0,2.0
2006,5,5,5541,PEÑOL,22.0,0.0,0.0,0.0,0.0,0.0,1.0
2006,5,5,5579,PUERTO BERRÍO,130.0,175.0,243.0,0.0,0.0,0.0,3.0
2006,5,5,5591,PUERTO TRIUNFO,69.0,0.0,0.0,0.0,0.0,0.0,1.0
2006,5,5,5604,REMEDIOS,83.0,0.0,0.0,0.0,0.0,0.0,1.0
2006,5,5,5607,RETIRO,1.0,32.0,0.0,0.0,0.0,0.0,1.0
2006,5,5,5615,RIONEGRO,610.0,618.0,2336.0,12.0,0.0,0.0,5.0
2006,5,5,5631,SABANETA,0.0,0.0,3048.0,0.0,79.0,0.0,4.0
2006,5,5,5649,SAN CARLOS,32.0,0.0,0.0,0.0,0.0,0.0,1.0
2006,5,5,5658,SAN JOSÉ DE LA MONTAÑA,0.0,32.0,0.0,0.0,0.0,0.0,1.0
2006,5,5,5664,SAN PEDRO DE LOS MILAGROS,86.0,40.0,0.0,0.0,0.0,0.0,1.0
2006,5,5,5665,SAN PEDRO DE URABÁ,41.0,0.0,0.0,0.0,0.0,0.0,1.0
2006,5,5,5667,SAN RAFAEL,0.0,34.0,0.0,0.0,0.0,0.0,1.0
2006,5,5,5686,SANTA ROSA DE OSOS,126.0,75.0,1096.0,57.0,0.0,0.0,2.0
2006,5,5,5697,EL SANTUARIO,45.0,0.0,0.0,0.0,0.0,0.0,1.0
2006,5,5,5756,SONSÓN,168.0,30.0,0.0,0.0,0.0,0.0,2.0
2006,5,5,5761,SOPETRÁN,18.0,0.0,0.0,0.0,0.0,0.0,1.0
2006,5,5,5789,TÁMESIS,47.0,0.0,0.0,0.0,0.0,0.0,1.0
2006,5,5,5809,TITIRIBÍ,52.0,0.0,0.0,0.0,0.0,0.0,1.0
2006,5,5,5837,TURBO,254.0,142.0,431.0,0.0,0.0,0.0,3.0
2006,5,5,5842,URAMITA,31.0,0.0,0.0,0.0,0.0,0.0,1.0
2006,5,5,5847,URRAO,128.0,0.0,0.0,0.0,0.0,0.0,1.0
2006,5,5,5858,VEGACHÍ,50.0,0.0,0.0,0.0,0.0,0.0,1.0
2006,5,5,5861,VENECIA,49.0,0.0,0.0,0.0,0.0,0.0,1.0
2006,5,5,5887,YARUMAL,184.0,22.0,21.0,0.0,0.0,0.0,3.0
2006,5,5,5890,YOLOMBÓ,18.0,0.0,0.0,0.0,0.0,0.0,1.0
2006,50,50,50001,VILLAVICENCIO,2348.0,728.0,9235.0,379.0,9.0,0.0,12.0
2006,50,50,50006,ACACÍAS,371.0,0.0,0.0,0.0,0.0,0.0,1.0
2006,50,50,50150,CASTILLA LA NUEVA,114.0,0.0,0.0,0.0,0.0,0.0,1.0
2006,50,50,50226,CUMARAL,203.0,0.0,0.0,0.0,0.0,0.0,1.0
2006,50,50,50245,EL CALVARIO,23.0,0.0,0.0,0.0,0.0,0.0,1.0
2006,50,50,50313,GRANADA,445.0,0.0,0.0,0.0,0.0,0.0,2.0
2006,50,50,50318,GUAMAL,104.0,0.0,0.0,0.0,0.0,0.0,1.0
2006,50,50,50568,PUERTO GAITÁN,23.0,0.0,0.0,0.0,0.0,0.0,1.0
2006,50,50,50573,PUERTO LÓPEZ,179.0,0.0,0.0,0.0,0.0,0.0,1.0
2006,50,50,50577,PUERTO LLERAS,15.0,0.0,0.0,0.0,0.0,0.0,1.0
2006,50,50,50590,PUERTO RICO,12.0,0.0,0.0,0.0,0.0,0.0,1.0
2006,50,50,50689,SAN MARTÍN,38.0,0.0,0.0,0.0,0.0,0.0,1.0
2006,52,52,52001,PASTO,1242.0,90.0,0.0,0.0,0.0,0.0,1.0
2006,52,52,52001,PASTO,0.0,1746.0,14707.0,1052.0,31.0,10.0,11.0
2006,52,52,52079,BARBACOAS,54.0,0.0,0.0,0.0,0.0,0.0,1.0
2006,52,52,52207,CONSACÁ,0.0,0.0,16.0,0.0,0.0,0.0,1.0
2006,52,52,52215,CÓRDOBA,44.0,0.0,0.0,0.0,0.0,0.0,1.0
2006,52,52,52227,CUMBAL,58.0,0.0,0.0,0.0,0.0,0.0,1.0
2006,52,52,52240,CHACHAGÜÍ,20.0,0.0,0.0,0.0,0.0,0.0,1.0
2006,52,52,52258,EL TABLÓN DE GÓMEZ,0.0,0.0,30.0,0.0,0.0,0.0,1.0
2006,52,52,52317,GUACHUCAL,50.0,0.0,0.0,0.0,0.0,0.0,1.0
2006,52,52,52323,GUALMATÁN,39.0,0.0,0.0,0.0,0.0,0.0,1.0
2006,52,52,52356,IPIALES,536.0,50.0,35.0,0.0,0.0,0.0,4.0
2006,52,52,52381,LA FLORIDA,26.0,0.0,0.0,0.0,0.0,0.0,1.0
2006,52,52,52427,MAGÜÍ,22.0,0.0,0.0,0.0,0.0,0.0,1.0
2006,52,52,52435,MALLAMA,20.0,0.0,0.0,0.0,0.0,0.0,1.0
2006,52,52,52473,MOSQUERA,22.0,0.0,0.0,0.0,0.0,0.0,1.0
2006,52,52,52490,OLAYA HERRERA,25.0,0.0,0.0,0.0,0.0,0.0,1.0
2006,52,52,52506,OSPINA,65.0,0.0,0.0,0.0,0.0,0.0,1.0
2006,52,52,52520,FRANCISCO PIZARRO,54.0,0.0,0.0,0.0,0.0,0.0,1.0
2006,52,52,52560,POTOSÍ,31.0,0.0,0.0,0.0,0.0,0.0,1.0
2006,52,52,52612,RICAURTE,0.0,33.0,0.0,0.0,0.0,0.0,1.0
2006,52,52,52683,SANDONÁ,0.0,0.0,22.0,0.0,0.0,0.0,1.0
2006,52,52,52687,SAN LORENZO,0.0,0.0,25.0,0.0,0.0,0.0,1.0
2006,52,52,52835,SAN ANDRÉS DE TUMACO,419.0,57.0,0.0,0.0,0.0,0.0,1.0
2006,52,52,52838,TÚQUERRES,41.0,0.0,0.0,0.0,0.0,0.0,1.0
2006,54,54,54001,SAN JOSÉ DE CÚCUTA,1288.0,288.0,0.0,0.0,0.0,0.0,1.0
2006,54,54,54001,SAN JOSÉ DE CÚCUTA,403.0,1919.0,15487.0,962.0,0.0,0.0,11.0
2006,54,54,54003,ÁBREGO,0.0,28.0,0.0,0.0,0.0,0.0,1.0
2006,54,54,54099,BOCHALEMA,58.0,0.0,0.0,0.0,0.0,0.0,1.0
2006,54,54,54128,CÁCHIRA,60.0,0.0,0.0,0.0,0.0,0.0,1.0
2006,54,54,54172,CHINÁCOTA,0.0,30.0,0.0,0.0,0.0,0.0,1.0
2006,54,54,54239,DURANIA,30.0,0.0,0.0,0.0,0.0,0.0,1.0
2006,54,54,54377,LABATECA,30.0,0.0,0.0,0.0,0.0,0.0,1.0
2006,54,54,54480,MUTISCUA,30.0,0.0,0.0,0.0,0.0,0.0,1.0
2006,54,54,54498,OCAÑA,178.0,648.0,1632.0,0.0,0.0,0.0,3.0
2006,54,54,54518,PAMPLONA,289.0,639.0,11200.0,751.0,164.0,0.0,3.0
2006,54,54,54720,SARDINATA,0.0,0.0,2.0,0.0,0.0,0.0,1.0
2006,54,54,54743,SILOS,23.0,0.0,0.0,0.0,0.0,0.0,1.0
2006,54,54,54810,TIBÚ,72.0,0.0,15.0,0.0,0.0,0.0,2.0
2006,54,54,54874,VILLA DEL ROSARIO,0.0,0.0,737.0,0.0,0.0,0.0,1.0
2006,63,63,63001,ARMENIA,2532.0,1577.0,10418.0,75.0,25.0,0.0,10.0
2006,63,63,63111,BUENAVISTA,32.0,0.0,0.0,0.0,0.0,0.0,1.0
2006,63,63,63130,CALARCÁ,389.0,22.0,0.0,0.0,0.0,0.0,1.0
2006,63,63,63190,CIRCASIA,223.0,0.0,58.0,0.0,0.0,0.0,2.0
2006,63,63,63272,FILANDIA,31.0,0.0,0.0,0.0,0.0,0.0,1.0
2006,63,63,63302,GÉNOVA,0.0,29.0,0.0,0.0,0.0,0.0,1.0
2006,63,63,63401,LA TEBAIDA,0.0,26.0,0.0,0.0,0.0,0.0,1.0
2006,63,63,63470,MONTENEGRO,139.0,31.0,0.0,0.0,0.0,0.0,1.0
2006,63,63,63594,QUIMBAYA,169.0,0.0,0.0,0.0,0.0,0.0,1.0
2006,63,63,63690,SALENTO,32.0,0.0,0.0,0.0,0.0,0.0,1.0
2006,66,66,66001,PEREIRA,3081.0,2588.0,16208.0,459.0,337.0,0.0,15.0
2006,66,66,66045,APÍA,32.0,89.0,0.0,0.0,0.0,0.0,2.0
2006,66,66,66075,BALBOA,67.0,0.0,0.0,0.0,0.0,0.0,1.0
2006,66,66,66088,BELÉN DE UMBRÍA,139.0,52.0,0.0,0.0,0.0,0.0,1.0
2006,66,66,66170,DOSQUEBRADAS,952.0,627.0,21.0,13.0,0.0,0.0,4.0
2006,66,66,66318,GUÁTICA,34.0,1.0,0.0,0.0,0.0,0.0,1.0
2006,66,66,66383,LA CELIA,34.0,0.0,0.0,0.0,0.0,0.0,1.0
2006,66,66,66440,MARSELLA,49.0,51.0,0.0,0.0,0.0,0.0,2.0
2006,66,66,66456,MISTRATÓ,119.0,0.0,0.0,0.0,0.0,0.0,1.0
2006,66,66,66572,PUEBLO RICO,133.0,0.0,0.0,0.0,0.0,0.0,1.0
2006,66,66,66594,QUINCHÍA,60.0,0.0,0.0,0.0,0.0,0.0,1.0
2006,66,66,66682,SANTA ROSA DE CABAL,177.0,202.0,559.0,17.0,0.0,0.0,3.0
2006,66,66,66687,SANTUARIO,82.0,28.0,0.0,0.0,0.0,0.0,2.0
2006,68,68,68001,BUCARAMANGA,2983.0,16468.0,37897.0,1957.0,425.0,49.0,21.0
2006,68,68,68077,BARBOSA,214.0,0.0,0.0,0.0,0.0,0.0,1.0
2006,68,68,68081,BARRANCABERMEJA,888.0,742.0,2081.0,0.0,0.0,0.0,6.0
2006,68,68,68190,CIMITARRA,30.0,0.0,0.0,0.0,0.0,0.0,1.0
2006,68,68,68207,CONCEPCIÓN,42.0,0.0,0.0,0.0,0.0,0.0,1.0
2006,68,68,68255,EL PLAYÓN,72.0,0.0,0.0,0.0,0.0,0.0,1.0
2006,68,68,68271,FLORIÁN,39.0,0.0,0.0,0.0,0.0,0.0,1.0
2006,68,68,68276,FLORIDABLANCA,250.0,74.0,0.0,0.0,0.0,0.0,1.0
2006,68,68,68307,GIRÓN,364.0,330.0,0.0,0.0,0.0,0.0,1.0
2006,68,68,68377,LA BELLEZA,42.0,15.0,0.0,0.0,0.0,0.0,1.0
2006,68,68,68432,MÁLAGA,240.0,80.0,110.0,0.0,0.0,0.0,2.0
2006,68,68,68547,PIEDECUESTA,104.0,118.0,0.0,0.0,0.0,0.0,1.0
2006,68,68,68572,PUENTE NACIONAL,52.0,0.0,0.0,0.0,0.0,0.0,1.0
2006,68,68,68669,SAN ANDRÉS,45.0,0.0,0.0,0.0,0.0,0.0,1.0
2006,68,68,68679,SAN GIL,111.0,147.0,1226.0,20.0,0.0,0.0,5.0
2006,68,68,68689,SAN VICENTE DE CHUCURÍ,32.0,0.0,0.0,0.0,0.0,0.0,1.0
2006,68,68,68689,SAN VICENTE DE CHUCURÍ,0.0,0.0,40.0,0.0,0.0,0.0,1.0
2006,68,68,68755,SOCORRO,78.0,93.0,606.0,0.0,0.0,0.0,2.0
2006,68,68,68861,VÉLEZ,262.0,57.0,1.0,0.0,0.0,0.0,2.0
2006,70,70,70001,SINCELEJO,1040.0,285.0,7375.0,221.0,0.0,0.0,9.0
2006,70,70,70215,COROZAL,52.0,0.0,0.0,0.0,0.0,0.0,1.0
2006,70,70,70429,MAJAGUAL,138.0,0.0,0.0,0.0,0.0,0.0,1.0
2006,70,70,70670,SAMPUÉS,71.0,0.0,0.0,0.0,0.0,0.0,2.0
2006,70,70,70820,SANTIAGO DE TOLÚ,51.0,0.0,0.0,0.0,0.0,0.0,1.0
2006,70,70,70820,SANTIAGO DE TOLÚ,0.0,230.0,0.0,0.0,0.0,0.0,1.0
2006,70,70,70823,SAN JOSÉ DE TOLUVIEJO,0.0,22.0,0.0,0.0,0.0,0.0,1.0
2006,73,73,73001,IBAGUÉ,1957.0,8524.0,17319.0,503.0,18.0,0.0,13.0
2006,73,73,73124,CAJAMARCA,33.0,24.0,0.0,0.0,0.0,0.0,1.0
2006,73,73,73148,CARMEN DE APICALÁ,56.0,0.0,0.0,0.0,0.0,0.0,1.0
2006,73,73,73168,CHAPARRAL,56.0,54.0,0.0,0.0,0.0,0.0,1.0
2006,73,73,73217,COYAIMA,74.0,0.0,0.0,0.0,0.0,0.0,1.0
2006,73,73,73236,DOLORES,0.0,37.0,0.0,0.0,0.0,0.0,1.0
2006,73,73,73268,ESPINAL,1422.0,480.0,628.0,16.0,0.0,0.0,5.0
2006,73,73,73283,FRESNO,29.0,29.0,0.0,0.0,0.0,0.0,1.0
2006,73,73,73349,HONDA,42.0,377.0,0.0,0.0,0.0,0.0,3.0
2006,73,73,73408,LÉRIDA,25.0,172.0,0.0,0.0,0.0,0.0,2.0
2006,73,73,73411,LÍBANO,175.0,62.0,0.0,0.0,0.0,0.0,2.0
2006,73,73,73443,SAN SEBASTIÁN DE MARIQUITA,59.0,0.0,0.0,0.0,0.0,0.0,1.0
2006,73,73,73443,SAN SEBASTIÁN DE MARIQUITA,0.0,32.0,0.0,0.0,0.0,0.0,1.0
2006,73,73,73449,MELGAR,25.0,68.0,0.0,0.0,0.0,0.0,1.0
2006,73,73,73483,NATAGAIMA,26.0,26.0,0.0,0.0,0.0,0.0,1.0
2006,73,73,73504,ORTEGA,0.0,25.0,0.0,0.0,0.0,0.0,1.0
2006,73,73,73520,PALOCABILDO,21.0,0.0,0.0,0.0,0.0,0.0,1.0
2006,73,73,73555,PLANADAS,24.0,0.0,0.0,0.0,0.0,0.0,1.0
2006,73,73,73563,PRADO,37.0,0.0,0.0,0.0,0.0,0.0,1.0
2006,73,73,73585,PURIFICACIÓN,0.0,71.0,0.0,0.0,0.0,0.0,1.0
2006,73,73,73622,RONCESVALLES,22.0,0.0,0.0,0.0,0.0,0.0,1.0
2006,73,73,73624,ROVIRA,0.0,33.0,0.0,0.0,0.0,0.0,1.0
2006,76,76,76001,CALI,4841.0,12456.0,57537.0,2686.0,1434.0,158.0,37.0
2006,76,76,76020,ALCALÁ,0.0,48.0,0.0,0.0,0.0,0.0,1.0
2006,76,76,76100,BOLÍVAR,0.0,31.0,0.0,0.0,0.0,0.0,1.0
2006,76,76,76109,BUENAVENTURA,475.0,786.0,2141.0,0.0,0.0,0.0,6.0
2006,76,76,76111,GUADALAJARA DE BUGA,1275.0,488.0,1255.0,0.0,0.0,0.0,4.0
2006,76,76,76122,CAICEDONIA,70.0,72.0,45.0,0.0,0.0,0.0,2.0
2006,76,76,76130,CANDELARIA,49.0,40.0,0.0,0.0,0.0,0.0,1.0
2006,76,76,76147,CARTAGO,362.0,708.0,349.0,16.0,0.0,0.0,4.0
2006,76,76,76248,EL CERRITO,14.0,0.0,0.0,0.0,0.0,0.0,1.0
2006,76,76,76275,FLORIDA,0.0,0.0,63.0,0.0,0.0,0.0,1.0
2006,76,76,76306,GINEBRA,31.0,0.0,0.0,0.0,0.0,0.0,1.0
2006,76,76,76318,GUACARÍ,47.0,0.0,0.0,0.0,0.0,0.0,1.0
2006,76,76,76364,JAMUNDÍ,61.0,0.0,0.0,0.0,0.0,0.0,1.0
2006,76,76,76497,OBANDO,20.0,0.0,0.0,0.0,0.0,0.0,1.0
2006,76,76,76520,PALMIRA,626.0,628.0,4812.0,34.0,51.0,23.0,7.0
2006,76,76,76606,RESTREPO,0.0,0.0,61.0,0.0,0.0,0.0,1.0
2006,76,76,76622,ROLDANILLO,876.0,47.0,76.0,0.0,0.0,0.0,3.0
2006,76,76,76736,SEVILLA,35.0,36.0,0.0,0.0,0.0,0.0,1.0
2006,76,76,76823,TORO,0.0,35.0,0.0,0.0,0.0,0.0,1.0
2006,76,76,76834,TULUÁ,284.0,670.0,3384.0,0.0,0.0,0.0,4.0
2006,76,76,76892,YUMBO,28.0,430.0,21.0,0.0,0.0,0.0,2.0
2006,76,76,76895,ZARZAL,0.0,94.0,400.0,0.0,0.0,0.0,1.0
2006,8,8,8001,BARRANQUILLA,11158.0,4605.0,52722.0,1903.0,333.0,10.0,23.0
2006,8,8,8137,CAMPO DE LA CRUZ,23.0,0.0,0.0,0.0,0.0,0.0,1.0
2006,8,8,8296,GALAPA,81.0,0.0,0.0,0.0,0.0,0.0,1.0
2006,8,8,8520,PALMAR DE VARELA,503.0,0.0,0.0,0.0,0.0,0.0,1.0
2006,8,8,8560,PONEDERA,24.0,0.0,0.0,0.0,0.0,0.0,1.0
2006,8,8,8573,PUERTO COLOMBIA,96.0,0.0,3634.0,185.0,0.0,0.0,3.0
2006,8,8,8634,SABANAGRANDE,0.0,0.0,35.0,0.0,0.0,0.0,1.0
2006,8,8,8638,SABANALARGA,67.0,30.0,48.0,0.0,0.0,0.0,2.0
2006,8,8,8758,SOLEDAD,241.0,1198.0,0.0,0.0,0.0,0.0,2.0
2006,8,8,8770,SUAN,23.0,0.0,0.0,0.0,0.0,0.0,1.0
2006,81,81,81001,ARAUCA,220.0,110.0,407.0,0.0,0.0,0.0,5.0
2006,81,81,81065,ARAUQUITA,65.0,0.0,0.0,0.0,0.0,0.0,1.0
2006,81,81,81736,SARAVENA,129.0,0.0,42.0,0.0,0.0,0.0,2.0
2006,81,81,81794,TAME,66.0,21.0,0.0,0.0,0.0,0.0,1.0
2006,85,85,85001,YOPAL,1140.0,84.0,1267.0,26.0,0.0,0.0,8.0
2006,85,85,85139,MANÍ,41.0,0.0,0.0,0.0,0.0,0.0,1.0
2006,85,85,85225,NUNCHÍA,32.0,0.0,0.0,0.0,0.0,0.0,1.0
2006,85,85,85250,PAZ DE ARIPORO,56.0,0.0,0.0,0.0,0.0,0.0,1.0
2006,85,85,85410,TAURAMENA,117.0,25.0,0.0,0.0,0.0,0.0,1.0
2006,85,85,85440,VILLANUEVA,77.0,0.0,0.0,0.0,0.0,0.0,1.0
2006,86,86,86001,MOCOA,113.0,29.0,0.0,0.0,0.0,0.0,1.0
2006,86,86,86001,MOCOA,0.0,331.0,212.0,0.0,0.0,0.0,3.0
2006,86,86,86568,PUERTO ASÍS,244.0,108.0,0.0,0.0,0.0,0.0,1.0
2006,86,86,86568,PUERTO ASÍS,0.0,129.0,218.0,10.0,0.0,0.0,5.0
2006,86,86,86569,PUERTO CAICEDO,39.0,0.0,0.0,0.0,0.0,0.0,1.0
2006,86,86,86573,PUERTO LEGUÍZAMO,24.0,0.0,0.0,0.0,0.0,0.0,1.0
2006,86,86,86749,SIBUNDOY,36.0,132.0,0.0,0.0,0.0,0.0,2.0
2006,86,86,86757,SAN MIGUEL,0.0,32.0,0.0,0.0,0.0,0.0,1.0
2006,88,88,88001,SAN ANDRÉS,697.0,60.0,0.0,2.0,14.0,0.0,3.0
2006,88,88,88564,PROVIDENCIA,25.0,0.0,0.0,0.0,0.0,0.0,1.0
2006,91,91,91001,LETICIA,166.0,28.0,280.0,3.0,25.0,0.0,4.0
2006,94,94,94001,INÍRIDA,299.0,69.0,0.0,0.0,0.0,0.0,2.0
2006,95,95,95001,SAN JOSÉ DEL GUAVIARE,307.0,76.0,223.0,0.0,0.0,0.0,2.0
2006,95,95,95015,CALAMAR,42.0,0.0,0.0,0.0,0.0,0.0,1.0
2006,95,95,95025,EL RETORNO,96.0,35.0,0.0,0.0,0.0,0.0,1.0
2006,95,95,95200,MIRAFLORES,40.0,0.0,0.0,0.0,0.0,0.0,1.0
2006,97,97,97001,MITÚ,117.0,0.0,1.0,0.0,0.0,0.0,2.0
2006,99,99,99001,PUERTO CARREÑO,69.0,27.0,13.0,0.0,0.0,0.0,2.0
2006,99,99,99524,LA PRIMAVERA,0.0,0.0,37.0,0.0,0.0,0.0,1.0
2006,99,99,99773,CUMARIBO,75.0,0.0,1.0,0.0,0.0,0.0,2.0
2007,-,-,-,NO IDENTIFICADO,11.0,0.0,0.0,0.0,0.0,0.0,1.0
2007,11,11,11001,BOGOTÁ D.C.,61383.0,43609.0,290200.0,17929.0,7615.0,647.0,113.0
2007,13,13,13001,CARTAGENA DE INDIAS,4714.0,6651.0,24205.0,859.0,32.0,6.0,31.0
2007,13,13,13030,ALTOS DEL ROSARIO,30.0,0.0,0.0,0.0,0.0,0.0,1.0
2007,13,13,13042,ARENAL,35.0,0.0,0.0,0.0,0.0,0.0,1.0
2007,13,13,13052,ARJONA,359.0,27.0,0.0,0.0,0.0,0.0,2.0
2007,13,13,13062,ARROYOHONDO,34.0,0.0,0.0,0.0,0.0,0.0,1.0
2007,13,13,13140,CALAMAR,30.0,0.0,0.0,0.0,0.0,0.0,1.0
2007,13,13,13222,CLEMENCIA,49.0,0.0,0.0,0.0,0.0,0.0,1.0
2007,13,13,13244,EL CARMEN DE BOLÍVAR,148.0,0.0,96.0,0.0,0.0,0.0,3.0
2007,13,13,13248,EL GUAMO,0.0,30.0,0.0,0.0,0.0,0.0,1.0
2007,13,13,13430,MAGANGUÉ,320.0,61.0,190.0,0.0,0.0,0.0,6.0
2007,13,13,13442,MARÍA LA BAJA,0.0,30.0,0.0,0.0,0.0,0.0,1.0
2007,13,13,13468,SANTA CRUZ DE MOMPOX,248.0,0.0,93.0,0.0,0.0,0.0,3.0
2007,13,13,13473,MORALES,63.0,0.0,0.0,0.0,0.0,0.0,1.0
2007,13,13,13549,PINILLOS,60.0,0.0,0.0,0.0,0.0,0.0,1.0
2007,13,13,13620,SAN CRISTÓBAL,0.0,28.0,0.0,0.0,0.0,0.0,1.0
2007,13,13,13647,SAN ESTANISLAO,30.0,0.0,108.0,0.0,0.0,0.0,2.0
2007,13,13,13650,SAN FERNANDO,73.0,0.0,0.0,0.0,0.0,0.0,1.0
2007,13,13,13654,SAN JACINTO,72.0,32.0,0.0,0.0,0.0,0.0,1.0
2007,13,13,13655,SAN JACINTO DEL CAUCA,29.0,0.0,0.0,0.0,0.0,0.0,1.0
2007,13,13,13657,SAN JUAN NEPOMUCENO,98.0,0.0,0.0,0.0,0.0,0.0,1.0
2007,13,13,13670,SAN PABLO,45.0,32.0,0.0,0.0,0.0,0.0,1.0
2007,13,13,13670,SAN PABLO,0.0,0.0,45.0,0.0,0.0,0.0,1.0
2007,13,13,13683,SANTA ROSA,67.0,0.0,17.0,0.0,0.0,0.0,2.0
2007,13,13,13688,SANTA ROSA DEL SUR,85.0,67.0,102.0,0.0,0.0,0.0,4.0
2007,13,13,13760,SOPLAVIENTO,35.0,0.0,0.0,0.0,0.0,0.0,1.0
2007,13,13,13810,TIQUISIO,32.0,0.0,0.0,0.0,0.0,0.0,1.0
2007,13,13,13836,TURBACO,63.0,0.0,144.0,0.0,0.0,0.0,2.0
2007,13,13,13838,TURBANÁ,70.0,0.0,0.0,0.0,0.0,0.0,1.0
2007,13,13,13873,VILLANUEVA,29.0,0.0,0.0,0.0,0.0,0.0,1.0
2007,13,13,13894,ZAMBRANO,35.0,0.0,0.0,0.0,0.0,0.0,1.0
2007,15,15,15001,TUNJA,578.0,814.0,18861.0,698.0,143.0,0.0,11.0
2007,15,15,15097,BOAVITA,0.0,17.0,31.0,0.0,0.0,0.0,1.0
2007,15,15,15162,CERINZA,0.0,0.0,5.0,0.0,0.0,0.0,1.0
2007,15,15,15176,CHIQUINQUIRÁ,203.0,191.0,1341.0,34.0,0.0,0.0,7.0
2007,15,15,15180,CHISCAS,0.0,13.0,23.0,0.0,0.0,0.0,1.0
2007,15,15,15204,CÓMBITA,34.0,0.0,0.0,0.0,0.0,0.0,1.0
2007,15,15,15238,DUITAMA,270.0,424.0,4239.0,79.0,0.0,0.0,7.0
2007,15,15,15244,EL COCUY,28.0,0.0,0.0,0.0,0.0,0.0,1.0
2007,15,15,15272,FIRAVITOBA,37.0,0.0,0.0,0.0,0.0,0.0,1.0
2007,15,15,15299,GARAGOA,113.0,99.0,94.0,0.0,0.0,0.0,3.0
2007,15,15,15322,GUATEQUE,58.0,13.0,13.0,0.0,0.0,0.0,2.0
2007,15,15,15332,GÜICÁN DE LA SIERRA,39.0,0.0,0.0,0.0,0.0,0.0,1.0
2007,15,15,15332,GÜICÁN DE LA SIERRA,0.0,0.0,22.0,0.0,0.0,0.0,1.0
2007,15,15,15442,MARIPÍ,0.0,0.0,0.0,19.0,0.0,0.0,1.0
2007,15,15,15455,MIRAFLORES,29.0,0.0,0.0,0.0,0.0,0.0,1.0
2007,15,15,15469,MONIQUIRÁ,21.0,34.0,225.0,22.0,0.0,0.0,5.0
2007,15,15,15480,MUZO,0.0,9.0,14.0,0.0,0.0,0.0,1.0
2007,15,15,15491,NOBSA,59.0,0.0,0.0,0.0,0.0,0.0,1.0
2007,15,15,15494,NUEVO COLÓN,37.0,0.0,0.0,0.0,0.0,0.0,1.0
2007,15,15,15507,OTANCHE,64.0,0.0,0.0,20.0,0.0,0.0,2.0
2007,15,15,15514,PÁEZ,22.0,0.0,0.0,0.0,0.0,0.0,1.0
2007,15,15,15516,PAIPA,39.0,0.0,0.0,16.0,0.0,0.0,2.0
2007,15,15,15518,PAJARITO,0.0,0.0,0.0,13.0,0.0,0.0,1.0
2007,15,15,15537,PAZ DE RÍO,0.0,0.0,19.0,0.0,0.0,0.0,1.0
2007,15,15,15542,PESCA,0.0,0.0,11.0,0.0,0.0,0.0,1.0
2007,15,15,15572,PUERTO BOYACÁ,71.0,289.0,45.0,0.0,0.0,0.0,4.0
2007,15,15,15580,QUÍPAMA,0.0,26.0,0.0,19.0,0.0,0.0,2.0
2007,15,15,15621,RONDÓN,0.0,0.0,12.0,0.0,0.0,0.0,1.0
2007,15,15,15632,SABOYÁ,0.0,0.0,0.0,30.0,0.0,0.0,1.0
2007,15,15,15646,SAMACÁ,93.0,31.0,6.0,0.0,0.0,0.0,2.0
2007,15,15,15673,SAN MATEO,30.0,0.0,0.0,27.0,0.0,0.0,2.0
2007,15,15,15681,SAN PABLO DE BORBUR,44.0,0.0,0.0,0.0,0.0,0.0,1.0
2007,15,15,15686,SANTANA,0.0,0.0,0.0,35.0,0.0,0.0,1.0
2007,15,15,15690,SANTA MARÍA,29.0,0.0,0.0,0.0,0.0,0.0,1.0
2007,15,15,15693,SANTA ROSA DE VITERBO,457.0,0.0,0.0,0.0,0.0,0.0,2.0
2007,15,15,15740,SIACHOQUE,27.0,0.0,0.0,0.0,0.0,0.0,1.0
2007,15,15,15753,SOATÁ,242.0,11.0,113.0,35.0,0.0,0.0,4.0
2007,15,15,15757,SOCHA,79.0,34.0,31.0,10.0,0.0,0.0,2.0
2007,15,15,15759,SOGAMOSO,1098.0,1123.0,4001.0,82.0,0.0,0.0,6.0
2007,15,15,15762,SORA,0.0,2.0,0.0,0.0,0.0,0.0,1.0
2007,15,15,15778,SUTATENZA,0.0,0.0,51.0,0.0,0.0,0.0,1.0
2007,15,15,15790,TASCO,30.0,0.0,0.0,0.0,0.0,0.0,1.0
2007,15,15,15798,TENZA,0.0,0.0,28.0,0.0,0.0,0.0,1.0
2007,15,15,15822,TOTA,0.0,0.0,0.0,47.0,0.0,0.0,1.0
2007,15,15,15835,TURMEQUÉ,21.0,0.0,0.0,0.0,0.0,0.0,1.0
2007,15,15,15837,TUTA,34.0,0.0,0.0,0.0,0.0,0.0,1.0
2007,15,15,15861,VENTAQUEMADA,26.0,5.0,0.0,0.0,0.0,0.0,2.0
2007,17,17,17001,MANIZALES,1614.0,3505.0,20566.0,834.0,658.0,111.0,13.0
2007,17,17,17013,AGUADAS,0.0,0.0,0.0,21.0,0.0,0.0,1.0
2007,17,17,17042,ANSERMA,149.0,53.0,0.0,0.0,0.0,0.0,1.0
2007,17,17,17050,ARANZAZU,11.0,0.0,0.0,0.0,0.0,0.0,1.0
2007,17,17,17088,BELALCÁZAR,33.0,0.0,0.0,32.0,0.0,0.0,2.0
2007,17,17,17174,CHINCHINÁ,161.0,35.0,0.0,0.0,0.0,0.0,1.0
2007,17,17,17272,FILADELFIA,0.0,0.0,30.0,0.0,0.0,0.0,1.0
2007,17,17,17380,LA DORADA,382.0,481.0,346.0,26.0,0.0,0.0,4.0
2007,17,17,17442,MARMATO,24.0,0.0,0.0,0.0,0.0,0.0,1.0
2007,17,17,17444,MARQUETALIA,49.0,0.0,0.0,0.0,0.0,0.0,1.0
2007,17,17,17486,NEIRA,44.0,0.0,0.0,0.0,0.0,0.0,1.0
2007,17,17,17513,PÁCORA,23.0,0.0,19.0,0.0,0.0,0.0,2.0
2007,17,17,17541,PENSILVANIA,316.0,0.0,0.0,0.0,0.0,0.0,1.0
2007,17,17,17614,RIOSUCIO,74.0,0.0,44.0,0.0,0.0,0.0,2.0
2007,17,17,17653,SALAMINA,63.0,28.0,0.0,0.0,0.0,0.0,1.0
2007,17,17,17867,VICTORIA,0.0,31.0,0.0,0.0,0.0,0.0,1.0
2007,17,17,17873,VILLAMARÍA,0.0,39.0,31.0,0.0,0.0,0.0,1.0
2007,17,17,17877,VITERBO,76.0,0.0,0.0,0.0,0.0,0.0,1.0
2007,18,18,18001,FLORENCIA,1255.0,296.0,6267.0,279.0,0.0,0.0,7.0
2007,18,18,18029,ALBANIA,67.0,0.0,0.0,0.0,0.0,0.0,1.0
2007,18,18,18094,BELÉN DE LOS ANDAQUÍES,118.0,0.0,0.0,0.0,0.0,0.0,1.0
2007,18,18,18205,CURILLO,56.0,0.0,0.0,0.0,0.0,0.0,1.0
2007,18,18,18247,EL DONCELLO,281.0,0.0,8.0,17.0,0.0,0.0,4.0
2007,18,18,18256,EL PAUJÍL,0.0,0.0,0.0,42.0,0.0,0.0,1.0
2007,18,18,18410,LA MONTAÑITA,35.0,0.0,0.0,0.0,0.0,0.0,1.0
2007,18,18,18592,PUERTO RICO,168.0,0.0,0.0,34.0,0.0,0.0,2.0
2007,18,18,18610,SAN JOSÉ DEL FRAGUA,0.0,40.0,0.0,0.0,0.0,0.0,1.0
2007,18,18,18753,SAN VICENTE DEL CAGUÁN,60.0,3.0,91.0,22.0,0.0,0.0,5.0
2007,19,19,19001,POPAYÁN,1526.0,1780.0,16658.0,760.0,23.0,25.0,15.0
2007,19,19,19022,ALMAGUER,25.0,0.0,0.0,0.0,0.0,0.0,1.0
2007,19,19,19050,ARGELIA,25.0,0.0,0.0,0.0,0.0,0.0,1.0
2007,19,19,19075,BALBOA,122.0,0.0,0.0,0.0,0.0,0.0,1.0
2007,19,19,19100,BOLÍVAR,44.0,21.0,0.0,0.0,0.0,0.0,2.0
2007,19,19,19110,BUENOS AIRES,30.0,0.0,0.0,0.0,0.0,0.0,1.0
2007,19,19,19142,CALOTO,181.0,33.0,0.0,0.0,0.0,0.0,1.0
2007,19,19,19212,CORINTO,159.0,26.0,0.0,0.0,0.0,0.0,1.0
2007,19,19,19256,EL TAMBO,52.0,21.0,0.0,0.0,0.0,0.0,2.0
2007,19,19,19290,FLORENCIA,47.0,0.0,0.0,0.0,0.0,0.0,1.0
2007,19,19,19318,GUAPI,76.0,34.0,0.0,0.0,0.0,0.0,2.0
2007,19,19,19355,INZÁ,134.0,0.0,0.0,24.0,0.0,0.0,2.0
2007,19,19,19364,JAMBALÓ,29.0,0.0,0.0,0.0,0.0,0.0,1.0
2007,19,19,19392,LA SIERRA,68.0,0.0,0.0,0.0,0.0,0.0,1.0
2007,19,19,19397,LA VEGA,50.0,0.0,0.0,0.0,0.0,0.0,1.0
2007,19,19,19450,MERCADERES,113.0,0.0,0.0,0.0,0.0,0.0,1.0
2007,19,19,19455,MIRANDA,121.0,19.0,0.0,0.0,0.0,0.0,2.0
2007,19,19,19473,MORALES,29.0,0.0,0.0,0.0,0.0,0.0,1.0
2007,19,19,19532,PATÍA,85.0,16.0,68.0,0.0,0.0,0.0,2.0
2007,19,19,19548,PIENDAMÓ - TUNÍA,117.0,31.0,0.0,0.0,0.0,0.0,3.0
2007,19,19,19573,PUERTO TEJADA,324.0,148.0,106.0,24.0,0.0,0.0,4.0
2007,19,19,19585,PURACÉ,34.0,0.0,0.0,0.0,0.0,0.0,1.0
2007,19,19,19693,SAN SEBASTIÁN,36.0,0.0,0.0,0.0,0.0,0.0,1.0
2007,19,19,19698,SANTANDER DE QUILICHAO,412.0,292.0,0.0,0.0,0.0,0.0,1.0
2007,19,19,19698,SANTANDER DE QUILICHAO,0.0,292.0,729.0,1.0,0.0,0.0,4.0
2007,19,19,19701,SANTA ROSA,66.0,0.0,0.0,0.0,0.0,0.0,1.0
2007,19,19,19743,SILVIA,44.0,30.0,0.0,0.0,0.0,0.0,2.0
2007,19,19,19780,SUÁREZ,37.0,0.0,0.0,0.0,0.0,0.0,1.0
2007,19,19,19785,SUCRE,34.0,0.0,0.0,0.0,0.0,0.0,1.0
2007,19,19,19807,TIMBÍO,210.0,0.0,0.0,0.0,0.0,0.0,1.0
2007,19,19,19845,VILLA RICA,109.0,0.0,0.0,0.0,0.0,0.0,1.0
2007,20,20,20001,VALLEDUPAR,980.0,410.0,0.0,0.0,0.0,0.0,1.0
2007,20,20,20001,VALLEDUPAR,102.0,175.0,13697.0,120.0,0.0,0.0,14.0
2007,20,20,20011,AGUACHICA,481.0,144.0,867.0,0.0,0.0,0.0,3.0
2007,20,20,20013,AGUSTÍN CODAZZI,38.0,0.0,0.0,0.0,0.0,0.0,1.0
2007,20,20,20228,CURUMANÍ,43.0,113.0,81.0,0.0,0.0,0.0,2.0
2007,20,20,20250,EL PASO,51.0,28.0,0.0,0.0,0.0,0.0,1.0
2007,20,20,20400,LA JAGUA DE IBIRICO,391.0,48.0,0.0,0.0,0.0,0.0,1.0
2007,20,20,20621,LA PAZ,0.0,19.0,0.0,0.0,0.0,0.0,1.0
2007,20,20,20710,SAN ALBERTO,33.0,0.0,0.0,0.0,0.0,0.0,1.0
2007,20,20,20750,SAN DIEGO,18.0,0.0,0.0,0.0,0.0,0.0,1.0
2007,20,20,20770,SAN MARTÍN,35.0,0.0,0.0,28.0,0.0,0.0,2.0
2007,23,23,23001,MONTERÍA,2021.0,1235.0,16822.0,180.0,0.0,0.0,14.0
2007,23,23,23068,AYAPEL,137.0,0.0,0.0,0.0,0.0,0.0,1.0
2007,23,23,23068,AYAPEL,0.0,0.0,74.0,0.0,0.0,0.0,2.0
2007,23,23,23162,CERETÉ,130.0,30.0,13.0,0.0,0.0,0.0,4.0
2007,23,23,23168,CHIMÁ,0.0,49.0,0.0,0.0,0.0,0.0,1.0
2007,23,23,23182,CHINÚ,343.0,0.0,0.0,0.0,0.0,0.0,1.0
2007,23,23,23189,CIÉNAGA DE ORO,0.0,32.0,0.0,0.0,0.0,0.0,1.0
2007,23,23,23417,LORICA,270.0,91.0,0.0,0.0,0.0,0.0,1.0
2007,23,23,23417,LORICA,0.0,103.0,476.0,0.0,0.0,0.0,5.0
2007,23,23,23466,MONTELÍBANO,450.0,136.0,465.0,0.0,0.0,0.0,5.0
2007,23,23,23555,PLANETA RICA,81.0,64.0,64.0,0.0,0.0,0.0,4.0
2007,23,23,23570,PUEBLO NUEVO,206.0,0.0,0.0,0.0,0.0,0.0,1.0
2007,23,23,23580,PUERTO LIBERTADOR,35.0,0.0,0.0,0.0,0.0,0.0,1.0
2007,23,23,23660,SAHAGÚN,801.0,140.0,555.0,62.0,0.0,0.0,7.0
2007,23,23,23670,SAN ANDRÉS DE SOTAVENTO,145.0,26.0,0.0,0.0,0.0,0.0,1.0
2007,23,23,23675,SAN BERNARDO DEL VIENTO,147.0,0.0,0.0,0.0,0.0,0.0,1.0
2007,23,23,23807,TIERRALTA,275.0,31.0,24.0,0.0,0.0,0.0,2.0
2007,23,23,23855,VALENCIA,125.0,0.0,0.0,0.0,0.0,0.0,1.0
2007,25,25,25001,AGUA DE DIOS,171.0,0.0,0.0,0.0,0.0,0.0,1.0
2007,25,25,25019,ALBÁN,62.0,0.0,0.0,0.0,0.0,0.0,1.0
2007,25,25,25035,ANAPOIMA,26.0,0.0,0.0,0.0,0.0,0.0,1.0
2007,25,25,25040,ANOLAIMA,278.0,0.0,0.0,0.0,0.0,0.0,1.0
2007,25,25,25053,ARBELÁEZ,77.0,31.0,168.0,0.0,0.0,0.0,2.0
2007,25,25,25099,BOJACÁ,187.0,0.0,0.0,0.0,0.0,0.0,1.0
2007,25,25,25120,CABRERA,57.0,0.0,0.0,0.0,0.0,0.0,1.0
2007,25,25,25123,CACHIPAY,28.0,0.0,0.0,0.0,0.0,0.0,1.0
2007,25,25,25126,CAJICÁ,212.0,0.0,0.0,0.0,0.0,0.0,1.0
2007,25,25,25148,CAPARRAPÍ,47.0,0.0,0.0,0.0,0.0,0.0,1.0
2007,25,25,25151,CÁQUEZA,108.0,0.0,90.0,0.0,0.0,0.0,2.0
2007,25,25,25175,CHÍA,156.0,628.0,5286.0,1148.0,235.0,0.0,5.0
2007,25,25,25181,CHOACHÍ,224.0,0.0,0.0,0.0,0.0,0.0,1.0
2007,25,25,25183,CHOCONTÁ,81.0,27.0,116.0,0.0,0.0,0.0,2.0
2007,25,25,25200,COGUA,0.0,2.0,102.0,27.0,0.0,0.0,2.0
2007,25,25,25214,COTA,62.0,0.0,0.0,20.0,0.0,0.0,2.0
2007,25,25,25245,EL COLEGIO,148.0,11.0,8.0,0.0,0.0,0.0,3.0
2007,25,25,25260,EL ROSAL,119.0,0.0,0.0,0.0,0.0,0.0,1.0
2007,25,25,25269,FACATATIVÁ,581.0,339.0,1725.0,27.0,0.0,0.0,9.0
2007,25,25,25279,FÓMEQUE,27.0,0.0,0.0,0.0,0.0,0.0,1.0
2007,25,25,25286,FUNZA,104.0,0.0,0.0,25.0,0.0,0.0,2.0
2007,25,25,25290,FUSAGASUGÁ,1134.0,314.0,3870.0,40.0,0.0,0.0,9.0
2007,25,25,25293,GACHALÁ,0.0,39.0,0.0,0.0,0.0,0.0,1.0
2007,25,25,25295,GACHANCIPÁ,93.0,0.0,0.0,0.0,0.0,0.0,1.0
2007,25,25,25297,GACHETÁ,102.0,67.0,84.0,0.0,0.0,0.0,3.0
2007,25,25,25307,GIRARDOT,1500.0,442.0,2973.0,5.0,0.0,0.0,6.0
2007,25,25,25320,GUADUAS,145.0,40.0,59.0,0.0,0.0,0.0,2.0
2007,25,25,25322,GUASCA,75.0,0.0,0.0,0.0,0.0,0.0,1.0
2007,25,25,25335,GUAYABETAL,92.0,28.0,0.0,0.0,0.0,0.0,1.0
2007,25,25,25372,JUNÍN,0.0,3.0,35.0,0.0,0.0,0.0,1.0
2007,25,25,25377,LA CALERA,153.0,0.0,0.0,0.0,0.0,0.0,1.0
2007,25,25,25386,LA MESA,274.0,36.0,0.0,0.0,0.0,0.0,1.0
2007,25,25,25394,LA PALMA,46.0,3.0,23.0,0.0,0.0,0.0,2.0
2007,25,25,25402,LA VEGA,205.0,0.0,0.0,0.0,0.0,0.0,1.0
2007,25,25,25426,MACHETÁ,0.0,57.0,0.0,0.0,0.0,0.0,1.0
2007,25,25,25430,MADRID,508.0,470.0,0.0,0.0,0.0,0.0,3.0
2007,25,25,25436,MANTA,0.0,51.0,0.0,0.0,0.0,0.0,1.0
2007,25,25,25438,MEDINA,25.0,0.0,0.0,0.0,0.0,0.0,1.0
2007,25,25,25473,MOSQUERA,890.0,598.0,0.0,0.0,0.0,0.0,1.0
2007,25,25,25486,NEMOCÓN,0.0,0.0,12.0,23.0,0.0,0.0,2.0
2007,25,25,25488,NILO,61.0,1005.0,0.0,0.0,0.0,0.0,2.0
2007,25,25,25506,VENECIA,40.0,0.0,0.0,0.0,0.0,0.0,1.0
2007,25,25,25513,PACHO,180.0,71.0,27.0,0.0,0.0,0.0,2.0
2007,25,25,25535,PASCA,43.0,0.0,31.0,0.0,0.0,0.0,2.0
2007,25,25,25572,PUERTO SALGAR,100.0,25.0,0.0,14.0,0.0,0.0,2.0
2007,25,25,25592,QUEBRADANEGRA,39.0,0.0,0.0,0.0,0.0,0.0,1.0
2007,25,25,25594,QUETAME,0.0,0.0,103.0,0.0,0.0,0.0,1.0
2007,25,25,25599,APULO,33.0,0.0,0.0,0.0,0.0,0.0,1.0
2007,25,25,25649,SAN BERNARDO,38.0,0.0,0.0,0.0,0.0,0.0,1.0
2007,25,25,25662,SAN JUAN DE RIOSECO,158.0,0.0,0.0,0.0,0.0,0.0,1.0
2007,25,25,25718,SASAIMA,112.0,0.0,0.0,0.0,0.0,0.0,1.0
2007,25,25,25740,SIBATÉ,88.0,81.0,1422.0,0.0,0.0,0.0,2.0
2007,25,25,25743,SILVANIA,27.0,23.0,0.0,0.0,0.0,0.0,1.0
2007,25,25,25745,SIMIJACA,20.0,0.0,0.0,30.0,0.0,0.0,2.0
2007,25,25,25754,SOACHA,578.0,226.0,0.0,0.0,0.0,0.0,1.0
2007,25,25,25754,SOACHA,0.0,826.0,588.0,0.0,0.0,0.0,2.0
2007,25,25,25758,SOPÓ,34.0,0.0,0.0,0.0,0.0,0.0,1.0
2007,25,25,25769,SUBACHOQUE,226.0,48.0,0.0,0.0,0.0,0.0,1.0
2007,25,25,25772,SUESCA,150.0,35.0,0.0,0.0,0.0,0.0,1.0
2007,25,25,25777,SUPATÁ,51.0,0.0,0.0,0.0,0.0,0.0,1.0
2007,25,25,25785,TABIO,60.0,0.0,0.0,16.0,0.0,0.0,2.0
2007,25,25,25793,TAUSA,93.0,0.0,0.0,0.0,0.0,0.0,1.0
2007,25,25,25799,TENJO,30.0,0.0,0.0,0.0,0.0,0.0,1.0
2007,25,25,25805,TIBACUY,39.0,0.0,0.0,0.0,0.0,0.0,1.0
2007,25,25,25817,TOCANCIPÁ,428.0,0.0,0.0,0.0,0.0,0.0,1.0
2007,25,25,25839,UBALÁ,22.0,0.0,0.0,0.0,0.0,0.0,1.0
2007,25,25,25843,VILLA DE SAN DIEGO DE UBATÉ,73.0,0.0,652.0,17.0,0.0,0.0,3.0
2007,25,25,25867,VIANÍ,48.0,0.0,0.0,0.0,0.0,0.0,1.0
2007,25,25,25873,VILLAPINZÓN,0.0,34.0,0.0,0.0,0.0,0.0,1.0
2007,25,25,25875,VILLETA,301.0,224.0,101.0,0.0,0.0,0.0,3.0
2007,25,25,25885,YACOPÍ,30.0,0.0,0.0,0.0,0.0,0.0,1.0
2007,25,25,25899,ZIPAQUIRÁ,346.0,275.0,1226.0,91.0,0.0,0.0,7.0
2007,27,27,27001,QUIBDÓ,612.0,181.0,0.0,0.0,0.0,0.0,1.0
2007,27,27,27001,QUIBDÓ,0.0,23.0,8215.0,233.0,0.0,0.0,5.0
2007,27,27,27073,BAGADÓ,52.0,0.0,0.0,0.0,0.0,0.0,1.0
2007,27,27,27075,BAHÍA SOLANO,97.0,0.0,0.0,0.0,0.0,0.0,1.0
2007,27,27,27077,BAJO BAUDÓ,0.0,0.0,25.0,0.0,0.0,0.0,1.0
2007,27,27,27099,BOJAYÁ,38.0,34.0,0.0,0.0,0.0,0.0,1.0
2007,27,27,27135,EL CANTÓN DEL SAN PABLO,98.0,0.0,0.0,0.0,0.0,0.0,1.0
2007,27,27,27150,CARMEN DEL DARIÉN,22.0,0.0,0.0,0.0,0.0,0.0,1.0
2007,27,27,27205,CONDOTO,48.0,0.0,0.0,0.0,0.0,0.0,1.0
2007,27,27,27245,EL CARMEN DE ATRATO,71.0,0.0,0.0,0.0,0.0,0.0,1.0
2007,27,27,27250,EL LITORAL DEL SAN JUAN,26.0,0.0,0.0,0.0,0.0,0.0,1.0
2007,27,27,27361,ISTMINA,37.0,35.0,0.0,0.0,0.0,0.0,1.0
2007,27,27,27361,ISTMINA,0.0,0.0,371.0,0.0,0.0,0.0,2.0
2007,27,27,27413,LLORÓ,33.0,0.0,0.0,0.0,0.0,0.0,1.0
2007,27,27,27495,NUQUÍ,57.0,0.0,44.0,0.0,0.0,0.0,2.0
2007,27,27,27615,RIOSUCIO,159.0,0.0,0.0,0.0,0.0,0.0,1.0
2007,27,27,27615,RIOSUCIO,0.0,0.0,26.0,0.0,0.0,0.0,1.0
2007,27,27,27660,SAN JOSÉ DEL PALMAR,22.0,0.0,0.0,0.0,0.0,0.0,1.0
2007,27,27,27787,TADÓ,57.0,31.0,0.0,0.0,0.0,0.0,1.0
2007,27,27,27787,TADÓ,0.0,0.0,27.0,0.0,0.0,0.0,1.0
2007,27,27,27800,UNGUÍA,0.0,0.0,30.0,0.0,0.0,0.0,1.0
2007,41,41,41001,NEIVA,1670.0,983.0,13738.0,712.0,0.0,0.0,16.0
2007,41,41,41006,ACEVEDO,0.0,0.0,0.0,81.0,0.0,0.0,1.0
2007,41,41,41016,AIPE,116.0,28.0,0.0,0.0,0.0,0.0,1.0
2007,41,41,41020,ALGECIRAS,33.0,0.0,0.0,12.0,0.0,0.0,2.0
2007,41,41,41026,ALTAMIRA,0.0,0.0,28.0,0.0,0.0,0.0,1.0
2007,41,41,41078,BARAYA,49.0,0.0,0.0,0.0,0.0,0.0,1.0
2007,41,41,41132,CAMPOALEGRE,615.0,100.0,77.0,27.0,0.0,0.0,4.0
2007,41,41,41206,COLOMBIA,64.0,0.0,0.0,0.0,0.0,0.0,1.0
2007,41,41,41298,GARZÓN,214.0,207.0,158.0,30.0,0.0,0.0,3.0
2007,41,41,41306,GIGANTE,103.0,35.0,0.0,21.0,0.0,0.0,2.0
2007,41,41,41319,GUADALUPE,0.0,26.0,0.0,0.0,0.0,0.0,1.0
2007,41,41,41349,HOBO,0.0,0.0,0.0,19.0,0.0,0.0,1.0
2007,41,41,41357,ÍQUIRA,1.0,0.0,0.0,0.0,0.0,0.0,1.0
2007,41,41,41378,LA ARGENTINA,0.0,0.0,0.0,27.0,0.0,0.0,1.0
2007,41,41,41396,LA PLATA,479.0,184.0,246.0,54.0,0.0,0.0,6.0
2007,41,41,41483,NÁTAGA,0.0,0.0,0.0,17.0,0.0,0.0,1.0
2007,41,41,41524,PALERMO,30.0,0.0,0.0,0.0,0.0,0.0,1.0
2007,41,41,41548,PITAL,184.0,0.0,0.0,0.0,0.0,0.0,1.0
2007,41,41,41551,PITALITO,602.0,273.0,621.0,41.0,0.0,0.0,5.0
2007,41,41,41615,RIVERA,28.0,0.0,0.0,0.0,0.0,0.0,1.0
2007,41,41,41668,SAN AGUSTÍN,0.0,0.0,0.0,35.0,0.0,0.0,1.0
2007,41,41,41676,SANTA MARÍA,32.0,0.0,0.0,0.0,0.0,0.0,1.0
2007,41,41,41770,SUAZA,34.0,0.0,0.0,0.0,0.0,0.0,1.0
2007,41,41,41791,TARQUI,0.0,21.0,0.0,17.0,0.0,0.0,2.0
2007,41,41,41797,TESALIA,0.0,26.0,0.0,0.0,0.0,0.0,1.0
2007,41,41,41801,TERUEL,32.0,0.0,0.0,0.0,0.0,0.0,1.0
2007,41,41,41807,TIMANÁ,0.0,0.0,0.0,28.0,0.0,0.0,1.0
2007,44,44,44001,RIOHACHA,1053.0,159.0,0.0,0.0,0.0,0.0,1.0
2007,44,44,44001,RIOHACHA,0.0,303.0,6615.0,150.0,0.0,0.0,7.0
2007,44,44,44035,ALBANIA,156.0,1.0,1.0,0.0,0.0,0.0,3.0
2007,44,44,44090,DIBULLA,85.0,46.0,0.0,0.0,0.0,0.0,1.0
2007,44,44,44279,FONSECA,420.0,54.0,0.0,0.0,0.0,0.0,1.0
2007,44,44,44279,FONSECA,0.0,12.0,234.0,0.0,0.0,0.0,2.0
2007,44,44,44378,HATONUEVO,36.0,3.0,0.0,0.0,0.0,0.0,2.0
2007,44,44,44430,MAICAO,258.0,0.0,0.0,0.0,0.0,0.0,1.0
2007,44,44,44430,MAICAO,0.0,0.0,401.0,0.0,0.0,0.0,2.0
2007,44,44,44650,SAN JUAN DEL CESAR,591.0,0.0,185.0,0.0,0.0,0.0,2.0
2007,44,44,44874,VILLANUEVA,186.0,34.0,0.0,0.0,0.0,0.0,1.0
2007,44,44,44874,VILLANUEVA,0.0,14.0,536.0,0.0,0.0,0.0,1.0
2007,47,47,47001,SANTA MARTA,2744.0,1354.0,13062.0,153.0,35.0,0.0,11.0
2007,47,47,47030,ALGARROBO,224.0,0.0,0.0,0.0,0.0,0.0,1.0
2007,47,47,47053,ARACATACA,120.0,0.0,0.0,0.0,0.0,0.0,1.0
2007,47,47,47053,ARACATACA,0.0,0.0,91.0,0.0,0.0,0.0,1.0
2007,47,47,47058,ARIGUANÍ,259.0,0.0,0.0,0.0,0.0,0.0,1.0
2007,47,47,47058,ARIGUANÍ,0.0,0.0,76.0,0.0,0.0,0.0,2.0
2007,47,47,47170,CHIVOLO,105.0,10.0,44.0,0.0,0.0,0.0,3.0
2007,47,47,47189,CIÉNAGA,486.0,93.0,314.0,0.0,0.0,0.0,4.0
2007,47,47,47205,CONCORDIA,140.0,0.0,0.0,0.0,0.0,0.0,1.0
2007,47,47,47245,EL BANCO,160.0,166.0,241.0,0.0,0.0,0.0,4.0
2007,47,47,47258,EL PIÑÓN,202.0,0.0,0.0,0.0,0.0,0.0,1.0
2007,47,47,47268,EL RETÉN,209.0,0.0,0.0,0.0,0.0,0.0,1.0
2007,47,47,47288,FUNDACIÓN,290.0,0.0,0.0,0.0,0.0,0.0,1.0
2007,47,47,47288,FUNDACIÓN,0.0,0.0,147.0,0.0,0.0,0.0,1.0
2007,47,47,47318,GUAMAL,142.0,0.0,17.0,0.0,0.0,0.0,2.0
2007,47,47,47460,NUEVA GRANADA,75.0,0.0,0.0,0.0,0.0,0.0,1.0
2007,47,47,47541,PEDRAZA,36.0,0.0,0.0,0.0,0.0,0.0,1.0
2007,47,47,47545,PIJIÑO DEL CARMEN,122.0,0.0,0.0,0.0,0.0,0.0,1.0
2007,47,47,47551,PIVIJAY,241.0,0.0,0.0,0.0,0.0,0.0,1.0
2007,47,47,47551,PIVIJAY,0.0,7.0,47.0,0.0,0.0,0.0,2.0
2007,47,47,47555,PLATO,214.0,0.0,0.0,0.0,0.0,0.0,1.0
2007,47,47,47555,PLATO,0.0,57.0,132.0,0.0,0.0,0.0,4.0
2007,47,47,47570,PUEBLOVIEJO,154.0,0.0,0.0,0.0,0.0,0.0,1.0
2007,47,47,47605,REMOLINO,70.0,0.0,0.0,0.0,0.0,0.0,1.0
2007,47,47,47660,SABANAS DE SAN ÁNGEL,166.0,0.0,0.0,0.0,0.0,0.0,1.0
2007,47,47,47675,SALAMINA,94.0,0.0,0.0,0.0,0.0,0.0,1.0
2007,47,47,47692,SAN SEBASTIÁN DE BUENAVISTA,92.0,0.0,0.0,0.0,0.0,0.0,1.0
2007,47,47,47703,SAN ZENÓN,35.0,0.0,0.0,0.0,0.0,0.0,1.0
2007,47,47,47707,SANTA ANA,137.0,0.0,0.0,0.0,0.0,0.0,1.0
2007,47,47,47707,SANTA ANA,0.0,0.0,1.0,0.0,0.0,0.0,1.0
2007,47,47,47720,SANTA BÁRBARA DE PINTO,82.0,0.0,0.0,0.0,0.0,0.0,1.0
2007,47,47,47745,SITIONUEVO,22.0,0.0,0.0,0.0,0.0,0.0,1.0
2007,47,47,47798,TENERIFE,203.0,0.0,0.0,0.0,0.0,0.0,1.0
2007,47,47,47960,ZAPAYÁN,39.0,0.0,0.0,0.0,0.0,0.0,1.0
2007,47,47,47980,ZONA BANANERA,337.0,0.0,0.0,0.0,0.0,0.0,1.0
2007,5,5,5001,MEDELLÍN,10391.0,36586.0,100745.0,5081.0,1821.0,315.0,41.0
2007,5,5,5002,ABEJORRAL,13.0,26.0,0.0,0.0,0.0,0.0,2.0
2007,5,5,5004,ABRIAQUÍ,22.0,0.0,0.0,0.0,0.0,0.0,1.0
2007,5,5,5021,ALEJANDRÍA,0.0,30.0,0.0,0.0,0.0,0.0,1.0
2007,5,5,5031,AMALFI,106.0,140.0,21.0,0.0,0.0,0.0,3.0
2007,5,5,5034,ANDES,61.0,236.0,282.0,0.0,0.0,0.0,4.0
2007,5,5,5040,ANORÍ,0.0,22.0,0.0,0.0,0.0,0.0,1.0
2007,5,5,5042,SANTA FÉ DE ANTIOQUIA,83.0,376.0,19.0,0.0,0.0,0.0,4.0
2007,5,5,5045,APARTADÓ,946.0,500.0,674.0,65.0,0.0,0.0,9.0
2007,5,5,5051,ARBOLETES,94.0,0.0,0.0,0.0,0.0,0.0,1.0
2007,5,5,5059,ARMENIA,0.0,0.0,431.0,0.0,0.0,0.0,2.0
2007,5,5,5088,BELLO,311.0,363.0,708.0,26.0,0.0,0.0,4.0
2007,5,5,5091,BETANIA,0.0,27.0,0.0,0.0,0.0,0.0,1.0
2007,5,5,5101,CIUDAD BOLÍVAR,29.0,36.0,0.0,0.0,0.0,0.0,2.0
2007,5,5,5113,BURITICÁ,20.0,0.0,0.0,0.0,0.0,0.0,1.0
2007,5,5,5129,CALDAS,592.0,484.0,1169.0,0.0,0.0,0.0,2.0
2007,5,5,5147,CAREPA,68.0,0.0,0.0,0.0,0.0,0.0,1.0
2007,5,5,5148,EL CARMEN DE VIBORAL,225.0,328.0,870.0,0.0,0.0,0.0,2.0
2007,5,5,5154,CAUCASIA,326.0,512.0,608.0,0.0,0.0,0.0,3.0
2007,5,5,5172,CHIGORODÓ,346.0,0.0,0.0,0.0,0.0,0.0,2.0
2007,5,5,5190,CISNEROS,205.0,59.0,0.0,0.0,0.0,0.0,2.0
2007,5,5,5197,COCORNÁ,83.0,0.0,0.0,0.0,0.0,0.0,1.0
2007,5,5,5206,CONCEPCIÓN,23.0,0.0,0.0,0.0,0.0,0.0,1.0
2007,5,5,5212,COPACABANA,0.0,81.0,0.0,0.0,0.0,0.0,1.0
2007,5,5,5234,DABEIBA,0.0,35.0,17.0,0.0,0.0,0.0,2.0
2007,5,5,5237,DONMATÍAS,0.0,71.0,0.0,0.0,0.0,0.0,1.0
2007,5,5,5237,DONMATÍAS,83.0,132.0,0.0,0.0,0.0,0.0,1.0
2007,5,5,5240,EBÉJICO,19.0,0.0,0.0,0.0,0.0,0.0,1.0
2007,5,5,5250,EL BAGRE,171.0,0.0,0.0,0.0,0.0,0.0,1.0
2007,5,5,5264,ENTRERRÍOS,0.0,30.0,0.0,0.0,0.0,0.0,1.0
2007,5,5,5266,ENVIGADO,212.0,384.0,2785.0,29.0,0.0,0.0,4.0
2007,5,5,5282,FREDONIA,0.0,0.0,98.0,0.0,0.0,0.0,1.0
2007,5,5,5284,FRONTINO,124.0,85.0,0.0,0.0,0.0,0.0,2.0
2007,5,5,5308,GIRARDOTA,22.0,0.0,0.0,0.0,0.0,0.0,1.0
2007,5,5,5313,GRANADA,41.0,0.0,0.0,0.0,0.0,0.0,1.0
2007,5,5,5315,GUADALUPE,0.0,0.0,0.0,30.0,0.0,0.0,1.0
2007,5,5,5318,GUARNE,34.0,29.0,0.0,0.0,0.0,0.0,1.0
2007,5,5,5321,GUATAPÉ,0.0,32.0,21.0,0.0,0.0,0.0,1.0
2007,5,5,5353,HISPANIA,0.0,26.0,0.0,0.0,0.0,0.0,1.0
2007,5,5,5360,ITAGÜÍ,765.0,1410.0,53.0,31.0,0.0,0.0,3.0
2007,5,5,5368,JERICÓ,0.0,36.0,88.0,0.0,0.0,0.0,2.0
2007,5,5,5376,LA CEJA,57.0,92.0,0.0,0.0,0.0,0.0,1.0
2007,5,5,5380,LA ESTRELLA,33.0,0.0,0.0,0.0,0.0,0.0,1.0
2007,5,5,5390,LA PINTADA,22.0,0.0,0.0,0.0,0.0,0.0,1.0
2007,5,5,5400,LA UNIÓN,0.0,57.0,0.0,0.0,0.0,0.0,1.0
2007,5,5,5411,LIBORINA,0.0,41.0,0.0,0.0,0.0,0.0,1.0
2007,5,5,5425,MACEO,80.0,0.0,0.0,0.0,0.0,0.0,1.0
2007,5,5,5440,MARINILLA,23.0,100.0,64.0,0.0,0.0,0.0,2.0
2007,5,5,5467,MONTEBELLO,50.0,0.0,0.0,0.0,0.0,0.0,1.0
2007,5,5,5483,NARIÑO,30.0,0.0,0.0,0.0,0.0,0.0,1.0
2007,5,5,5490,NECOCLÍ,95.0,0.0,0.0,0.0,0.0,0.0,2.0
2007,5,5,5501,OLAYA,14.0,0.0,0.0,0.0,0.0,0.0,1.0
2007,5,5,5541,PEÑOL,22.0,0.0,0.0,0.0,0.0,0.0,1.0
2007,5,5,5579,PUERTO BERRÍO,191.0,320.0,308.0,0.0,0.0,0.0,4.0
2007,5,5,5591,PUERTO TRIUNFO,60.0,0.0,19.0,0.0,0.0,0.0,2.0
2007,5,5,5604,REMEDIOS,148.0,0.0,0.0,0.0,0.0,0.0,1.0
2007,5,5,5607,RETIRO,0.0,32.0,0.0,0.0,0.0,0.0,1.0
2007,5,5,5615,RIONEGRO,807.0,1026.0,2278.0,51.0,0.0,0.0,5.0
2007,5,5,5631,SABANETA,0.0,0.0,2534.0,134.0,115.0,0.0,4.0
2007,5,5,5649,SAN CARLOS,32.0,131.0,0.0,0.0,0.0,0.0,2.0
2007,5,5,5656,SAN JERÓNIMO,25.0,43.0,0.0,0.0,0.0,0.0,1.0
2007,5,5,5658,SAN JOSÉ DE LA MONTAÑA,29.0,32.0,0.0,0.0,0.0,0.0,1.0
2007,5,5,5659,SAN JUAN DE URABÁ,43.0,0.0,0.0,27.0,0.0,0.0,2.0
2007,5,5,5664,SAN PEDRO DE LOS MILAGROS,61.0,32.0,0.0,0.0,0.0,0.0,1.0
2007,5,5,5665,SAN PEDRO DE URABÁ,73.0,0.0,0.0,0.0,0.0,0.0,1.0
2007,5,5,5667,SAN RAFAEL,80.0,0.0,0.0,0.0,0.0,0.0,1.0
2007,5,5,5670,SAN ROQUE,0.0,16.0,0.0,0.0,0.0,0.0,1.0
2007,5,5,5674,SAN VICENTE FERRER,31.0,0.0,0.0,0.0,0.0,0.0,1.0
2007,5,5,5679,SANTA BÁRBARA,0.0,35.0,0.0,0.0,0.0,0.0,1.0
2007,5,5,5686,SANTA ROSA DE OSOS,127.0,114.0,1672.0,24.0,0.0,0.0,3.0
2007,5,5,5697,EL SANTUARIO,66.0,21.0,0.0,0.0,0.0,0.0,1.0
2007,5,5,5736,SEGOVIA,60.0,149.0,15.0,0.0,0.0,0.0,2.0
2007,5,5,5756,SONSÓN,200.0,27.0,495.0,0.0,0.0,0.0,3.0
2007,5,5,5761,SOPETRÁN,31.0,37.0,120.0,0.0,0.0,0.0,2.0
2007,5,5,5790,TARAZÁ,29.0,0.0,0.0,0.0,0.0,0.0,1.0
2007,5,5,5809,TITIRIBÍ,52.0,0.0,0.0,0.0,0.0,0.0,1.0
2007,5,5,5837,TURBO,100.0,258.0,862.0,1.0,0.0,0.0,4.0
2007,5,5,5842,URAMITA,31.0,0.0,0.0,0.0,0.0,0.0,1.0
2007,5,5,5847,URRAO,87.0,85.0,137.0,0.0,0.0,0.0,2.0
2007,5,5,5858,VEGACHÍ,50.0,26.0,0.0,0.0,0.0,0.0,2.0
2007,5,5,5873,VIGÍA DEL FUERTE,29.0,0.0,0.0,0.0,0.0,0.0,1.0
2007,5,5,5885,YALÍ,0.0,21.0,0.0,0.0,0.0,0.0,1.0
2007,5,5,5887,YARUMAL,274.0,150.0,120.0,0.0,0.0,0.0,2.0
2007,5,5,5890,YOLOMBÓ,84.0,0.0,0.0,0.0,0.0,0.0,1.0
2007,5,5,5893,YONDÓ,15.0,0.0,0.0,0.0,0.0,0.0,1.0
2007,5,5,5895,ZARAGOZA,0.0,40.0,0.0,0.0,0.0,0.0,1.0
2007,50,50,50001,VILLAVICENCIO,3018.0,748.0,11893.0,450.0,0.0,0.0,14.0
2007,50,50,50006,ACACÍAS,619.0,394.0,938.0,9.0,0.0,0.0,3.0
2007,50,50,50150,CASTILLA LA NUEVA,137.0,11.0,28.0,0.0,0.0,0.0,2.0
2007,50,50,50226,CUMARAL,253.0,0.0,0.0,0.0,0.0,0.0,1.0
2007,50,50,50226,CUMARAL,0.0,24.0,113.0,25.0,0.0,0.0,3.0
2007,50,50,50245,EL CALVARIO,46.0,0.0,0.0,0.0,0.0,0.0,1.0
2007,50,50,50270,EL DORADO,18.0,0.0,0.0,0.0,0.0,0.0,1.0
2007,50,50,50287,FUENTE DE ORO,43.0,0.0,0.0,0.0,0.0,0.0,1.0
2007,50,50,50313,GRANADA,695.0,68.0,129.0,0.0,0.0,0.0,4.0
2007,50,50,50318,GUAMAL,161.0,0.0,0.0,0.0,0.0,0.0,1.0
2007,50,50,50370,URIBE,19.0,0.0,0.0,0.0,0.0,0.0,1.0
2007,50,50,50568,PUERTO GAITÁN,115.0,0.0,0.0,0.0,0.0,0.0,1.0
2007,50,50,50573,PUERTO LÓPEZ,353.0,31.0,41.0,0.0,0.0,0.0,2.0
2007,50,50,50577,PUERTO LLERAS,28.0,0.0,0.0,0.0,0.0,0.0,1.0
2007,50,50,50590,PUERTO RICO,32.0,0.0,0.0,0.0,0.0,0.0,1.0
2007,50,50,50606,RESTREPO,71.0,0.0,0.0,0.0,0.0,0.0,1.0
2007,50,50,50686,SAN JUANITO,28.0,0.0,0.0,0.0,0.0,0.0,1.0
2007,50,50,50711,VISTAHERMOSA,33.0,0.0,0.0,0.0,0.0,0.0,1.0
2007,52,52,52001,PASTO,1536.0,265.0,0.0,0.0,0.0,0.0,1.0
2007,52,52,52001,PASTO,0.0,2252.0,16152.0,353.0,81.0,0.0,13.0
2007,52,52,52079,BARBACOAS,80.0,0.0,0.0,0.0,0.0,0.0,1.0
2007,52,52,52207,CONSACÁ,0.0,0.0,16.0,0.0,0.0,0.0,1.0
2007,52,52,52215,CÓRDOBA,61.0,0.0,0.0,0.0,0.0,0.0,1.0
2007,52,52,52227,CUMBAL,124.0,0.0,27.0,0.0,0.0,0.0,2.0
2007,52,52,52250,EL CHARCO,38.0,0.0,0.0,0.0,0.0,0.0,1.0
2007,52,52,52258,EL TABLÓN DE GÓMEZ,0.0,0.0,29.0,0.0,0.0,0.0,1.0
2007,52,52,52317,GUACHUCAL,75.0,0.0,0.0,0.0,0.0,0.0,1.0
2007,52,52,52320,GUAITARILLA,35.0,0.0,0.0,0.0,0.0,0.0,1.0
2007,52,52,52323,GUALMATÁN,39.0,0.0,0.0,0.0,0.0,0.0,1.0
2007,52,52,52354,IMUÉS,18.0,0.0,0.0,0.0,0.0,0.0,1.0
2007,52,52,52356,IPIALES,925.0,217.0,866.0,16.0,0.0,0.0,7.0
2007,52,52,52378,LA CRUZ,95.0,0.0,0.0,0.0,0.0,0.0,1.0
2007,52,52,52381,LA FLORIDA,26.0,33.0,0.0,0.0,0.0,0.0,1.0
2007,52,52,52399,LA UNIÓN,92.0,22.0,41.0,0.0,0.0,0.0,2.0
2007,52,52,52427,MAGÜÍ,22.0,0.0,0.0,0.0,0.0,0.0,1.0
2007,52,52,52435,MALLAMA,20.0,0.0,0.0,0.0,0.0,0.0,1.0
2007,52,52,52473,MOSQUERA,22.0,0.0,0.0,0.0,0.0,0.0,1.0
2007,52,52,52490,OLAYA HERRERA,62.0,0.0,0.0,0.0,0.0,0.0,1.0
2007,52,52,52506,OSPINA,65.0,0.0,0.0,0.0,0.0,0.0,1.0
2007,52,52,52520,FRANCISCO PIZARRO,54.0,0.0,0.0,0.0,0.0,0.0,1.0
2007,52,52,52560,POTOSÍ,31.0,0.0,0.0,0.0,0.0,0.0,1.0
2007,52,52,52573,PUERRES,27.0,0.0,0.0,0.0,0.0,0.0,1.0
2007,52,52,52612,RICAURTE,0.0,64.0,28.0,0.0,0.0,0.0,2.0
2007,52,52,52678,SAMANIEGO,10.0,0.0,0.0,0.0,0.0,0.0,1.0
2007,52,52,52683,SANDONÁ,0.0,0.0,19.0,0.0,0.0,0.0,1.0
2007,52,52,52687,SAN LORENZO,0.0,0.0,39.0,0.0,0.0,0.0,2.0
2007,52,52,52835,SAN ANDRÉS DE TUMACO,372.0,138.0,408.0,35.0,0.0,0.0,5.0
2007,52,52,52838,TÚQUERRES,152.0,0.0,0.0,0.0,0.0,0.0,1.0
2007,52,52,52838,TÚQUERRES,0.0,0.0,182.0,0.0,0.0,0.0,2.0
2007,52,52,52885,YACUANQUER,0.0,41.0,0.0,0.0,0.0,0.0,1.0
2007,54,54,54001,SAN JOSÉ DE CÚCUTA,3169.0,607.0,0.0,0.0,0.0,0.0,1.0
2007,54,54,54001,SAN JOSÉ DE CÚCUTA,395.0,2201.0,16310.0,438.0,0.0,0.0,11.0
2007,54,54,54003,ÁBREGO,32.0,0.0,0.0,0.0,0.0,0.0,1.0
2007,54,54,54099,BOCHALEMA,102.0,0.0,0.0,0.0,0.0,0.0,1.0
2007,54,54,54128,CÁCHIRA,108.0,0.0,0.0,0.0,0.0,0.0,1.0
2007,54,54,54172,CHINÁCOTA,52.0,82.0,43.0,0.0,0.0,0.0,3.0
2007,54,54,54223,CUCUTILLA,30.0,0.0,0.0,0.0,0.0,0.0,1.0
2007,54,54,54239,DURANIA,30.0,18.0,0.0,0.0,0.0,0.0,2.0
2007,54,54,54250,EL TARRA,0.0,0.0,24.0,0.0,0.0,0.0,1.0
2007,54,54,54261,EL ZULIA,81.0,0.0,0.0,0.0,0.0,0.0,1.0
2007,54,54,54313,GRAMALOTE,25.0,0.0,0.0,0.0,0.0,0.0,1.0
2007,54,54,54377,LABATECA,30.0,0.0,0.0,0.0,0.0,0.0,1.0
2007,54,54,54385,LA ESPERANZA,0.0,0.0,3.0,0.0,0.0,0.0,1.0
2007,54,54,54405,LOS PATIOS,177.0,0.0,0.0,0.0,0.0,0.0,1.0
2007,54,54,54498,OCAÑA,213.0,711.0,2161.0,54.0,0.0,0.0,6.0
2007,54,54,54518,PAMPLONA,574.0,680.0,12517.0,641.0,249.0,0.0,4.0
2007,54,54,54553,PUERTO SANTANDER,0.0,13.0,0.0,0.0,0.0,0.0,1.0
2007,54,54,54599,RAGONVALIA,0.0,0.0,16.0,0.0,0.0,0.0,1.0
2007,54,54,54660,SALAZAR,43.0,19.0,17.0,0.0,0.0,0.0,2.0
2007,54,54,54673,SAN CAYETANO,0.0,22.0,30.0,0.0,0.0,0.0,1.0
2007,54,54,54720,SARDINATA,0.0,0.0,42.0,0.0,0.0,0.0,2.0
2007,54,54,54810,TIBÚ,72.0,37.0,20.0,0.0,0.0,0.0,3.0
2007,54,54,54874,VILLA DEL ROSARIO,0.0,0.0,3267.0,0.0,0.0,0.0,1.0
2007,63,63,63001,ARMENIA,3272.0,1900.0,11056.0,237.0,0.0,0.0,14.0
2007,63,63,63111,BUENAVISTA,34.0,0.0,0.0,0.0,0.0,0.0,1.0
2007,63,63,63130,CALARCÁ,1042.0,107.0,0.0,0.0,0.0,0.0,2.0
2007,63,63,63190,CIRCASIA,228.0,0.0,120.0,0.0,0.0,0.0,2.0
2007,63,63,63212,CÓRDOBA,50.0,0.0,0.0,0.0,0.0,0.0,1.0
2007,63,63,63272,FILANDIA,0.0,28.0,0.0,0.0,0.0,0.0,1.0
2007,63,63,63302,GÉNOVA,39.0,27.0,0.0,0.0,0.0,0.0,1.0
2007,63,63,63401,LA TEBAIDA,159.0,26.0,0.0,0.0,0.0,0.0,1.0
2007,63,63,63470,MONTENEGRO,159.0,137.0,0.0,0.0,0.0,0.0,1.0
2007,63,63,63548,PIJAO,138.0,0.0,0.0,0.0,0.0,0.0,1.0
2007,63,63,63594,QUIMBAYA,239.0,42.0,72.0,0.0,0.0,0.0,3.0
2007,63,63,63690,SALENTO,52.0,0.0,0.0,0.0,0.0,0.0,1.0
2007,66,66,66001,PEREIRA,2837.0,3296.0,18478.0,674.0,614.0,13.0,14.0
2007,66,66,66045,APÍA,32.0,29.0,0.0,0.0,0.0,0.0,1.0
2007,66,66,66075,BALBOA,46.0,0.0,0.0,0.0,0.0,0.0,1.0
2007,66,66,66088,BELÉN DE UMBRÍA,32.0,63.0,2.0,0.0,0.0,0.0,2.0
2007,66,66,66170,DOSQUEBRADAS,1114.0,847.0,1.0,0.0,0.0,0.0,3.0
2007,66,66,66318,GUÁTICA,105.0,11.0,0.0,0.0,0.0,0.0,2.0
2007,66,66,66383,LA CELIA,0.0,76.0,1.0,0.0,0.0,0.0,2.0
2007,66,66,66400,LA VIRGINIA,0.0,89.0,0.0,0.0,0.0,0.0,1.0
2007,66,66,66440,MARSELLA,47.0,33.0,0.0,0.0,0.0,0.0,1.0
2007,66,66,66456,MISTRATÓ,48.0,7.0,3.0,0.0,0.0,0.0,2.0
2007,66,66,66572,PUEBLO RICO,133.0,0.0,0.0,0.0,0.0,0.0,1.0
2007,66,66,66594,QUINCHÍA,28.0,1.0,42.0,0.0,0.0,0.0,3.0
2007,66,66,66682,SANTA ROSA DE CABAL,94.0,294.0,582.0,24.0,0.0,0.0,2.0
2007,66,66,66687,SANTUARIO,51.0,0.0,0.0,0.0,0.0,0.0,1.0
2007,68,68,68001,BUCARAMANGA,3137.0,18072.0,40056.0,1465.0,481.0,58.0,24.0
2007,68,68,68020,ALBANIA,0.0,2.0,9.0,0.0,0.0,0.0,1.0
2007,68,68,68077,BARBOSA,161.0,0.0,0.0,0.0,0.0,0.0,1.0
2007,68,68,68081,BARRANCABERMEJA,872.0,1248.0,2749.0,42.0,0.0,0.0,8.0
2007,68,68,68101,BOLÍVAR,44.0,0.0,0.0,0.0,0.0,0.0,1.0
2007,68,68,68147,CAPITANEJO,0.0,0.0,0.0,16.0,0.0,0.0,1.0
2007,68,68,68167,CHARALÁ,0.0,15.0,0.0,0.0,0.0,0.0,1.0
2007,68,68,68190,CIMITARRA,30.0,12.0,0.0,0.0,0.0,0.0,2.0
2007,68,68,68235,EL CARMEN DE CHUCURÍ,0.0,0.0,9.0,0.0,0.0,0.0,1.0
2007,68,68,68255,EL PLAYÓN,72.0,0.0,0.0,0.0,0.0,0.0,1.0
2007,68,68,68271,FLORIÁN,39.0,0.0,0.0,0.0,0.0,0.0,1.0
2007,68,68,68276,FLORIDABLANCA,439.0,124.0,0.0,0.0,0.0,0.0,1.0
2007,68,68,68307,GIRÓN,1056.0,564.0,0.0,0.0,0.0,0.0,1.0
2007,68,68,68377,LA BELLEZA,0.0,15.0,0.0,0.0,0.0,0.0,1.0
2007,68,68,68432,MÁLAGA,282.0,202.0,292.0,0.0,0.0,0.0,4.0
2007,68,68,68464,MOGOTES,0.0,14.0,1.0,0.0,0.0,0.0,1.0
2007,68,68,68500,OIBA,0.0,1.0,0.0,0.0,0.0,0.0,1.0
2007,68,68,68524,PALMAS DEL SOCORRO,0.0,0.0,17.0,0.0,0.0,0.0,1.0
2007,68,68,68547,PIEDECUESTA,183.0,158.0,84.0,0.0,0.0,0.0,3.0
2007,68,68,68572,PUENTE NACIONAL,52.0,0.0,0.0,44.0,0.0,0.0,2.0
2007,68,68,68575,PUERTO WILCHES,62.0,0.0,1.0,0.0,0.0,0.0,2.0
2007,68,68,68655,SABANA DE TORRES,33.0,0.0,20.0,0.0,0.0,0.0,2.0
2007,68,68,68669,SAN ANDRÉS,58.0,0.0,0.0,0.0,0.0,0.0,1.0
2007,68,68,68673,SAN BENITO,27.0,0.0,0.0,0.0,0.0,0.0,1.0
2007,68,68,68679,SAN GIL,209.0,367.0,1234.0,45.0,0.0,0.0,5.0
2007,68,68,68684,SAN JOSÉ DE MIRANDA,12.0,0.0,0.0,0.0,0.0,0.0,1.0
2007,68,68,68689,SAN VICENTE DE CHUCURÍ,243.0,0.0,0.0,0.0,0.0,0.0,1.0
2007,68,68,68689,SAN VICENTE DE CHUCURÍ,0.0,0.0,28.0,0.0,0.0,0.0,1.0
2007,68,68,68755,SOCORRO,115.0,29.0,1.0,20.0,0.0,0.0,3.0
2007,68,68,68770,SUAITA,0.0,13.0,11.0,0.0,0.0,0.0,2.0
2007,68,68,68861,VÉLEZ,253.0,106.0,130.0,21.0,0.0,0.0,5.0
2007,70,70,70001,SINCELEJO,1433.0,476.0,7552.0,49.0,0.0,0.0,11.0
2007,70,70,70215,COROZAL,88.0,0.0,0.0,0.0,0.0,0.0,1.0
2007,70,70,70215,COROZAL,86.0,73.0,795.0,0.0,0.0,0.0,3.0
2007,70,70,70221,COVEÑAS,0.0,307.0,0.0,0.0,0.0,0.0,1.0
2007,70,70,70429,MAJAGUAL,53.0,0.0,28.0,0.0,0.0,0.0,3.0
2007,70,70,70670,SAMPUÉS,80.0,52.0,35.0,0.0,0.0,0.0,4.0
2007,70,70,70708,SAN MARCOS,0.0,0.0,45.0,0.0,0.0,0.0,2.0
2007,70,70,70713,SAN ONOFRE,0.0,0.0,56.0,0.0,0.0,0.0,1.0
2007,70,70,70742,SAN LUIS DE SINCÉ,0.0,0.0,19.0,0.0,0.0,0.0,1.0
2007,70,70,70820,SANTIAGO DE TOLÚ,51.0,30.0,0.0,0.0,0.0,0.0,1.0
2007,70,70,70823,SAN JOSÉ DE TOLUVIEJO,0.0,22.0,0.0,0.0,0.0,0.0,1.0
2007,73,73,73001,IBAGUÉ,2478.0,3434.0,18294.0,549.0,61.0,9.0,16.0
2007,73,73,73030,AMBALEMA,42.0,0.0,0.0,0.0,0.0,0.0,1.0
2007,73,73,73067,ATACO,89.0,0.0,0.0,0.0,0.0,0.0,1.0
2007,73,73,73148,CARMEN DE APICALÁ,44.0,0.0,0.0,0.0,0.0,0.0,1.0
2007,73,73,73168,CHAPARRAL,56.0,93.0,274.0,0.0,0.0,0.0,3.0
2007,73,73,73217,COYAIMA,178.0,0.0,24.0,0.0,0.0,0.0,2.0
2007,73,73,73226,CUNDAY,30.0,0.0,0.0,0.0,0.0,0.0,1.0
2007,73,73,73236,DOLORES,0.0,37.0,0.0,0.0,0.0,0.0,1.0
2007,73,73,73268,ESPINAL,1493.0,1004.0,420.0,28.0,0.0,0.0,7.0
2007,73,73,73270,FALAN,0.0,0.0,30.0,0.0,0.0,0.0,1.0
2007,73,73,73283,FRESNO,93.0,29.0,33.0,0.0,0.0,0.0,2.0
2007,73,73,73319,GUAMO,0.0,0.0,0.0,18.0,0.0,0.0,1.0
2007,73,73,73349,HONDA,69.0,454.0,96.0,0.0,0.0,0.0,4.0
2007,73,73,73352,ICONONZO,0.0,0.0,74.0,0.0,0.0,0.0,1.0
2007,73,73,73408,LÉRIDA,20.0,33.0,21.0,0.0,0.0,0.0,2.0
2007,73,73,73411,LÍBANO,168.0,54.0,126.0,0.0,0.0,0.0,5.0
2007,73,73,73443,SAN SEBASTIÁN DE MARIQUITA,69.0,151.0,83.0,0.0,0.0,0.0,3.0
2007,73,73,73443,SAN SEBASTIÁN DE MARIQUITA,0.0,54.0,0.0,0.0,0.0,0.0,1.0
2007,73,73,73449,MELGAR,44.0,92.0,108.0,0.0,0.0,0.0,2.0
2007,73,73,73483,NATAGAIMA,53.0,26.0,0.0,0.0,0.0,0.0,1.0
2007,73,73,73504,ORTEGA,209.0,25.0,8.0,24.0,0.0,0.0,3.0
2007,73,73,73520,PALOCABILDO,60.0,0.0,0.0,0.0,0.0,0.0,1.0
2007,73,73,73547,PIEDRAS,31.0,0.0,0.0,0.0,0.0,0.0,1.0
2007,73,73,73555,PLANADAS,24.0,15.0,26.0,18.0,0.0,0.0,3.0
2007,73,73,73563,PRADO,46.0,0.0,0.0,0.0,0.0,0.0,1.0
2007,73,73,73585,PURIFICACIÓN,0.0,46.0,0.0,0.0,0.0,0.0,1.0
2007,73,73,73616,RIOBLANCO,26.0,0.0,10.0,0.0,0.0,0.0,2.0
2007,73,73,73622,RONCESVALLES,22.0,0.0,0.0,0.0,0.0,0.0,1.0
2007,73,73,73624,ROVIRA,0.0,33.0,0.0,0.0,0.0,0.0,1.0
2007,73,73,73671,SALDAÑA,0.0,0.0,0.0,18.0,0.0,0.0,1.0
2007,73,73,73675,SAN ANTONIO,0.0,0.0,0.0,30.0,0.0,0.0,1.0
2007,73,73,73854,VALLE DE SAN JUAN,29.0,0.0,0.0,0.0,0.0,0.0,1.0
2007,76,76,76001,CALI,6342.0,13263.0,59078.0,2342.0,1712.0,200.0,40.0
2007,76,76,76020,ALCALÁ,0.0,69.0,0.0,0.0,0.0,0.0,1.0
2007,76,76,76036,ANDALUCÍA,0.0,0.0,0.0,25.0,0.0,0.0,1.0
2007,76,76,76109,BUENAVENTURA,720.0,1132.0,2301.0,28.0,0.0,0.0,10.0
2007,76,76,76111,GUADALAJARA DE BUGA,1258.0,781.0,1257.0,58.0,0.0,0.0,6.0
2007,76,76,76122,CAICEDONIA,25.0,70.0,61.0,0.0,0.0,0.0,2.0
2007,76,76,76130,CANDELARIA,49.0,71.0,0.0,0.0,0.0,0.0,2.0
2007,76,76,76147,CARTAGO,610.0,806.0,561.0,0.0,0.0,0.0,6.0
2007,76,76,76248,EL CERRITO,72.0,0.0,0.0,0.0,0.0,0.0,1.0
2007,76,76,76250,EL DOVIO,100.0,0.0,0.0,0.0,0.0,0.0,1.0
2007,76,76,76275,FLORIDA,43.0,0.0,0.0,21.0,0.0,0.0,2.0
2007,76,76,76306,GINEBRA,31.0,0.0,0.0,0.0,0.0,0.0,1.0
2007,76,76,76318,GUACARÍ,47.0,0.0,1.0,0.0,0.0,0.0,2.0
2007,76,76,76364,JAMUNDÍ,57.0,0.0,0.0,44.0,0.0,0.0,2.0
2007,76,76,76497,OBANDO,20.0,26.0,0.0,0.0,0.0,0.0,1.0
2007,76,76,76520,PALMIRA,728.0,1066.0,6719.0,42.0,69.0,31.0,9.0
2007,76,76,76622,ROLDANILLO,641.0,99.0,160.0,27.0,0.0,0.0,5.0
2007,76,76,76736,SEVILLA,75.0,37.0,0.0,0.0,0.0,0.0,1.0
2007,76,76,76834,TULUÁ,451.0,507.0,3632.0,61.0,0.0,0.0,6.0
2007,76,76,76845,ULLOA,0.0,25.0,0.0,0.0,0.0,0.0,1.0
2007,76,76,76869,VIJES,0.0,0.0,0.0,26.0,0.0,0.0,1.0
2007,76,76,76892,YUMBO,28.0,420.0,19.0,0.0,0.0,0.0,2.0
2007,76,76,76895,ZARZAL,38.0,73.0,422.0,0.0,0.0,0.0,2.0
2007,8,8,8001,BARRANQUILLA,12180.0,4575.0,57638.0,1611.0,406.0,16.0,25.0
2007,8,8,8078,BARANOA,30.0,0.0,0.0,0.0,0.0,0.0,1.0
2007,8,8,8296,GALAPA,81.0,0.0,0.0,0.0,0.0,0.0,1.0
2007,8,8,8560,PONEDERA,24.0,0.0,0.0,0.0,0.0,0.0,1.0
2007,8,8,8573,PUERTO COLOMBIA,69.0,5.0,102.0,18.0,0.0,0.0,2.0
2007,8,8,8634,SABANAGRANDE,63.0,0.0,15.0,0.0,0.0,0.0,2.0
2007,8,8,8638,SABANALARGA,550.0,30.0,58.0,0.0,0.0,0.0,3.0
2007,8,8,8758,SOLEDAD,2780.0,158.0,0.0,0.0,0.0,0.0,2.0
2007,8,8,8770,SUAN,23.0,0.0,0.0,0.0,0.0,0.0,1.0
2007,81,81,81001,ARAUCA,732.0,160.0,544.0,12.0,0.0,0.0,8.0
2007,81,81,81065,ARAUQUITA,71.0,0.0,0.0,0.0,0.0,0.0,1.0
2007,81,81,81300,FORTUL,0.0,0.0,0.0,17.0,0.0,0.0,1.0
2007,81,81,81736,SARAVENA,167.0,27.0,82.0,0.0,0.0,0.0,4.0
2007,81,81,81794,TAME,29.0,29.0,0.0,0.0,0.0,0.0,1.0
2007,81,81,81794,TAME,0.0,43.0,0.0,0.0,0.0,0.0,1.0
2007,85,85,85001,YOPAL,1050.0,541.0,3290.0,153.0,0.0,0.0,11.0
2007,85,85,85010,AGUAZUL,20.0,0.0,0.0,0.0,0.0,0.0,1.0
2007,85,85,85139,MANÍ,41.0,0.0,0.0,0.0,0.0,0.0,1.0
2007,85,85,85162,MONTERREY,0.0,19.0,28.0,0.0,0.0,0.0,2.0
2007,85,85,85225,NUNCHÍA,32.0,0.0,0.0,0.0,0.0,0.0,1.0
2007,85,85,85230,OROCUÉ,87.0,0.0,0.0,0.0,0.0,0.0,1.0
2007,85,85,85250,PAZ DE ARIPORO,192.0,62.0,29.0,0.0,0.0,0.0,2.0
2007,85,85,85410,TAURAMENA,145.0,25.0,0.0,0.0,0.0,0.0,1.0
2007,85,85,85440,VILLANUEVA,113.0,0.0,0.0,0.0,0.0,0.0,1.0
2007,86,86,86001,MOCOA,156.0,29.0,0.0,0.0,0.0,0.0,1.0
2007,86,86,86001,MOCOA,0.0,439.0,273.0,0.0,0.0,0.0,3.0
2007,86,86,86320,ORITO,0.0,31.0,0.0,0.0,0.0,0.0,1.0
2007,86,86,86568,PUERTO ASÍS,160.0,109.0,0.0,0.0,0.0,0.0,1.0
2007,86,86,86568,PUERTO ASÍS,0.0,45.0,64.0,0.0,0.0,0.0,2.0
2007,86,86,86569,PUERTO CAICEDO,39.0,0.0,0.0,0.0,0.0,0.0,1.0
2007,86,86,86571,PUERTO GUZMÁN,43.0,0.0,0.0,0.0,0.0,0.0,1.0
2007,86,86,86573,PUERTO LEGUÍZAMO,62.0,0.0,0.0,0.0,0.0,0.0,1.0
2007,86,86,86749,SIBUNDOY,37.0,120.0,0.0,24.0,0.0,0.0,3.0
2007,86,86,86755,SAN FRANCISCO,0.0,6.0,13.0,0.0,0.0,0.0,1.0
2007,86,86,86757,SAN MIGUEL,0.0,65.0,0.0,0.0,0.0,0.0,1.0
2007,86,86,86760,SANTIAGO,29.0,0.0,0.0,0.0,0.0,0.0,1.0
2007,86,86,86865,VALLE DEL GUAMUEZ,0.0,43.0,109.0,0.0,0.0,0.0,1.0
2007,86,86,86885,VILLAGARZÓN,0.0,38.0,0.0,0.0,0.0,0.0,1.0
2007,88,88,88001,SAN ANDRÉS,933.0,248.0,21.0,19.0,4.0,0.0,6.0
2007,88,88,88564,PROVIDENCIA,25.0,0.0,0.0,0.0,0.0,0.0,1.0
2007,91,91,91001,LETICIA,206.0,107.0,123.0,5.0,39.0,0.0,6.0
2007,91,91,91540,PUERTO NARIÑO,32.0,0.0,0.0,0.0,0.0,0.0,1.0
2007,94,94,94001,INÍRIDA,550.0,106.0,7.0,0.0,0.0,0.0,2.0
2007,95,95,95001,SAN JOSÉ DEL GUAVIARE,449.0,144.0,581.0,13.0,0.0,0.0,5.0
2007,95,95,95025,EL RETORNO,32.0,0.0,0.0,0.0,0.0,0.0,1.0
2007,95,95,95200,MIRAFLORES,57.0,0.0,0.0,0.0,0.0,0.0,1.0
2007,97,97,97001,MITÚ,200.0,23.0,118.0,0.0,0.0,0.0,4.0
2007,99,99,99001,PUERTO CARREÑO,227.0,34.0,143.0,12.0,0.0,0.0,3.0
2007,99,99,99524,LA PRIMAVERA,0.0,0.0,67.0,0.0,0.0,0.0,1.0
2007,99,99,99773,CUMARIBO,136.0,0.0,7.0,0.0,0.0,0.0,2.0
2008,11,11,11001,BOGOTÁ D.C.,72772.0,49896.0,302426.0,20893.0,8349.0,690.0,109.0
2008,13,13,13001,CARTAGENA DE INDIAS,5064.0,8318.0,24870.0,710.0,37.0,0.0,31.0
2008,13,13,13006,ACHÍ,0.0,0.0,19.0,0.0,0.0,0.0,1.0
2008,13,13,13030,ALTOS DEL ROSARIO,30.0,0.0,0.0,0.0,0.0,0.0,1.0
2008,13,13,13042,ARENAL,35.0,0.0,0.0,0.0,0.0,0.0,1.0
2008,13,13,13052,ARJONA,306.0,89.0,0.0,0.0,0.0,0.0,1.0
2008,13,13,13062,ARROYOHONDO,34.0,0.0,0.0,0.0,0.0,0.0,1.0
2008,13,13,13140,CALAMAR,59.0,0.0,0.0,0.0,0.0,0.0,1.0
2008,13,13,13222,CLEMENCIA,30.0,0.0,0.0,0.0,0.0,0.0,1.0
2008,13,13,13244,EL CARMEN DE BOLÍVAR,208.0,0.0,259.0,0.0,0.0,0.0,4.0
2008,13,13,13248,EL GUAMO,0.0,58.0,0.0,0.0,0.0,0.0,1.0
2008,13,13,13300,HATILLO DE LOBA,0.0,31.0,0.0,0.0,0.0,0.0,1.0
2008,13,13,13430,MAGANGUÉ,293.0,172.0,496.0,0.0,0.0,0.0,7.0
2008,13,13,13433,MAHATES,28.0,0.0,0.0,0.0,0.0,0.0,1.0
2008,13,13,13440,MARGARITA,0.0,30.0,0.0,0.0,0.0,0.0,1.0
2008,13,13,13442,MARÍA LA BAJA,65.0,103.0,0.0,0.0,0.0,0.0,2.0
2008,13,13,13468,SANTA CRUZ DE MOMPOX,271.0,30.0,93.0,0.0,0.0,0.0,3.0
2008,13,13,13473,MORALES,63.0,0.0,0.0,0.0,0.0,0.0,1.0
2008,13,13,13549,PINILLOS,60.0,32.0,0.0,0.0,0.0,0.0,1.0
2008,13,13,13549,PINILLOS,0.0,0.0,23.0,0.0,0.0,0.0,1.0
2008,13,13,13620,SAN CRISTÓBAL,0.0,28.0,0.0,0.0,0.0,0.0,1.0
2008,13,13,13647,SAN ESTANISLAO,30.0,0.0,158.0,0.0,0.0,0.0,3.0
2008,13,13,13650,SAN FERNANDO,60.0,0.0,0.0,0.0,0.0,0.0,1.0
2008,13,13,13654,SAN JACINTO,95.0,32.0,0.0,0.0,0.0,0.0,1.0
2008,13,13,13655,SAN JACINTO DEL CAUCA,29.0,0.0,0.0,0.0,0.0,0.0,1.0
2008,13,13,13657,SAN JUAN NEPOMUCENO,98.0,0.0,0.0,0.0,0.0,0.0,1.0
2008,13,13,13670,SAN PABLO,45.0,66.0,0.0,0.0,0.0,0.0,1.0
2008,13,13,13670,SAN PABLO,0.0,0.0,130.0,0.0,0.0,0.0,2.0
2008,13,13,13683,SANTA ROSA,67.0,0.0,0.0,0.0,0.0,0.0,1.0
2008,13,13,13688,SANTA ROSA DEL SUR,87.0,104.0,119.0,0.0,0.0,0.0,4.0
2008,13,13,13744,SIMITÍ,0.0,0.0,21.0,0.0,0.0,0.0,1.0
2008,13,13,13760,SOPLAVIENTO,35.0,0.0,0.0,0.0,0.0,0.0,1.0
2008,13,13,13780,TALAIGUA NUEVO,30.0,0.0,0.0,0.0,0.0,0.0,1.0
2008,13,13,13810,TIQUISIO,32.0,0.0,0.0,0.0,0.0,0.0,1.0
2008,13,13,13836,TURBACO,62.0,29.0,244.0,0.0,0.0,0.0,3.0
2008,13,13,13838,TURBANÁ,70.0,0.0,0.0,0.0,0.0,0.0,1.0
2008,13,13,13873,VILLANUEVA,29.0,0.0,0.0,0.0,0.0,0.0,1.0
2008,13,13,13894,ZAMBRANO,35.0,0.0,0.0,0.0,0.0,0.0,1.0
2008,15,15,15001,TUNJA,706.0,1357.0,19578.0,919.0,211.0,0.0,11.0
2008,15,15,15087,BELÉN,31.0,0.0,0.0,22.0,0.0,0.0,2.0
2008,15,15,15097,BOAVITA,0.0,26.0,34.0,0.0,0.0,0.0,1.0
2008,15,15,15162,CERINZA,0.0,0.0,27.0,0.0,0.0,0.0,1.0
2008,15,15,15176,CHIQUINQUIRÁ,171.0,212.0,1409.0,0.0,0.0,0.0,6.0
2008,15,15,15180,CHISCAS,0.0,17.0,17.0,0.0,0.0,0.0,2.0
2008,15,15,15183,CHITA,0.0,0.0,0.0,19.0,0.0,0.0,1.0
2008,15,15,15204,CÓMBITA,61.0,0.0,0.0,0.0,0.0,0.0,1.0
2008,15,15,15223,CUBARÁ,0.0,29.0,0.0,0.0,0.0,0.0,1.0
2008,15,15,15238,DUITAMA,296.0,615.0,4559.0,80.0,0.0,0.0,8.0
2008,15,15,15244,EL COCUY,28.0,0.0,0.0,0.0,0.0,0.0,1.0
2008,15,15,15248,EL ESPINO,29.0,0.0,0.0,0.0,0.0,0.0,1.0
2008,15,15,15299,GARAGOA,61.0,135.0,151.0,29.0,0.0,0.0,5.0
2008,15,15,15322,GUATEQUE,21.0,4.0,5.0,0.0,0.0,0.0,2.0
2008,15,15,15332,GÜICÁN DE LA SIERRA,20.0,17.0,0.0,0.0,0.0,0.0,1.0
2008,15,15,15332,GÜICÁN DE LA SIERRA,0.0,1.0,29.0,0.0,0.0,0.0,1.0
2008,15,15,15455,MIRAFLORES,56.0,0.0,0.0,0.0,0.0,0.0,1.0
2008,15,15,15469,MONIQUIRÁ,54.0,39.0,370.0,0.0,0.0,0.0,4.0
2008,15,15,15480,MUZO,0.0,1.0,11.0,0.0,0.0,0.0,1.0
2008,15,15,15491,NOBSA,121.0,0.0,0.0,0.0,0.0,0.0,1.0
2008,15,15,15494,NUEVO COLÓN,37.0,24.0,0.0,0.0,0.0,0.0,1.0
2008,15,15,15507,OTANCHE,0.0,25.0,0.0,0.0,0.0,0.0,1.0
2008,15,15,15514,PÁEZ,23.0,0.0,0.0,0.0,0.0,0.0,1.0
2008,15,15,15516,PAIPA,22.0,52.0,0.0,23.0,0.0,0.0,2.0
2008,15,15,15572,PUERTO BOYACÁ,151.0,359.0,41.0,0.0,0.0,0.0,5.0
2008,15,15,15580,QUÍPAMA,0.0,26.0,0.0,0.0,0.0,0.0,1.0
2008,15,15,15599,RAMIRIQUÍ,40.0,0.0,0.0,0.0,0.0,0.0,1.0
2008,15,15,15646,SAMACÁ,93.0,91.0,16.0,0.0,0.0,0.0,3.0
2008,15,15,15673,SAN MATEO,34.0,0.0,0.0,0.0,0.0,0.0,1.0
2008,15,15,15681,SAN PABLO DE BORBUR,44.0,0.0,0.0,0.0,0.0,0.0,1.0
2008,15,15,15693,SANTA ROSA DE VITERBO,265.0,0.0,0.0,0.0,0.0,0.0,1.0
2008,15,15,15740,SIACHOQUE,27.0,0.0,0.0,0.0,0.0,0.0,1.0
2008,15,15,15753,SOATÁ,246.0,100.0,113.0,1.0,0.0,0.0,3.0
2008,15,15,15755,SOCOTÁ,0.0,30.0,0.0,0.0,0.0,0.0,1.0
2008,15,15,15757,SOCHA,110.0,44.0,44.0,7.0,0.0,0.0,2.0
2008,15,15,15759,SOGAMOSO,1076.0,1601.0,4185.0,29.0,0.0,0.0,6.0
2008,15,15,15762,SORA,0.0,0.0,6.0,0.0,0.0,0.0,1.0
2008,15,15,15778,SUTATENZA,0.0,0.0,32.0,0.0,0.0,0.0,1.0
2008,15,15,15798,TENZA,0.0,0.0,31.0,0.0,0.0,0.0,1.0
2008,15,15,15810,TIPACOQUE,0.0,38.0,0.0,0.0,0.0,0.0,1.0
2008,15,15,15814,TOCA,0.0,31.0,0.0,0.0,0.0,0.0,1.0
2008,15,15,15835,TURMEQUÉ,21.0,0.0,0.0,0.0,0.0,0.0,1.0
2008,15,15,15837,TUTA,34.0,29.0,0.0,0.0,0.0,0.0,1.0
2008,15,15,15861,VENTAQUEMADA,26.0,0.0,0.0,0.0,0.0,0.0,1.0
2008,17,17,17001,MANIZALES,1690.0,2439.0,20368.0,839.0,799.0,108.0,12.0
2008,17,17,17013,AGUADAS,0.0,0.0,21.0,0.0,0.0,0.0,1.0
2008,17,17,17042,ANSERMA,79.0,53.0,0.0,0.0,0.0,0.0,1.0
2008,17,17,17050,ARANZAZU,11.0,0.0,0.0,0.0,0.0,0.0,1.0
2008,17,17,17088,BELALCÁZAR,65.0,0.0,0.0,0.0,0.0,0.0,1.0
2008,17,17,17174,CHINCHINÁ,130.0,65.0,80.0,0.0,0.0,0.0,2.0
2008,17,17,17272,FILADELFIA,0.0,0.0,26.0,0.0,0.0,0.0,1.0
2008,17,17,17380,LA DORADA,334.0,615.0,416.0,17.0,0.0,0.0,4.0
2008,17,17,17433,MANZANARES,49.0,48.0,1.0,0.0,0.0,0.0,3.0
2008,17,17,17444,MARQUETALIA,132.0,67.0,0.0,0.0,0.0,0.0,2.0
2008,17,17,17513,PÁCORA,0.0,0.0,17.0,0.0,0.0,0.0,1.0
2008,17,17,17541,PENSILVANIA,132.0,0.0,0.0,0.0,0.0,0.0,1.0
2008,17,17,17614,RIOSUCIO,26.0,23.0,84.0,0.0,0.0,0.0,2.0
2008,17,17,17616,RISARALDA,23.0,0.0,0.0,0.0,0.0,0.0,1.0
2008,17,17,17653,SALAMINA,116.0,28.0,0.0,0.0,0.0,0.0,1.0
2008,17,17,17662,SAMANÁ,0.0,37.0,0.0,0.0,0.0,0.0,1.0
2008,17,17,17662,SAMANÁ,28.0,0.0,0.0,0.0,0.0,0.0,1.0
2008,17,17,17867,VICTORIA,126.0,34.0,0.0,0.0,0.0,0.0,2.0
2008,17,17,17873,VILLAMARÍA,0.0,20.0,135.0,0.0,0.0,0.0,1.0
2008,18,18,18001,FLORENCIA,1471.0,279.0,6513.0,216.0,32.0,0.0,8.0
2008,18,18,18029,ALBANIA,75.0,0.0,15.0,0.0,0.0,0.0,3.0
2008,18,18,18094,BELÉN DE LOS ANDAQUÍES,229.0,0.0,0.0,27.0,0.0,0.0,2.0
2008,18,18,18150,CARTAGENA DEL CHAIRÁ,0.0,26.0,39.0,0.0,0.0,0.0,2.0
2008,18,18,18205,CURILLO,156.0,0.0,0.0,0.0,0.0,0.0,1.0
2008,18,18,18247,EL DONCELLO,222.0,0.0,22.0,0.0,0.0,0.0,2.0
2008,18,18,18256,EL PAUJÍL,33.0,0.0,0.0,24.0,0.0,0.0,2.0
2008,18,18,18410,LA MONTAÑITA,78.0,0.0,0.0,0.0,0.0,0.0,1.0
2008,18,18,18592,PUERTO RICO,280.0,0.0,0.0,17.0,0.0,0.0,2.0
2008,18,18,18610,SAN JOSÉ DEL FRAGUA,37.0,40.0,0.0,24.0,0.0,0.0,2.0
2008,18,18,18753,SAN VICENTE DEL CAGUÁN,286.0,49.0,92.0,15.0,0.0,0.0,5.0
2008,18,18,18785,SOLITA,0.0,0.0,0.0,26.0,0.0,0.0,1.0
2008,18,18,18860,VALPARAÍSO,73.0,0.0,0.0,0.0,0.0,0.0,1.0
2008,19,19,19001,POPAYÁN,1591.0,2930.0,17510.0,765.0,99.0,8.0,18.0
2008,19,19,19022,ALMAGUER,29.0,0.0,0.0,0.0,0.0,0.0,1.0
2008,19,19,19050,ARGELIA,25.0,0.0,0.0,0.0,0.0,0.0,1.0
2008,19,19,19075,BALBOA,122.0,72.0,0.0,0.0,0.0,0.0,1.0
2008,19,19,19100,BOLÍVAR,43.0,21.0,0.0,47.0,0.0,0.0,3.0
2008,19,19,19137,CALDONO,0.0,42.0,0.0,0.0,0.0,0.0,1.0
2008,19,19,19142,CALOTO,152.0,33.0,0.0,0.0,0.0,0.0,1.0
2008,19,19,19212,CORINTO,191.0,97.0,0.0,0.0,0.0,0.0,1.0
2008,19,19,19256,EL TAMBO,52.0,21.0,0.0,0.0,0.0,0.0,2.0
2008,19,19,19290,FLORENCIA,47.0,61.0,0.0,0.0,0.0,0.0,1.0
2008,19,19,19318,GUAPI,76.0,28.0,0.0,0.0,0.0,0.0,2.0
2008,19,19,19355,INZÁ,111.0,0.0,0.0,0.0,0.0,0.0,1.0
2008,19,19,19364,JAMBALÓ,29.0,27.0,0.0,0.0,0.0,0.0,1.0
2008,19,19,19392,LA SIERRA,69.0,0.0,0.0,23.0,0.0,0.0,2.0
2008,19,19,19397,LA VEGA,55.0,0.0,0.0,34.0,0.0,0.0,2.0
2008,19,19,19450,MERCADERES,59.0,15.0,0.0,0.0,0.0,0.0,1.0
2008,19,19,19450,MERCADERES,0.0,0.0,70.0,0.0,0.0,0.0,1.0
2008,19,19,19455,MIRANDA,109.0,48.0,0.0,0.0,0.0,0.0,2.0
2008,19,19,19473,MORALES,64.0,0.0,0.0,0.0,0.0,0.0,1.0
2008,19,19,19513,PADILLA,0.0,39.0,0.0,0.0,0.0,0.0,1.0
2008,19,19,19517,PÁEZ,0.0,38.0,0.0,0.0,0.0,0.0,1.0
2008,19,19,19532,PATÍA,90.0,21.0,80.0,29.0,0.0,0.0,3.0
2008,19,19,19548,PIENDAMÓ - TUNÍA,122.0,105.0,0.0,24.0,0.0,0.0,4.0
2008,19,19,19573,PUERTO TEJADA,219.0,263.0,107.0,33.0,0.0,0.0,4.0
2008,19,19,19585,PURACÉ,0.0,37.0,0.0,0.0,0.0,0.0,1.0
2008,19,19,19622,ROSAS,27.0,0.0,0.0,39.0,0.0,0.0,2.0
2008,19,19,19693,SAN SEBASTIÁN,103.0,54.0,0.0,0.0,0.0,0.0,1.0
2008,19,19,19698,SANTANDER DE QUILICHAO,253.0,459.0,0.0,0.0,0.0,0.0,1.0
2008,19,19,19698,SANTANDER DE QUILICHAO,0.0,339.0,913.0,36.0,0.0,0.0,5.0
2008,19,19,19701,SANTA ROSA,52.0,32.0,0.0,0.0,0.0,0.0,1.0
2008,19,19,19743,SILVIA,27.0,30.0,0.0,0.0,0.0,0.0,2.0
2008,19,19,19760,SOTARÁ PAISPAMBA,0.0,36.0,0.0,0.0,0.0,0.0,1.0
2008,19,19,19780,SUÁREZ,0.0,30.0,0.0,0.0,0.0,0.0,1.0
2008,19,19,19785,SUCRE,34.0,0.0,0.0,0.0,0.0,0.0,1.0
2008,19,19,19807,TIMBÍO,109.0,74.0,0.0,31.0,0.0,0.0,2.0
2008,19,19,19809,TIMBIQUÍ,0.0,59.0,0.0,0.0,0.0,0.0,1.0
2008,19,19,19845,VILLA RICA,58.0,63.0,0.0,0.0,0.0,0.0,1.0
2008,20,20,20001,VALLEDUPAR,1062.0,805.0,0.0,0.0,0.0,0.0,1.0
2008,20,20,20001,VALLEDUPAR,118.0,215.0,14950.0,122.0,0.0,0.0,16.0
2008,20,20,20011,AGUACHICA,640.0,331.0,1018.0,0.0,0.0,0.0,2.0
2008,20,20,20013,AGUSTÍN CODAZZI,104.0,0.0,0.0,0.0,0.0,0.0,1.0
2008,20,20,20175,CHIMICHAGUA,0.0,0.0,0.0,28.0,0.0,0.0,1.0
2008,20,20,20228,CURUMANÍ,43.0,232.0,128.0,0.0,0.0,0.0,2.0
2008,20,20,20250,EL PASO,0.0,28.0,0.0,0.0,0.0,0.0,1.0
2008,20,20,20400,LA JAGUA DE IBIRICO,451.0,105.0,0.0,0.0,0.0,0.0,1.0
2008,20,20,20621,LA PAZ,0.0,93.0,0.0,0.0,0.0,0.0,1.0
2008,20,20,20710,SAN ALBERTO,33.0,34.0,35.0,0.0,0.0,0.0,2.0
2008,20,20,20750,SAN DIEGO,23.0,0.0,0.0,0.0,0.0,0.0,1.0
2008,20,20,20770,SAN MARTÍN,35.0,0.0,0.0,0.0,0.0,0.0,1.0
2008,23,23,23001,MONTERÍA,2094.0,1246.0,17509.0,220.0,0.0,0.0,16.0
2008,23,23,23068,AYAPEL,95.0,0.0,0.0,0.0,0.0,0.0,1.0
2008,23,23,23068,AYAPEL,0.0,0.0,132.0,0.0,0.0,0.0,1.0
2008,23,23,23162,CERETÉ,75.0,15.0,0.0,0.0,0.0,0.0,2.0
2008,23,23,23168,CHIMÁ,0.0,49.0,0.0,0.0,0.0,0.0,1.0
2008,23,23,23182,CHINÚ,240.0,0.0,0.0,0.0,0.0,0.0,1.0
2008,23,23,23189,CIÉNAGA DE ORO,0.0,32.0,0.0,0.0,0.0,0.0,1.0
2008,23,23,23417,LORICA,255.0,158.0,0.0,0.0,0.0,0.0,1.0
2008,23,23,23417,LORICA,37.0,49.0,437.0,0.0,0.0,0.0,7.0
2008,23,23,23466,MONTELÍBANO,508.0,179.0,481.0,17.0,0.0,0.0,6.0
2008,23,23,23555,PLANETA RICA,36.0,45.0,145.0,0.0,0.0,0.0,4.0
2008,23,23,23570,PUEBLO NUEVO,206.0,0.0,0.0,0.0,0.0,0.0,1.0
2008,23,23,23580,PUERTO LIBERTADOR,35.0,0.0,0.0,0.0,0.0,0.0,1.0
2008,23,23,23660,SAHAGÚN,802.0,123.0,645.0,28.0,0.0,0.0,7.0
2008,23,23,23670,SAN ANDRÉS DE SOTAVENTO,128.0,15.0,0.0,0.0,0.0,0.0,1.0
2008,23,23,23675,SAN BERNARDO DEL VIENTO,147.0,0.0,0.0,0.0,0.0,0.0,1.0
2008,23,23,23807,TIERRALTA,230.0,17.0,62.0,0.0,0.0,0.0,2.0
2008,23,23,23855,VALENCIA,125.0,0.0,0.0,0.0,0.0,0.0,1.0
2008,25,25,25001,AGUA DE DIOS,227.0,0.0,0.0,0.0,0.0,0.0,1.0
2008,25,25,25019,ALBÁN,62.0,29.0,0.0,0.0,0.0,0.0,1.0
2008,25,25,25035,ANAPOIMA,26.0,0.0,0.0,0.0,0.0,0.0,1.0
2008,25,25,25040,ANOLAIMA,397.0,0.0,0.0,0.0,0.0,0.0,1.0
2008,25,25,25053,ARBELÁEZ,152.0,81.0,214.0,2.0,0.0,0.0,2.0
2008,25,25,25095,BITUIMA,0.0,0.0,108.0,0.0,0.0,0.0,1.0
2008,25,25,25120,CABRERA,87.0,0.0,0.0,0.0,0.0,0.0,1.0
2008,25,25,25126,CAJICÁ,232.0,123.0,96.0,0.0,0.0,0.0,2.0
2008,25,25,25148,CAPARRAPÍ,0.0,49.0,0.0,0.0,0.0,0.0,1.0
2008,25,25,25151,CÁQUEZA,52.0,0.0,74.0,0.0,0.0,0.0,2.0
2008,25,25,25175,CHÍA,394.0,876.0,7346.0,1211.0,302.0,0.0,6.0
2008,25,25,25181,CHOACHÍ,240.0,61.0,0.0,0.0,0.0,0.0,1.0
2008,25,25,25183,CHOCONTÁ,121.0,52.0,231.0,0.0,0.0,0.0,3.0
2008,25,25,25200,COGUA,84.0,21.0,111.0,0.0,0.0,0.0,2.0
2008,25,25,25214,COTA,89.0,34.0,0.0,0.0,0.0,0.0,1.0
2008,25,25,25224,CUCUNUBÁ,0.0,30.0,0.0,0.0,0.0,0.0,1.0
2008,25,25,25245,EL COLEGIO,165.0,95.0,12.0,0.0,0.0,0.0,3.0
2008,25,25,25260,EL ROSAL,26.0,36.0,0.0,29.0,0.0,0.0,2.0
2008,25,25,25269,FACATATIVÁ,921.0,504.0,1883.0,84.0,0.0,0.0,9.0
2008,25,25,25279,FÓMEQUE,57.0,0.0,0.0,25.0,0.0,0.0,2.0
2008,25,25,25286,FUNZA,35.0,36.0,0.0,0.0,0.0,0.0,1.0
2008,25,25,25290,FUSAGASUGÁ,1906.0,375.0,3794.0,28.0,0.0,0.0,7.0
2008,25,25,25293,GACHALÁ,0.0,60.0,0.0,0.0,0.0,0.0,1.0
2008,25,25,25295,GACHANCIPÁ,218.0,0.0,0.0,0.0,0.0,0.0,1.0
2008,25,25,25297,GACHETÁ,102.0,82.0,157.0,0.0,0.0,0.0,3.0
2008,25,25,25307,GIRARDOT,1372.0,855.0,2948.0,4.0,0.0,0.0,6.0
2008,25,25,25320,GUADUAS,113.0,174.0,34.0,0.0,0.0,0.0,2.0
2008,25,25,25322,GUASCA,33.0,0.0,0.0,0.0,0.0,0.0,1.0
2008,25,25,25328,GUAYABAL DE SÍQUIMA,0.0,38.0,0.0,0.0,0.0,0.0,1.0
2008,25,25,25335,GUAYABETAL,92.0,28.0,0.0,0.0,0.0,0.0,1.0
2008,25,25,25372,JUNÍN,0.0,2.0,5.0,0.0,0.0,0.0,2.0
2008,25,25,25377,LA CALERA,120.0,99.0,0.0,0.0,0.0,0.0,1.0
2008,25,25,25386,LA MESA,383.0,9.0,0.0,0.0,0.0,0.0,1.0
2008,25,25,25394,LA PALMA,46.0,48.0,26.0,0.0,0.0,0.0,2.0
2008,25,25,25402,LA VEGA,101.0,81.0,0.0,0.0,0.0,0.0,1.0
2008,25,25,25426,MACHETÁ,138.0,1.0,0.0,0.0,0.0,0.0,1.0
2008,25,25,25430,MADRID,59.0,106.0,0.0,0.0,0.0,0.0,2.0
2008,25,25,25436,MANTA,103.0,34.0,0.0,20.0,0.0,0.0,2.0
2008,25,25,25438,MEDINA,53.0,0.0,0.0,0.0,0.0,0.0,1.0
2008,25,25,25473,MOSQUERA,647.0,950.0,0.0,0.0,0.0,0.0,1.0
2008,25,25,25488,NILO,152.0,805.0,0.0,0.0,0.0,0.0,2.0
2008,25,25,25489,NIMAIMA,0.0,30.0,0.0,0.0,0.0,0.0,1.0
2008,25,25,25491,NOCAIMA,0.0,0.0,173.0,0.0,0.0,0.0,1.0
2008,25,25,25506,VENECIA,80.0,0.0,0.0,0.0,0.0,0.0,1.0
2008,25,25,25513,PACHO,214.0,188.0,0.0,16.0,0.0,0.0,2.0
2008,25,25,25535,PASCA,70.0,0.0,0.0,0.0,0.0,0.0,1.0
2008,25,25,25572,PUERTO SALGAR,100.0,280.0,0.0,0.0,0.0,0.0,1.0
2008,25,25,25592,QUEBRADANEGRA,68.0,28.0,0.0,0.0,0.0,0.0,1.0
2008,25,25,25594,QUETAME,0.0,0.0,146.0,25.0,0.0,0.0,2.0
2008,25,25,25599,APULO,72.0,0.0,0.0,0.0,0.0,0.0,1.0
2008,25,25,25649,SAN BERNARDO,38.0,0.0,0.0,0.0,0.0,0.0,1.0
2008,25,25,25658,SAN FRANCISCO,0.0,86.0,0.0,0.0,0.0,0.0,1.0
2008,25,25,25662,SAN JUAN DE RIOSECO,129.0,37.0,1.0,0.0,0.0,0.0,2.0
2008,25,25,25718,SASAIMA,82.0,74.0,0.0,0.0,0.0,0.0,1.0
2008,25,25,25740,SIBATÉ,256.0,192.0,1549.0,0.0,0.0,0.0,2.0
2008,25,25,25743,SILVANIA,27.0,56.0,0.0,0.0,0.0,0.0,1.0
2008,25,25,25745,SIMIJACA,191.0,27.0,87.0,0.0,0.0,0.0,2.0
2008,25,25,25754,SOACHA,233.0,422.0,0.0,0.0,0.0,0.0,1.0
2008,25,25,25754,SOACHA,0.0,816.0,765.0,32.0,0.0,0.0,4.0
2008,25,25,25758,SOPÓ,64.0,0.0,0.0,0.0,0.0,0.0,1.0
2008,25,25,25769,SUBACHOQUE,135.0,109.0,0.0,0.0,0.0,0.0,1.0
2008,25,25,25772,SUESCA,150.0,66.0,0.0,0.0,0.0,0.0,1.0
2008,25,25,25777,SUPATÁ,51.0,0.0,0.0,0.0,0.0,0.0,1.0
2008,25,25,25785,TABIO,92.0,0.0,0.0,0.0,0.0,0.0,1.0
2008,25,25,25793,TAUSA,166.0,0.0,176.0,0.0,0.0,0.0,2.0
2008,25,25,25799,TENJO,91.0,0.0,0.0,0.0,0.0,0.0,1.0
2008,25,25,25805,TIBACUY,39.0,0.0,0.0,0.0,0.0,0.0,1.0
2008,25,25,25817,TOCANCIPÁ,540.0,84.0,0.0,20.0,0.0,0.0,2.0
2008,25,25,25839,UBALÁ,22.0,0.0,0.0,0.0,0.0,0.0,1.0
2008,25,25,25843,VILLA DE SAN DIEGO DE UBATÉ,72.0,57.0,622.0,17.0,0.0,0.0,3.0
2008,25,25,25845,UNE,68.0,28.0,0.0,0.0,0.0,0.0,1.0
2008,25,25,25851,ÚTICA,0.0,37.0,0.0,0.0,0.0,0.0,1.0
2008,25,25,25862,VERGARA,0.0,40.0,0.0,0.0,0.0,0.0,1.0
2008,25,25,25867,VIANÍ,48.0,0.0,0.0,0.0,0.0,0.0,1.0
2008,25,25,25873,VILLAPINZÓN,64.0,60.0,0.0,0.0,0.0,0.0,1.0
2008,25,25,25875,VILLETA,235.0,531.0,38.0,0.0,0.0,0.0,3.0
2008,25,25,25885,YACOPÍ,0.0,38.0,0.0,0.0,0.0,0.0,1.0
2008,25,25,25898,ZIPACÓN,68.0,0.0,0.0,0.0,0.0,0.0,1.0
2008,25,25,25899,ZIPAQUIRÁ,638.0,533.0,1310.0,17.0,0.0,0.0,4.0
2008,27,27,27001,QUIBDÓ,757.0,356.0,0.0,0.0,0.0,0.0,1.0
2008,27,27,27001,QUIBDÓ,0.0,57.0,8319.0,76.0,0.0,0.0,5.0
2008,27,27,27050,ATRATO,159.0,0.0,0.0,0.0,0.0,0.0,1.0
2008,27,27,27073,BAGADÓ,52.0,0.0,0.0,0.0,0.0,0.0,1.0
2008,27,27,27073,BAGADÓ,0.0,0.0,18.0,0.0,0.0,0.0,1.0
2008,27,27,27075,BAHÍA SOLANO,66.0,0.0,0.0,0.0,0.0,0.0,1.0
2008,27,27,27077,BAJO BAUDÓ,0.0,0.0,32.0,0.0,0.0,0.0,1.0
2008,27,27,27099,BOJAYÁ,38.0,35.0,0.0,0.0,0.0,0.0,1.0
2008,27,27,27135,EL CANTÓN DEL SAN PABLO,98.0,0.0,0.0,0.0,0.0,0.0,1.0
2008,27,27,27150,CARMEN DEL DARIÉN,22.0,0.0,0.0,0.0,0.0,0.0,1.0
2008,27,27,27245,EL CARMEN DE ATRATO,71.0,0.0,25.0,0.0,0.0,0.0,2.0
2008,27,27,27250,EL LITORAL DEL SAN JUAN,26.0,0.0,0.0,0.0,0.0,0.0,1.0
2008,27,27,27361,ISTMINA,37.0,35.0,0.0,0.0,0.0,0.0,1.0
2008,27,27,27361,ISTMINA,0.0,0.0,385.0,0.0,0.0,0.0,2.0
2008,27,27,27413,LLORÓ,33.0,0.0,0.0,0.0,0.0,0.0,1.0
2008,27,27,27495,NUQUÍ,27.0,0.0,0.0,0.0,0.0,0.0,1.0
2008,27,27,27615,RIOSUCIO,159.0,0.0,0.0,0.0,0.0,0.0,1.0
2008,27,27,27660,SAN JOSÉ DEL PALMAR,22.0,0.0,0.0,0.0,0.0,0.0,1.0
2008,27,27,27787,TADÓ,57.0,31.0,0.0,0.0,0.0,0.0,1.0
2008,27,27,27787,TADÓ,0.0,0.0,56.0,0.0,0.0,0.0,1.0
2008,27,27,27800,UNGUÍA,0.0,31.0,30.0,0.0,0.0,0.0,2.0
2008,41,41,41001,NEIVA,1697.0,1154.0,14822.0,563.0,0.0,0.0,15.0
2008,41,41,41013,AGRADO,0.0,30.0,0.0,0.0,0.0,0.0,1.0
2008,41,41,41016,AIPE,87.0,28.0,0.0,0.0,0.0,0.0,1.0
2008,41,41,41020,ALGECIRAS,33.0,0.0,0.0,0.0,0.0,0.0,1.0
2008,41,41,41026,ALTAMIRA,0.0,31.0,13.0,0.0,0.0,0.0,2.0
2008,41,41,41132,CAMPOALEGRE,315.0,585.0,110.0,0.0,0.0,0.0,3.0
2008,41,41,41206,COLOMBIA,33.0,0.0,0.0,0.0,0.0,0.0,1.0
2008,41,41,41298,GARZÓN,189.0,487.0,120.0,53.0,0.0,0.0,4.0
2008,41,41,41306,GIGANTE,48.0,28.0,0.0,0.0,0.0,0.0,1.0
2008,41,41,41319,GUADALUPE,0.0,26.0,0.0,0.0,0.0,0.0,1.0
2008,41,41,41357,ÍQUIRA,1.0,36.0,0.0,0.0,0.0,0.0,1.0
2008,41,41,41378,LA ARGENTINA,0.0,31.0,0.0,0.0,0.0,0.0,1.0
2008,41,41,41396,LA PLATA,495.0,329.0,234.0,17.0,0.0,0.0,6.0
2008,41,41,41483,NÁTAGA,17.0,23.0,0.0,0.0,0.0,0.0,1.0
2008,41,41,41524,PALERMO,30.0,0.0,0.0,0.0,0.0,0.0,1.0
2008,41,41,41548,PITAL,76.0,18.0,0.0,0.0,0.0,0.0,1.0
2008,41,41,41551,PITALITO,1101.0,437.0,973.0,4.0,0.0,0.0,5.0
2008,41,41,41615,RIVERA,68.0,0.0,0.0,0.0,0.0,0.0,1.0
2008,41,41,41668,SAN AGUSTÍN,0.0,0.0,0.0,36.0,0.0,0.0,1.0
2008,41,41,41676,SANTA MARÍA,59.0,0.0,0.0,0.0,0.0,0.0,1.0
2008,41,41,41770,SUAZA,34.0,26.0,0.0,0.0,0.0,0.0,1.0
2008,41,41,41791,TARQUI,0.0,46.0,0.0,0.0,0.0,0.0,1.0
2008,41,41,41797,TESALIA,0.0,55.0,0.0,0.0,0.0,0.0,1.0
2008,41,41,41801,TERUEL,32.0,0.0,0.0,0.0,0.0,0.0,1.0
2008,44,44,44001,RIOHACHA,931.0,439.0,0.0,0.0,0.0,0.0,1.0
2008,44,44,44001,RIOHACHA,0.0,675.0,7707.0,142.0,0.0,0.0,7.0
2008,44,44,44035,ALBANIA,47.0,72.0,115.0,0.0,0.0,0.0,2.0
2008,44,44,44078,BARRANCAS,19.0,21.0,0.0,0.0,0.0,0.0,1.0
2008,44,44,44090,DIBULLA,61.0,153.0,0.0,0.0,0.0,0.0,1.0
2008,44,44,44098,DISTRACCIÓN,0.0,32.0,0.0,0.0,0.0,0.0,1.0
2008,44,44,44279,FONSECA,619.0,440.0,0.0,0.0,0.0,0.0,1.0
2008,44,44,44279,FONSECA,0.0,1.0,298.0,0.0,0.0,0.0,2.0
2008,44,44,44378,HATONUEVO,21.0,0.0,0.0,0.0,0.0,0.0,1.0
2008,44,44,44430,MAICAO,216.0,97.0,0.0,0.0,0.0,0.0,1.0
2008,44,44,44430,MAICAO,0.0,39.0,900.0,0.0,0.0,0.0,1.0
2008,44,44,44560,MANAURE,102.0,39.0,6.0,0.0,0.0,0.0,2.0
2008,44,44,44650,SAN JUAN DEL CESAR,610.0,103.0,137.0,0.0,0.0,0.0,2.0
2008,44,44,44847,URIBIA,24.0,0.0,200.0,0.0,0.0,0.0,2.0
2008,44,44,44874,VILLANUEVA,215.0,58.0,0.0,0.0,0.0,0.0,1.0
2008,44,44,44874,VILLANUEVA,0.0,0.0,240.0,0.0,0.0,0.0,1.0
2008,47,47,47001,SANTA MARTA,2613.0,1787.0,14429.0,514.0,78.0,0.0,10.0
2008,47,47,47030,ALGARROBO,224.0,50.0,0.0,0.0,0.0,0.0,1.0
2008,47,47,47053,ARACATACA,116.0,81.0,0.0,0.0,0.0,0.0,1.0
2008,47,47,47053,ARACATACA,0.0,0.0,2.0,12.0,0.0,0.0,1.0
2008,47,47,47058,ARIGUANÍ,298.0,32.0,0.0,0.0,0.0,0.0,1.0
2008,47,47,47058,ARIGUANÍ,0.0,0.0,55.0,0.0,0.0,0.0,1.0
2008,47,47,47170,CHIVOLO,141.0,30.0,7.0,0.0,0.0,0.0,2.0
2008,47,47,47189,CIÉNAGA,599.0,248.0,439.0,0.0,0.0,0.0,4.0
2008,47,47,47205,CONCORDIA,117.0,0.0,0.0,0.0,0.0,0.0,1.0
2008,47,47,47245,EL BANCO,98.0,131.0,186.0,0.0,0.0,0.0,3.0
2008,47,47,47258,EL PIÑÓN,142.0,90.0,0.0,0.0,0.0,0.0,1.0
2008,47,47,47268,EL RETÉN,81.0,55.0,0.0,0.0,0.0,0.0,1.0
2008,47,47,47288,FUNDACIÓN,278.0,106.0,0.0,0.0,0.0,0.0,1.0
2008,47,47,47288,FUNDACIÓN,0.0,0.0,139.0,0.0,0.0,0.0,1.0
2008,47,47,47318,GUAMAL,111.0,0.0,0.0,0.0,0.0,0.0,1.0
2008,47,47,47460,NUEVA GRANADA,99.0,0.0,0.0,0.0,0.0,0.0,1.0
2008,47,47,47541,PEDRAZA,36.0,0.0,0.0,0.0,0.0,0.0,1.0
2008,47,47,47545,PIJIÑO DEL CARMEN,93.0,0.0,0.0,0.0,0.0,0.0,1.0
2008,47,47,47551,PIVIJAY,264.0,51.0,0.0,0.0,0.0,0.0,1.0
2008,47,47,47551,PIVIJAY,0.0,0.0,52.0,23.0,0.0,0.0,2.0
2008,47,47,47555,PLATO,152.0,102.0,0.0,0.0,0.0,0.0,1.0
2008,47,47,47555,PLATO,0.0,69.0,225.0,0.0,0.0,0.0,3.0
2008,47,47,47570,PUEBLOVIEJO,71.0,0.0,0.0,0.0,0.0,0.0,1.0
2008,47,47,47605,REMOLINO,70.0,0.0,0.0,0.0,0.0,0.0,1.0
2008,47,47,47660,SABANAS DE SAN ÁNGEL,107.0,0.0,0.0,0.0,0.0,0.0,1.0
2008,47,47,47675,SALAMINA,62.0,0.0,0.0,0.0,0.0,0.0,1.0
2008,47,47,47692,SAN SEBASTIÁN DE BUENAVISTA,153.0,0.0,0.0,0.0,0.0,0.0,1.0
2008,47,47,47703,SAN ZENÓN,42.0,0.0,0.0,0.0,0.0,0.0,1.0
2008,47,47,47707,SANTA ANA,144.0,58.0,0.0,0.0,0.0,0.0,1.0
2008,47,47,47707,SANTA ANA,0.0,0.0,35.0,0.0,0.0,0.0,1.0
2008,47,47,47720,SANTA BÁRBARA DE PINTO,54.0,0.0,0.0,0.0,0.0,0.0,1.0
2008,47,47,47745,SITIONUEVO,44.0,0.0,0.0,0.0,0.0,0.0,1.0
2008,47,47,47798,TENERIFE,170.0,0.0,0.0,0.0,0.0,0.0,1.0
2008,47,47,47960,ZAPAYÁN,39.0,0.0,0.0,0.0,0.0,0.0,1.0
2008,47,47,47980,ZONA BANANERA,344.0,0.0,0.0,0.0,0.0,0.0,1.0
2008,5,5,5001,MEDELLÍN,10553.0,44262.0,104072.0,5502.0,2199.0,406.0,38.0
2008,5,5,5002,ABEJORRAL,17.0,49.0,0.0,0.0,0.0,0.0,2.0
2008,5,5,5021,ALEJANDRÍA,0.0,30.0,0.0,0.0,0.0,0.0,1.0
2008,5,5,5031,AMALFI,169.0,184.0,15.0,0.0,0.0,0.0,3.0
2008,5,5,5034,ANDES,70.0,179.0,310.0,9.0,0.0,0.0,3.0
2008,5,5,5040,ANORÍ,0.0,64.0,0.0,0.0,0.0,0.0,2.0
2008,5,5,5042,SANTA FÉ DE ANTIOQUIA,83.0,467.0,57.0,0.0,0.0,0.0,3.0
2008,5,5,5045,APARTADÓ,1176.0,838.0,1115.0,44.0,0.0,0.0,7.0
2008,5,5,5051,ARBOLETES,120.0,0.0,0.0,0.0,0.0,0.0,1.0
2008,5,5,5059,ARMENIA,0.0,0.0,461.0,23.0,0.0,0.0,3.0
2008,5,5,5079,BARBOSA,16.0,26.0,0.0,0.0,0.0,0.0,1.0
2008,5,5,5088,BELLO,248.0,293.0,0.0,27.0,0.0,0.0,4.0
2008,5,5,5091,BETANIA,0.0,27.0,0.0,0.0,0.0,0.0,1.0
2008,5,5,5101,CIUDAD BOLÍVAR,78.0,32.0,0.0,0.0,0.0,0.0,2.0
2008,5,5,5120,CÁCERES,0.0,26.0,0.0,0.0,0.0,0.0,1.0
2008,5,5,5129,CALDAS,296.0,721.0,1239.0,29.0,0.0,0.0,3.0
2008,5,5,5142,CARACOLÍ,0.0,45.0,0.0,0.0,0.0,0.0,1.0
2008,5,5,5147,CAREPA,68.0,83.0,0.0,0.0,0.0,0.0,1.0
2008,5,5,5148,EL CARMEN DE VIBORAL,53.0,326.0,906.0,0.0,0.0,0.0,2.0
2008,5,5,5150,CAROLINA,0.0,25.0,0.0,0.0,0.0,0.0,1.0
2008,5,5,5154,CAUCASIA,602.0,496.0,620.0,1.0,0.0,0.0,2.0
2008,5,5,5172,CHIGORODÓ,206.0,85.0,0.0,18.0,0.0,0.0,2.0
2008,5,5,5190,CISNEROS,74.0,187.0,32.0,32.0,0.0,0.0,3.0
2008,5,5,5197,COCORNÁ,52.0,0.0,0.0,0.0,0.0,0.0,1.0
2008,5,5,5206,CONCEPCIÓN,23.0,0.0,0.0,0.0,0.0,0.0,1.0
2008,5,5,5212,COPACABANA,0.0,77.0,0.0,0.0,0.0,0.0,1.0
2008,5,5,5234,DABEIBA,0.0,67.0,16.0,0.0,0.0,0.0,2.0
2008,5,5,5237,DONMATÍAS,147.0,132.0,0.0,0.0,0.0,0.0,1.0
2008,5,5,5240,EBÉJICO,47.0,29.0,0.0,0.0,0.0,0.0,1.0
2008,5,5,5250,EL BAGRE,249.0,101.0,0.0,0.0,0.0,0.0,1.0
2008,5,5,5264,ENTRERRÍOS,0.0,30.0,0.0,0.0,0.0,0.0,1.0
2008,5,5,5266,ENVIGADO,253.0,379.0,3232.0,23.0,0.0,0.0,4.0
2008,5,5,5282,FREDONIA,0.0,0.0,92.0,0.0,0.0,0.0,1.0
2008,5,5,5284,FRONTINO,81.0,64.0,0.0,30.0,0.0,0.0,3.0
2008,5,5,5308,GIRARDOTA,50.0,34.0,0.0,0.0,0.0,0.0,1.0
2008,5,5,5313,GRANADA,19.0,0.0,0.0,0.0,0.0,0.0,1.0
2008,5,5,5315,GUADALUPE,36.0,0.0,0.0,0.0,0.0,0.0,1.0
2008,5,5,5318,GUARNE,33.0,82.0,0.0,25.0,0.0,0.0,2.0
2008,5,5,5321,GUATAPÉ,23.0,23.0,15.0,0.0,0.0,0.0,2.0
2008,5,5,5353,HISPANIA,0.0,23.0,0.0,0.0,0.0,0.0,1.0
2008,5,5,5360,ITAGÜÍ,633.0,1507.0,423.0,22.0,0.0,0.0,4.0
2008,5,5,5361,ITUANGO,171.0,0.0,0.0,0.0,0.0,0.0,1.0
2008,5,5,5364,JARDÍN,0.0,22.0,0.0,0.0,0.0,0.0,1.0
2008,5,5,5368,JERICÓ,42.0,36.0,73.0,0.0,0.0,0.0,2.0
2008,5,5,5376,LA CEJA,23.0,85.0,0.0,0.0,0.0,0.0,1.0
2008,5,5,5380,LA ESTRELLA,233.0,0.0,0.0,32.0,0.0,0.0,2.0
2008,5,5,5400,LA UNIÓN,0.0,57.0,0.0,0.0,0.0,0.0,1.0
2008,5,5,5411,LIBORINA,0.0,41.0,0.0,0.0,0.0,0.0,1.0
2008,5,5,5425,MACEO,80.0,65.0,0.0,0.0,0.0,0.0,1.0
2008,5,5,5440,MARINILLA,67.0,135.0,63.0,0.0,0.0,0.0,3.0
2008,5,5,5475,MURINDÓ,0.0,31.0,0.0,0.0,0.0,0.0,1.0
2008,5,5,5480,MUTATÁ,0.0,63.0,0.0,0.0,0.0,0.0,1.0
2008,5,5,5579,PUERTO BERRÍO,218.0,431.0,309.0,0.0,0.0,0.0,3.0
2008,5,5,5585,PUERTO NARE,0.0,89.0,0.0,0.0,0.0,0.0,1.0
2008,5,5,5591,PUERTO TRIUNFO,37.0,71.0,31.0,0.0,0.0,0.0,2.0
2008,5,5,5604,REMEDIOS,0.0,100.0,0.0,0.0,0.0,0.0,1.0
2008,5,5,5607,RETIRO,0.0,91.0,0.0,0.0,0.0,0.0,1.0
2008,5,5,5615,RIONEGRO,1084.0,1102.0,2342.0,49.0,25.0,0.0,4.0
2008,5,5,5631,SABANETA,23.0,0.0,2228.0,171.0,114.0,0.0,5.0
2008,5,5,5647,SAN ANDRÉS DE CUERQUÍA,0.0,0.0,0.0,30.0,0.0,0.0,1.0
2008,5,5,5649,SAN CARLOS,32.0,103.0,0.0,0.0,0.0,0.0,2.0
2008,5,5,5656,SAN JERÓNIMO,25.0,43.0,0.0,0.0,0.0,0.0,1.0
2008,5,5,5658,SAN JOSÉ DE LA MONTAÑA,29.0,21.0,0.0,0.0,0.0,0.0,1.0
2008,5,5,5659,SAN JUAN DE URABÁ,43.0,0.0,0.0,23.0,0.0,0.0,2.0
2008,5,5,5660,SAN LUIS,0.0,25.0,0.0,0.0,0.0,0.0,1.0
2008,5,5,5664,SAN PEDRO DE LOS MILAGROS,97.0,68.0,0.0,0.0,0.0,0.0,1.0
2008,5,5,5665,SAN PEDRO DE URABÁ,73.0,28.0,0.0,0.0,0.0,0.0,1.0
2008,5,5,5667,SAN RAFAEL,80.0,0.0,0.0,0.0,0.0,0.0,1.0
2008,5,5,5670,SAN ROQUE,0.0,73.0,0.0,0.0,0.0,0.0,1.0
2008,5,5,5674,SAN VICENTE FERRER,31.0,0.0,0.0,0.0,0.0,0.0,1.0
2008,5,5,5679,SANTA BÁRBARA,0.0,27.0,0.0,0.0,0.0,0.0,1.0
2008,5,5,5686,SANTA ROSA DE OSOS,90.0,198.0,1691.0,48.0,0.0,0.0,3.0
2008,5,5,5690,SANTO DOMINGO,78.0,42.0,0.0,0.0,0.0,0.0,1.0
2008,5,5,5697,EL SANTUARIO,44.0,21.0,0.0,0.0,0.0,0.0,1.0
2008,5,5,5736,SEGOVIA,60.0,204.0,47.0,0.0,0.0,0.0,2.0
2008,5,5,5756,SONSÓN,236.0,88.0,464.0,0.0,0.0,0.0,3.0
2008,5,5,5761,SOPETRÁN,31.0,37.0,116.0,0.0,0.0,0.0,2.0
2008,5,5,5790,TARAZÁ,65.0,48.0,24.0,0.0,0.0,0.0,2.0
2008,5,5,5809,TITIRIBÍ,52.0,0.0,0.0,0.0,0.0,0.0,1.0
2008,5,5,5837,TURBO,372.0,369.0,1099.0,0.0,0.0,0.0,4.0
2008,5,5,5842,URAMITA,31.0,0.0,0.0,0.0,0.0,0.0,1.0
2008,5,5,5847,URRAO,87.0,89.0,50.0,0.0,0.0,0.0,2.0
2008,5,5,5856,VALPARAÍSO,0.0,0.0,0.0,23.0,0.0,0.0,1.0
2008,5,5,5858,VEGACHÍ,0.0,83.0,0.0,0.0,0.0,0.0,2.0
2008,5,5,5873,VIGÍA DEL FUERTE,29.0,0.0,0.0,0.0,0.0,0.0,1.0
2008,5,5,5885,YALÍ,0.0,35.0,0.0,0.0,0.0,0.0,2.0
2008,5,5,5887,YARUMAL,319.0,267.0,144.0,0.0,0.0,0.0,2.0
2008,5,5,5890,YOLOMBÓ,162.0,100.0,0.0,0.0,0.0,0.0,1.0
2008,5,5,5893,YONDÓ,15.0,117.0,0.0,0.0,0.0,0.0,1.0
2008,5,5,5895,ZARAGOZA,0.0,40.0,0.0,0.0,0.0,0.0,1.0
2008,50,50,50001,VILLAVICENCIO,3309.0,1097.0,13088.0,408.0,9.0,0.0,13.0
2008,50,50,50006,ACACÍAS,626.0,535.0,1197.0,15.0,0.0,0.0,3.0
2008,50,50,50110,BARRANCA DE UPÍA,147.0,30.0,0.0,0.0,0.0,0.0,2.0
2008,50,50,50150,CASTILLA LA NUEVA,111.0,5.0,0.0,0.0,0.0,0.0,2.0
2008,50,50,50226,CUMARAL,85.0,0.0,0.0,0.0,0.0,0.0,1.0
2008,50,50,50226,CUMARAL,0.0,25.0,131.0,0.0,0.0,0.0,3.0
2008,50,50,50245,EL CALVARIO,23.0,0.0,0.0,0.0,0.0,0.0,1.0
2008,50,50,50270,EL DORADO,46.0,0.0,0.0,0.0,0.0,0.0,1.0
2008,50,50,50287,FUENTE DE ORO,43.0,25.0,0.0,55.0,0.0,0.0,2.0
2008,50,50,50313,GRANADA,589.0,274.0,143.0,0.0,0.0,0.0,4.0
2008,50,50,50318,GUAMAL,85.0,0.0,0.0,0.0,0.0,0.0,1.0
2008,50,50,50370,URIBE,39.0,0.0,0.0,0.0,0.0,0.0,1.0
2008,50,50,50568,PUERTO GAITÁN,149.0,29.0,0.0,0.0,0.0,0.0,1.0
2008,50,50,50573,PUERTO LÓPEZ,407.0,30.0,2.0,0.0,0.0,0.0,2.0
2008,50,50,50577,PUERTO LLERAS,27.0,0.0,0.0,0.0,0.0,0.0,1.0
2008,50,50,50590,PUERTO RICO,32.0,0.0,0.0,0.0,0.0,0.0,1.0
2008,50,50,50606,RESTREPO,154.0,0.0,0.0,0.0,0.0,0.0,1.0
2008,50,50,50683,SAN JUAN DE ARAMA,15.0,0.0,0.0,0.0,0.0,0.0,1.0
2008,50,50,50686,SAN JUANITO,38.0,0.0,0.0,0.0,0.0,0.0,1.0
2008,50,50,50689,SAN MARTÍN,166.0,25.0,0.0,0.0,0.0,0.0,1.0
2008,50,50,50711,VISTAHERMOSA,86.0,50.0,0.0,0.0,0.0,0.0,1.0
2008,52,52,52001,PASTO,1111.0,519.0,0.0,0.0,0.0,0.0,1.0
2008,52,52,52001,PASTO,0.0,1871.0,18376.0,313.0,170.0,0.0,14.0
2008,52,52,52019,ALBÁN,0.0,18.0,114.0,0.0,0.0,0.0,1.0
2008,52,52,52036,ANCUYA,0.0,0.0,0.0,15.0,0.0,0.0,1.0
2008,52,52,52051,ARBOLEDA,0.0,0.0,48.0,0.0,0.0,0.0,1.0
2008,52,52,52079,BARBACOAS,56.0,0.0,0.0,41.0,0.0,0.0,2.0
2008,52,52,52215,CÓRDOBA,30.0,39.0,0.0,0.0,0.0,0.0,1.0
2008,52,52,52227,CUMBAL,66.0,0.0,25.0,0.0,0.0,0.0,2.0
2008,52,52,52250,EL CHARCO,38.0,30.0,0.0,0.0,0.0,0.0,1.0
2008,52,52,52256,EL ROSARIO,0.0,29.0,0.0,0.0,0.0,0.0,1.0
2008,52,52,52258,EL TABLÓN DE GÓMEZ,0.0,24.0,68.0,0.0,0.0,0.0,1.0
2008,52,52,52317,GUACHUCAL,25.0,0.0,0.0,0.0,0.0,0.0,1.0
2008,52,52,52320,GUAITARILLA,35.0,0.0,0.0,0.0,0.0,0.0,1.0
2008,52,52,52323,GUALMATÁN,39.0,0.0,0.0,0.0,0.0,0.0,1.0
2008,52,52,52354,IMUÉS,18.0,0.0,0.0,0.0,0.0,0.0,1.0
2008,52,52,52356,IPIALES,733.0,488.0,582.0,18.0,0.0,0.0,6.0
2008,52,52,52378,LA CRUZ,64.0,0.0,0.0,41.0,0.0,0.0,2.0
2008,52,52,52381,LA FLORIDA,0.0,33.0,0.0,0.0,0.0,0.0,1.0
2008,52,52,52399,LA UNIÓN,92.0,22.0,0.0,0.0,0.0,0.0,1.0
2008,52,52,52427,MAGÜÍ,22.0,0.0,0.0,0.0,0.0,0.0,1.0
2008,52,52,52435,MALLAMA,20.0,0.0,0.0,0.0,0.0,0.0,1.0
2008,52,52,52473,MOSQUERA,22.0,0.0,0.0,0.0,0.0,0.0,1.0
2008,52,52,52490,OLAYA HERRERA,37.0,0.0,0.0,0.0,0.0,0.0,1.0
2008,52,52,52506,OSPINA,65.0,0.0,0.0,0.0,0.0,0.0,1.0
2008,52,52,52520,FRANCISCO PIZARRO,54.0,0.0,0.0,0.0,0.0,0.0,1.0
2008,52,52,52560,POTOSÍ,69.0,0.0,0.0,0.0,0.0,0.0,1.0
2008,52,52,52573,PUERRES,27.0,34.0,0.0,0.0,0.0,0.0,1.0
2008,52,52,52585,PUPIALES,97.0,38.0,0.0,0.0,0.0,0.0,1.0
2008,52,52,52612,RICAURTE,0.0,63.0,0.0,0.0,0.0,0.0,1.0
2008,52,52,52678,SAMANIEGO,10.0,0.0,0.0,0.0,0.0,0.0,1.0
2008,52,52,52687,SAN LORENZO,0.0,0.0,17.0,0.0,0.0,0.0,1.0
2008,52,52,52835,SAN ANDRÉS DE TUMACO,474.0,182.0,88.0,20.0,0.0,0.0,3.0
2008,52,52,52838,TÚQUERRES,111.0,35.0,0.0,0.0,0.0,0.0,1.0
2008,52,52,52838,TÚQUERRES,0.0,0.0,36.0,0.0,0.0,0.0,1.0
2008,52,52,52885,YACUANQUER,0.0,41.0,0.0,0.0,0.0,0.0,1.0
2008,54,54,54001,SAN JOSÉ DE CÚCUTA,3389.0,739.0,0.0,0.0,0.0,0.0,1.0
2008,54,54,54001,SAN JOSÉ DE CÚCUTA,469.0,2307.0,19188.0,177.0,18.0,0.0,13.0
2008,54,54,54003,ÁBREGO,32.0,0.0,0.0,0.0,0.0,0.0,1.0
2008,54,54,54099,BOCHALEMA,93.0,0.0,0.0,0.0,0.0,0.0,1.0
2008,54,54,54128,CÁCHIRA,139.0,0.0,0.0,0.0,0.0,0.0,1.0
2008,54,54,54172,CHINÁCOTA,84.0,32.0,22.0,0.0,0.0,0.0,2.0
2008,54,54,54206,CONVENCIÓN,28.0,0.0,0.0,0.0,0.0,0.0,1.0
2008,54,54,54223,CUCUTILLA,30.0,0.0,0.0,0.0,0.0,0.0,1.0
2008,54,54,54239,DURANIA,30.0,34.0,0.0,0.0,0.0,0.0,1.0
2008,54,54,54250,EL TARRA,0.0,0.0,5.0,0.0,0.0,0.0,1.0
2008,54,54,54261,EL ZULIA,135.0,0.0,0.0,0.0,0.0,0.0,1.0
2008,54,54,54313,GRAMALOTE,94.0,0.0,0.0,0.0,0.0,0.0,1.0
2008,54,54,54377,LABATECA,30.0,0.0,0.0,0.0,0.0,0.0,1.0
2008,54,54,54385,LA ESPERANZA,0.0,0.0,1.0,0.0,0.0,0.0,1.0
2008,54,54,54405,LOS PATIOS,335.0,0.0,0.0,0.0,0.0,0.0,1.0
2008,54,54,54480,MUTISCUA,34.0,0.0,0.0,0.0,0.0,0.0,1.0
2008,54,54,54498,OCAÑA,215.0,635.0,2627.0,24.0,0.0,0.0,6.0
2008,54,54,54518,PAMPLONA,641.0,777.0,11651.0,400.0,91.0,0.0,4.0
2008,54,54,54599,RAGONVALIA,0.0,0.0,8.0,0.0,0.0,0.0,1.0
2008,54,54,54660,SALAZAR,91.0,0.0,0.0,0.0,0.0,0.0,1.0
2008,54,54,54720,SARDINATA,0.0,0.0,33.0,0.0,0.0,0.0,2.0
2008,54,54,54810,TIBÚ,72.0,0.0,114.0,0.0,0.0,0.0,3.0
2008,54,54,54820,TOLEDO,22.0,0.0,0.0,0.0,0.0,0.0,1.0
2008,54,54,54874,VILLA DEL ROSARIO,42.0,0.0,4119.0,0.0,0.0,0.0,2.0
2008,63,63,63001,ARMENIA,3257.0,2823.0,12831.0,212.0,63.0,0.0,15.0
2008,63,63,63130,CALARCÁ,1545.0,215.0,0.0,0.0,0.0,0.0,2.0
2008,63,63,63190,CIRCASIA,404.0,0.0,200.0,0.0,0.0,0.0,2.0
2008,63,63,63212,CÓRDOBA,88.0,26.0,0.0,0.0,0.0,0.0,1.0
2008,63,63,63272,FILANDIA,0.0,28.0,0.0,0.0,0.0,0.0,1.0
2008,63,63,63302,GÉNOVA,136.0,27.0,0.0,0.0,0.0,0.0,1.0
2008,63,63,63401,LA TEBAIDA,289.0,26.0,0.0,0.0,0.0,0.0,1.0
2008,63,63,63470,MONTENEGRO,231.0,291.0,0.0,0.0,0.0,0.0,1.0
2008,63,63,63548,PIJAO,209.0,24.0,0.0,0.0,0.0,0.0,1.0
2008,63,63,63594,QUIMBAYA,217.0,136.0,76.0,0.0,0.0,0.0,3.0
2008,63,63,63690,SALENTO,66.0,0.0,0.0,0.0,0.0,0.0,1.0
2008,66,66,66001,PEREIRA,2293.0,5716.0,19820.0,745.0,606.0,29.0,16.0
2008,66,66,66045,APÍA,0.0,58.0,0.0,0.0,0.0,0.0,1.0
2008,66,66,66088,BELÉN DE UMBRÍA,67.0,70.0,0.0,0.0,0.0,0.0,2.0
2008,66,66,66170,DOSQUEBRADAS,850.0,1212.0,160.0,0.0,0.0,0.0,3.0
2008,66,66,66318,GUÁTICA,34.0,41.0,0.0,0.0,0.0,0.0,2.0
2008,66,66,66383,LA CELIA,0.0,102.0,0.0,0.0,0.0,0.0,2.0
2008,66,66,66400,LA VIRGINIA,0.0,122.0,0.0,0.0,0.0,0.0,1.0
2008,66,66,66440,MARSELLA,37.0,32.0,0.0,0.0,0.0,0.0,1.0
2008,66,66,66456,MISTRATÓ,48.0,68.0,0.0,0.0,0.0,0.0,2.0
2008,66,66,66572,PUEBLO RICO,30.0,0.0,0.0,0.0,0.0,0.0,1.0
2008,66,66,66594,QUINCHÍA,91.0,29.0,30.0,0.0,0.0,0.0,2.0
2008,66,66,66682,SANTA ROSA DE CABAL,118.0,320.0,683.0,21.0,0.0,0.0,2.0
2008,66,66,66687,SANTUARIO,51.0,24.0,0.0,0.0,0.0,0.0,1.0
2008,68,68,68001,BUCARAMANGA,1998.0,20226.0,44283.0,2302.0,612.0,55.0,27.0
2008,68,68,68020,ALBANIA,0.0,2.0,1.0,0.0,0.0,0.0,1.0
2008,68,68,68077,BARBOSA,255.0,50.0,0.0,0.0,0.0,0.0,1.0
2008,68,68,68079,BARICHARA,32.0,0.0,0.0,0.0,0.0,0.0,1.0
2008,68,68,68081,BARRANCABERMEJA,763.0,1606.0,2870.0,40.0,0.0,0.0,8.0
2008,68,68,68101,BOLÍVAR,44.0,68.0,0.0,0.0,0.0,0.0,1.0
2008,68,68,68162,CERRITO,29.0,0.0,0.0,0.0,0.0,0.0,1.0
2008,68,68,68190,CIMITARRA,61.0,84.0,0.0,0.0,0.0,0.0,1.0
2008,68,68,68207,CONCEPCIÓN,0.0,36.0,0.0,0.0,0.0,0.0,1.0
2008,68,68,68235,EL CARMEN DE CHUCURÍ,0.0,78.0,0.0,0.0,0.0,0.0,1.0
2008,68,68,68255,EL PLAYÓN,48.0,19.0,0.0,0.0,0.0,0.0,1.0
2008,68,68,68271,FLORIÁN,39.0,0.0,0.0,0.0,0.0,0.0,1.0
2008,68,68,68276,FLORIDABLANCA,517.0,244.0,0.0,0.0,0.0,0.0,1.0
2008,68,68,68307,GIRÓN,1158.0,603.0,0.0,0.0,0.0,0.0,1.0
2008,68,68,68368,JESÚS MARÍA,0.0,31.0,0.0,0.0,0.0,0.0,1.0
2008,68,68,68377,LA BELLEZA,0.0,20.0,0.0,0.0,0.0,0.0,1.0
2008,68,68,68432,MÁLAGA,327.0,369.0,332.0,0.0,0.0,0.0,4.0
2008,68,68,68464,MOGOTES,0.0,65.0,17.0,0.0,0.0,0.0,1.0
2008,68,68,68500,OIBA,0.0,1.0,0.0,0.0,0.0,0.0,1.0
2008,68,68,68524,PALMAS DEL SOCORRO,0.0,0.0,13.0,0.0,0.0,0.0,1.0
2008,68,68,68547,PIEDECUESTA,108.0,2094.0,30.0,0.0,0.0,0.0,3.0
2008,68,68,68572,PUENTE NACIONAL,32.0,26.0,0.0,23.0,0.0,0.0,2.0
2008,68,68,68575,PUERTO WILCHES,62.0,0.0,1.0,0.0,0.0,0.0,2.0
2008,68,68,68655,SABANA DE TORRES,59.0,31.0,6.0,0.0,0.0,0.0,2.0
2008,68,68,68669,SAN ANDRÉS,58.0,0.0,0.0,0.0,0.0,0.0,1.0
2008,68,68,68673,SAN BENITO,27.0,0.0,0.0,0.0,0.0,0.0,1.0
2008,68,68,68679,SAN GIL,370.0,347.0,1837.0,134.0,0.0,0.0,5.0
2008,68,68,68684,SAN JOSÉ DE MIRANDA,12.0,0.0,0.0,0.0,0.0,0.0,1.0
2008,68,68,68689,SAN VICENTE DE CHUCURÍ,272.0,32.0,0.0,0.0,0.0,0.0,1.0
2008,68,68,68689,SAN VICENTE DE CHUCURÍ,0.0,0.0,9.0,0.0,0.0,0.0,1.0
2008,68,68,68755,SOCORRO,142.0,91.0,799.0,15.0,0.0,0.0,3.0
2008,68,68,68770,SUAITA,0.0,36.0,11.0,0.0,0.0,0.0,2.0
2008,68,68,68861,VÉLEZ,659.0,321.0,164.0,0.0,0.0,0.0,5.0
2008,68,68,68872,VILLANUEVA,35.0,0.0,0.0,0.0,0.0,0.0,1.0
2008,70,70,70001,SINCELEJO,1738.0,728.0,8498.0,485.0,0.0,0.0,10.0
2008,70,70,70215,COROZAL,686.0,32.0,0.0,0.0,0.0,0.0,1.0
2008,70,70,70215,COROZAL,0.0,69.0,757.0,6.0,0.0,0.0,1.0
2008,70,70,70221,COVEÑAS,29.0,366.0,0.0,0.0,0.0,0.0,2.0
2008,70,70,70429,MAJAGUAL,39.0,0.0,36.0,0.0,0.0,0.0,2.0
2008,70,70,70670,SAMPUÉS,111.0,0.0,0.0,0.0,0.0,0.0,1.0
2008,70,70,70708,SAN MARCOS,0.0,37.0,126.0,0.0,0.0,0.0,4.0
2008,70,70,70713,SAN ONOFRE,0.0,11.0,87.0,0.0,0.0,0.0,1.0
2008,70,70,70742,SAN LUIS DE SINCÉ,0.0,33.0,0.0,0.0,0.0,0.0,1.0
2008,70,70,70742,SAN LUIS DE SINCÉ,0.0,0.0,71.0,0.0,0.0,0.0,2.0
2008,70,70,70820,SANTIAGO DE TOLÚ,65.0,115.0,0.0,0.0,0.0,0.0,1.0
2008,70,70,70823,SAN JOSÉ DE TOLUVIEJO,0.0,22.0,0.0,0.0,0.0,0.0,1.0
2008,73,73,73001,IBAGUÉ,2708.0,5106.0,18334.0,838.0,157.0,9.0,17.0
2008,73,73,73030,AMBALEMA,67.0,0.0,1.0,0.0,0.0,0.0,2.0
2008,73,73,73043,ANZOÁTEGUI,29.0,0.0,0.0,0.0,0.0,0.0,1.0
2008,73,73,73055,ARMERO,0.0,61.0,3.0,0.0,0.0,0.0,2.0
2008,73,73,73067,ATACO,146.0,96.0,4.0,0.0,0.0,0.0,2.0
2008,73,73,73124,CAJAMARCA,0.0,51.0,0.0,0.0,0.0,0.0,1.0
2008,73,73,73148,CARMEN DE APICALÁ,32.0,0.0,0.0,0.0,0.0,0.0,1.0
2008,73,73,73168,CHAPARRAL,125.0,106.0,228.0,0.0,0.0,0.0,3.0
2008,73,73,73217,COYAIMA,243.0,41.0,49.0,0.0,0.0,0.0,2.0
2008,73,73,73226,CUNDAY,40.0,0.0,0.0,0.0,0.0,0.0,1.0
2008,73,73,73268,ESPINAL,1849.0,1284.0,583.0,0.0,0.0,0.0,6.0
2008,73,73,73270,FALAN,0.0,0.0,31.0,0.0,0.0,0.0,1.0
2008,73,73,73275,FLANDES,0.0,0.0,50.0,0.0,0.0,0.0,1.0
2008,73,73,73283,FRESNO,175.0,39.0,33.0,0.0,0.0,0.0,3.0
2008,73,73,73349,HONDA,139.0,211.0,97.0,18.0,0.0,0.0,5.0
2008,73,73,73352,ICONONZO,0.0,0.0,85.0,0.0,0.0,0.0,1.0
2008,73,73,73408,LÉRIDA,13.0,3.0,54.0,0.0,0.0,0.0,3.0
2008,73,73,73411,LÍBANO,289.0,47.0,165.0,0.0,0.0,0.0,5.0
2008,73,73,73443,SAN SEBASTIÁN DE MARIQUITA,119.0,181.0,85.0,1.0,0.0,0.0,3.0
2008,73,73,73443,SAN SEBASTIÁN DE MARIQUITA,30.0,56.0,0.0,0.0,0.0,0.0,1.0
2008,73,73,73449,MELGAR,63.0,202.0,90.0,23.0,0.0,0.0,3.0
2008,73,73,73461,MURILLO,0.0,50.0,0.0,0.0,0.0,0.0,1.0
2008,73,73,73483,NATAGAIMA,53.0,0.0,0.0,23.0,0.0,0.0,2.0
2008,73,73,73504,ORTEGA,371.0,28.0,21.0,17.0,0.0,0.0,3.0
2008,73,73,73520,PALOCABILDO,111.0,0.0,0.0,0.0,0.0,0.0,1.0
2008,73,73,73547,PIEDRAS,61.0,27.0,0.0,0.0,0.0,0.0,1.0
2008,73,73,73555,PLANADAS,78.0,46.0,16.0,0.0,0.0,0.0,2.0
2008,73,73,73563,PRADO,17.0,26.0,0.0,0.0,0.0,0.0,2.0
2008,73,73,73585,PURIFICACIÓN,0.0,17.0,39.0,25.0,0.0,0.0,3.0
2008,73,73,73616,RIOBLANCO,41.0,10.0,37.0,0.0,0.0,0.0,2.0
2008,73,73,73622,RONCESVALLES,22.0,0.0,0.0,0.0,0.0,0.0,1.0
2008,73,73,73675,SAN ANTONIO,0.0,0.0,39.0,0.0,0.0,0.0,1.0
2008,73,73,73678,SAN LUIS,0.0,15.0,0.0,0.0,0.0,0.0,1.0
2008,73,73,73854,VALLE DE SAN JUAN,31.0,0.0,0.0,0.0,0.0,0.0,1.0
2008,73,73,73873,VILLARRICA,58.0,0.0,0.0,0.0,0.0,0.0,1.0
2008,76,76,76001,CALI,7468.0,14628.0,60821.0,2597.0,1980.0,189.0,35.0
2008,76,76,76020,ALCALÁ,0.0,69.0,0.0,0.0,0.0,0.0,1.0
2008,76,76,76109,BUENAVENTURA,690.0,1435.0,2625.0,0.0,0.0,0.0,9.0
2008,76,76,76111,GUADALAJARA DE BUGA,791.0,940.0,1230.0,55.0,0.0,0.0,5.0
2008,76,76,76113,BUGALAGRANDE,0.0,65.0,215.0,29.0,0.0,0.0,2.0
2008,76,76,76122,CAICEDONIA,25.0,124.0,130.0,0.0,0.0,0.0,2.0
2008,76,76,76130,CANDELARIA,50.0,49.0,26.0,33.0,0.0,0.0,3.0
2008,76,76,76147,CARTAGO,659.0,855.0,744.0,37.0,0.0,0.0,9.0
2008,76,76,76248,EL CERRITO,76.0,0.0,0.0,0.0,0.0,0.0,1.0
2008,76,76,76250,EL DOVIO,87.0,0.0,0.0,0.0,0.0,0.0,1.0
2008,76,76,76275,FLORIDA,43.0,0.0,0.0,0.0,0.0,0.0,1.0
2008,76,76,76318,GUACARÍ,27.0,0.0,28.0,0.0,0.0,0.0,2.0
2008,76,76,76364,JAMUNDÍ,57.0,0.0,0.0,0.0,0.0,0.0,1.0
2008,76,76,76497,OBANDO,20.0,51.0,0.0,28.0,0.0,0.0,2.0
2008,76,76,76520,PALMIRA,478.0,1470.0,5594.0,44.0,63.0,31.0,9.0
2008,76,76,76622,ROLDANILLO,675.0,59.0,375.0,0.0,0.0,0.0,4.0
2008,76,76,76736,SEVILLA,75.0,102.0,0.0,23.0,0.0,0.0,2.0
2008,76,76,76823,TORO,0.0,28.0,0.0,0.0,0.0,0.0,1.0
2008,76,76,76828,TRUJILLO,36.0,0.0,0.0,0.0,0.0,0.0,1.0
2008,76,76,76834,TULUÁ,720.0,447.0,3946.0,56.0,0.0,0.0,5.0
2008,76,76,76845,ULLOA,0.0,25.0,0.0,0.0,0.0,0.0,1.0
2008,76,76,76863,VERSALLES,0.0,27.0,0.0,0.0,0.0,0.0,1.0
2008,76,76,76892,YUMBO,54.0,470.0,436.0,0.0,0.0,0.0,3.0
2008,76,76,76895,ZARZAL,38.0,36.0,512.0,0.0,0.0,0.0,2.0
2008,8,8,8001,BARRANQUILLA,11640.0,6454.0,57377.0,2031.0,554.0,19.0,24.0
2008,8,8,8078,BARANOA,30.0,0.0,0.0,0.0,0.0,0.0,1.0
2008,8,8,8573,PUERTO COLOMBIA,0.0,24.0,248.0,31.0,0.0,0.0,1.0
2008,8,8,8634,SABANAGRANDE,63.0,0.0,18.0,0.0,0.0,0.0,2.0
2008,8,8,8638,SABANALARGA,195.0,0.0,51.0,0.0,0.0,0.0,3.0
2008,8,8,8685,SANTO TOMÁS,35.0,0.0,0.0,0.0,0.0,0.0,1.0
2008,8,8,8758,SOLEDAD,1966.0,96.0,0.0,0.0,0.0,0.0,2.0
2008,81,81,81001,ARAUCA,859.0,218.0,836.0,32.0,0.0,0.0,6.0
2008,81,81,81065,ARAUQUITA,102.0,64.0,104.0,0.0,0.0,0.0,2.0
2008,81,81,81736,SARAVENA,210.0,86.0,172.0,0.0,0.0,0.0,3.0
2008,81,81,81794,TAME,60.0,92.0,0.0,0.0,0.0,0.0,1.0
2008,85,85,85001,YOPAL,1028.0,910.0,4945.0,87.0,0.0,0.0,12.0
2008,85,85,85010,AGUAZUL,20.0,0.0,0.0,0.0,0.0,0.0,1.0
2008,85,85,85139,MANÍ,43.0,0.0,0.0,0.0,0.0,0.0,1.0
2008,85,85,85162,MONTERREY,0.0,43.0,355.0,0.0,0.0,0.0,3.0
2008,85,85,85230,OROCUÉ,114.0,0.0,0.0,0.0,0.0,0.0,1.0
2008,85,85,85250,PAZ DE ARIPORO,212.0,62.0,336.0,0.0,0.0,0.0,2.0
2008,85,85,85410,TAURAMENA,145.0,25.0,0.0,0.0,0.0,0.0,1.0
2008,85,85,85430,TRINIDAD,25.0,37.0,0.0,0.0,0.0,0.0,1.0
2008,85,85,85440,VILLANUEVA,141.0,0.0,0.0,0.0,0.0,0.0,1.0
2008,86,86,86001,MOCOA,269.0,130.0,0.0,0.0,0.0,0.0,1.0
2008,86,86,86001,MOCOA,0.0,587.0,401.0,83.0,0.0,0.0,5.0
2008,86,86,86219,COLÓN,0.0,32.0,0.0,0.0,0.0,0.0,1.0
2008,86,86,86320,ORITO,117.0,31.0,0.0,0.0,0.0,0.0,1.0
2008,86,86,86568,PUERTO ASÍS,290.0,213.0,0.0,0.0,0.0,0.0,1.0
2008,86,86,86568,PUERTO ASÍS,0.0,86.0,57.0,0.0,0.0,0.0,3.0
2008,86,86,86569,PUERTO CAICEDO,39.0,0.0,0.0,0.0,0.0,0.0,1.0
2008,86,86,86571,PUERTO GUZMÁN,43.0,0.0,0.0,0.0,0.0,0.0,1.0
2008,86,86,86573,PUERTO LEGUÍZAMO,62.0,0.0,0.0,0.0,0.0,0.0,1.0
2008,86,86,86749,SIBUNDOY,37.0,175.0,0.0,0.0,0.0,0.0,2.0
2008,86,86,86755,SAN FRANCISCO,0.0,30.0,42.0,0.0,0.0,0.0,3.0
2008,86,86,86757,SAN MIGUEL,0.0,65.0,0.0,0.0,0.0,0.0,1.0
2008,86,86,86865,VALLE DEL GUAMUEZ,0.0,29.0,0.0,0.0,0.0,0.0,1.0
2008,86,86,86865,VALLE DEL GUAMUEZ,0.0,29.0,117.0,0.0,0.0,0.0,1.0
2008,86,86,86885,VILLAGARZÓN,0.0,38.0,0.0,0.0,0.0,0.0,1.0
2008,88,88,88001,SAN ANDRÉS,763.0,413.0,15.0,0.0,10.0,0.0,4.0
2008,88,88,88564,PROVIDENCIA,54.0,28.0,0.0,0.0,0.0,0.0,1.0
2008,91,91,91001,LETICIA,187.0,185.0,94.0,33.0,46.0,0.0,6.0
2008,91,91,91540,PUERTO NARIÑO,32.0,0.0,0.0,0.0,0.0,0.0,1.0
2008,94,94,94001,INÍRIDA,396.0,370.0,7.0,0.0,0.0,0.0,2.0
2008,95,95,95001,SAN JOSÉ DEL GUAVIARE,258.0,522.0,615.0,7.0,0.0,0.0,4.0
2008,95,95,95025,EL RETORNO,36.0,27.0,0.0,0.0,0.0,0.0,1.0
2008,95,95,95200,MIRAFLORES,65.0,0.0,0.0,0.0,0.0,0.0,1.0
2008,97,97,97001,MITÚ,179.0,43.0,14.0,0.0,0.0,0.0,3.0
2008,99,99,99001,PUERTO CARREÑO,308.0,62.0,99.0,11.0,0.0,0.0,3.0
2008,99,99,99524,LA PRIMAVERA,0.0,35.0,39.0,0.0,0.0,0.0,2.0
2008,99,99,99773,CUMARIBO,136.0,38.0,0.0,0.0,0.0,0.0,1.0
2009,-,-,-,NO IDENTIFICADO,0.0,0.0,45.0,0.0,0.0,0.0,2.0
2009,11,11,11001,BOGOTÁ D.C.,59095.0,75624.0,319586.0,29493.0,9225.0,748.0,106.0
2009,13,13,13001,CARTAGENA DE INDIAS,3554.0,13073.0,29115.0,808.0,112.0,0.0,33.0
2009,13,13,13006,ACHÍ,0.0,29.0,0.0,0.0,0.0,0.0,1.0
2009,13,13,13006,ACHÍ,0.0,0.0,16.0,0.0,0.0,0.0,1.0
2009,13,13,13030,ALTOS DEL ROSARIO,30.0,0.0,0.0,0.0,0.0,0.0,1.0
2009,13,13,13052,ARJONA,263.0,89.0,0.0,0.0,0.0,0.0,1.0
2009,13,13,13062,ARROYOHONDO,34.0,0.0,0.0,0.0,0.0,0.0,1.0
2009,13,13,13140,CALAMAR,59.0,0.0,0.0,0.0,0.0,0.0,1.0
2009,13,13,13188,CICUCO,0.0,32.0,0.0,0.0,0.0,0.0,1.0
2009,13,13,13212,CÓRDOBA,0.0,65.0,0.0,0.0,0.0,0.0,1.0
2009,13,13,13222,CLEMENCIA,30.0,0.0,0.0,0.0,0.0,0.0,1.0
2009,13,13,13244,EL CARMEN DE BOLÍVAR,123.0,39.0,123.0,0.0,0.0,0.0,3.0
2009,13,13,13248,EL GUAMO,1.0,58.0,0.0,0.0,0.0,0.0,2.0
2009,13,13,13300,HATILLO DE LOBA,0.0,31.0,0.0,0.0,0.0,0.0,1.0
2009,13,13,13430,MAGANGUÉ,192.0,312.0,350.0,0.0,0.0,0.0,8.0
2009,13,13,13440,MARGARITA,0.0,30.0,0.0,0.0,0.0,0.0,1.0
2009,13,13,13442,MARÍA LA BAJA,42.0,219.0,33.0,0.0,0.0,0.0,2.0
2009,13,13,13468,SANTA CRUZ DE MOMPOX,66.0,66.0,67.0,0.0,0.0,0.0,3.0
2009,13,13,13473,MORALES,63.0,0.0,0.0,0.0,0.0,0.0,1.0
2009,13,13,13549,PINILLOS,60.0,32.0,0.0,0.0,0.0,0.0,1.0
2009,13,13,13549,PINILLOS,0.0,0.0,23.0,0.0,0.0,0.0,1.0
2009,13,13,13600,RÍO VIEJO,0.0,67.0,0.0,0.0,0.0,0.0,1.0
2009,13,13,13600,RÍO VIEJO,0.0,0.0,1.0,0.0,0.0,0.0,1.0
2009,13,13,13620,SAN CRISTÓBAL,0.0,53.0,0.0,0.0,0.0,0.0,1.0
2009,13,13,13647,SAN ESTANISLAO,30.0,0.0,0.0,40.0,0.0,0.0,2.0
2009,13,13,13650,SAN FERNANDO,60.0,30.0,0.0,0.0,0.0,0.0,1.0
2009,13,13,13654,SAN JACINTO,95.0,62.0,0.0,0.0,0.0,0.0,1.0
2009,13,13,13655,SAN JACINTO DEL CAUCA,29.0,0.0,0.0,0.0,0.0,0.0,1.0
2009,13,13,13657,SAN JUAN NEPOMUCENO,98.0,51.0,0.0,0.0,0.0,0.0,2.0
2009,13,13,13670,SAN PABLO,0.0,110.0,0.0,0.0,0.0,0.0,1.0
2009,13,13,13670,SAN PABLO,0.0,0.0,103.0,0.0,0.0,0.0,1.0
2009,13,13,13673,SANTA CATALINA,0.0,21.0,0.0,0.0,0.0,0.0,1.0
2009,13,13,13683,SANTA ROSA,37.0,27.0,217.0,0.0,0.0,0.0,2.0
2009,13,13,13688,SANTA ROSA DEL SUR,0.0,123.0,92.0,0.0,0.0,0.0,3.0
2009,13,13,13760,SOPLAVIENTO,35.0,23.0,0.0,0.0,0.0,0.0,1.0
2009,13,13,13780,TALAIGUA NUEVO,30.0,0.0,0.0,0.0,0.0,0.0,1.0
2009,13,13,13810,TIQUISIO,32.0,0.0,0.0,0.0,0.0,0.0,1.0
2009,13,13,13836,TURBACO,62.0,195.0,140.0,0.0,0.0,0.0,2.0
2009,13,13,13838,TURBANÁ,0.0,42.0,0.0,0.0,0.0,0.0,1.0
2009,13,13,13873,VILLANUEVA,29.0,41.0,0.0,0.0,0.0,0.0,1.0
2009,13,13,13894,ZAMBRANO,0.0,59.0,0.0,0.0,0.0,0.0,1.0
2009,15,15,15001,TUNJA,579.0,2341.0,19973.0,1288.0,346.0,28.0,14.0
2009,15,15,15087,BELÉN,31.0,26.0,0.0,0.0,0.0,0.0,1.0
2009,15,15,15097,BOAVITA,0.0,27.0,59.0,3.0,0.0,0.0,1.0
2009,15,15,15162,CERINZA,0.0,0.0,30.0,0.0,0.0,0.0,1.0
2009,15,15,15176,CHIQUINQUIRÁ,131.0,370.0,1533.0,3.0,0.0,0.0,8.0
2009,15,15,15180,CHISCAS,0.0,14.0,16.0,0.0,0.0,0.0,2.0
2009,15,15,15185,CHITARAQUE,1.0,0.0,0.0,0.0,0.0,0.0,1.0
2009,15,15,15204,CÓMBITA,27.0,0.0,0.0,0.0,0.0,0.0,1.0
2009,15,15,15212,COPER,1.0,0.0,0.0,0.0,0.0,0.0,1.0
2009,15,15,15223,CUBARÁ,0.0,61.0,112.0,0.0,0.0,0.0,2.0
2009,15,15,15238,DUITAMA,234.0,885.0,4640.0,164.0,0.0,0.0,6.0
2009,15,15,15244,EL COCUY,28.0,0.0,0.0,0.0,0.0,0.0,1.0
2009,15,15,15248,EL ESPINO,29.0,0.0,0.0,0.0,0.0,0.0,1.0
2009,15,15,15272,FIRAVITOBA,0.0,28.0,0.0,0.0,0.0,0.0,1.0
2009,15,15,15299,GARAGOA,33.0,271.0,150.0,0.0,0.0,0.0,5.0
2009,15,15,15322,GUATEQUE,22.0,0.0,30.0,0.0,0.0,0.0,3.0
2009,15,15,15332,GÜICÁN DE LA SIERRA,20.0,17.0,0.0,0.0,0.0,0.0,1.0
2009,15,15,15332,GÜICÁN DE LA SIERRA,0.0,4.0,31.0,0.0,0.0,0.0,1.0
2009,15,15,15455,MIRAFLORES,56.0,63.0,0.0,0.0,0.0,0.0,1.0
2009,15,15,15469,MONIQUIRÁ,33.0,37.0,396.0,0.0,0.0,0.0,4.0
2009,15,15,15480,MUZO,0.0,40.0,9.0,0.0,0.0,0.0,2.0
2009,15,15,15491,NOBSA,62.0,98.0,0.0,0.0,0.0,0.0,1.0
2009,15,15,15494,NUEVO COLÓN,0.0,24.0,0.0,0.0,0.0,0.0,1.0
2009,15,15,15507,OTANCHE,0.0,25.0,0.0,0.0,0.0,0.0,1.0
2009,15,15,15514,PÁEZ,24.0,0.0,0.0,0.0,0.0,0.0,2.0
2009,15,15,15516,PAIPA,22.0,77.0,0.0,0.0,0.0,0.0,1.0
2009,15,15,15537,PAZ DE RÍO,0.0,0.0,4.0,0.0,0.0,0.0,1.0
2009,15,15,15542,PESCA,0.0,0.0,8.0,0.0,0.0,0.0,1.0
2009,15,15,15572,PUERTO BOYACÁ,115.0,552.0,34.0,0.0,0.0,0.0,5.0
2009,15,15,15580,QUÍPAMA,0.0,26.0,0.0,0.0,0.0,0.0,1.0
2009,15,15,15599,RAMIRIQUÍ,41.0,28.0,0.0,0.0,0.0,0.0,2.0
2009,15,15,15621,RONDÓN,0.0,32.0,2.0,0.0,0.0,0.0,2.0
2009,15,15,15646,SAMACÁ,78.0,136.0,17.0,0.0,0.0,0.0,3.0
2009,15,15,15667,SAN LUIS DE GACENO,1.0,0.0,0.0,0.0,0.0,0.0,1.0
2009,15,15,15673,SAN MATEO,35.0,0.0,0.0,0.0,0.0,0.0,2.0
2009,15,15,15681,SAN PABLO DE BORBUR,25.0,0.0,0.0,0.0,0.0,0.0,1.0
2009,15,15,15693,SANTA ROSA DE VITERBO,24.0,0.0,0.0,0.0,0.0,0.0,1.0
2009,15,15,15753,SOATÁ,117.0,180.0,151.0,7.0,0.0,0.0,3.0
2009,15,15,15755,SOCOTÁ,0.0,30.0,0.0,0.0,0.0,0.0,1.0
2009,15,15,15757,SOCHA,33.0,46.0,74.0,11.0,0.0,0.0,4.0
2009,15,15,15759,SOGAMOSO,519.0,2197.0,4336.0,105.0,0.0,0.0,7.0
2009,15,15,15761,SOMONDOCO,0.0,25.0,0.0,0.0,0.0,0.0,1.0
2009,15,15,15763,SOTAQUIRÁ,1.0,0.0,0.0,0.0,0.0,0.0,1.0
2009,15,15,15778,SUTATENZA,1.0,0.0,189.0,0.0,0.0,0.0,2.0
2009,15,15,15810,TIPACOQUE,0.0,38.0,0.0,0.0,0.0,0.0,1.0
2009,15,15,15814,TOCA,0.0,31.0,0.0,0.0,0.0,0.0,1.0
2009,15,15,15816,TOGÜÍ,0.0,28.0,0.0,0.0,0.0,0.0,1.0
2009,15,15,15835,TURMEQUÉ,21.0,32.0,0.0,0.0,0.0,0.0,1.0
2009,15,15,15837,TUTA,34.0,60.0,0.0,0.0,0.0,0.0,1.0
2009,15,15,15842,ÚMBITA,1.0,0.0,0.0,0.0,0.0,0.0,1.0
2009,15,15,15861,VENTAQUEMADA,26.0,2.0,0.0,0.0,0.0,0.0,2.0
2009,17,17,17001,MANIZALES,832.0,5056.0,21147.0,1130.0,1182.0,127.0,11.0
2009,17,17,17013,AGUADAS,0.0,52.0,21.0,16.0,0.0,0.0,2.0
2009,17,17,17042,ANSERMA,79.0,87.0,0.0,0.0,0.0,0.0,1.0
2009,17,17,17088,BELALCÁZAR,32.0,35.0,0.0,0.0,0.0,0.0,1.0
2009,17,17,17174,CHINCHINÁ,43.0,155.0,373.0,0.0,0.0,0.0,2.0
2009,17,17,17272,FILADELFIA,0.0,0.0,26.0,0.0,0.0,0.0,1.0
2009,17,17,17380,LA DORADA,235.0,833.0,462.0,2.0,0.0,0.0,4.0
2009,17,17,17388,LA MERCED,0.0,37.0,0.0,0.0,0.0,0.0,1.0
2009,17,17,17433,MANZANARES,40.0,48.0,0.0,0.0,0.0,0.0,2.0
2009,17,17,17444,MARQUETALIA,73.0,129.0,0.0,0.0,0.0,0.0,2.0
2009,17,17,17486,NEIRA,0.0,49.0,38.0,0.0,0.0,0.0,2.0
2009,17,17,17495,NORCASIA,0.0,30.0,0.0,0.0,0.0,0.0,1.0
2009,17,17,17513,PÁCORA,0.0,0.0,17.0,0.0,0.0,0.0,1.0
2009,17,17,17541,PENSILVANIA,104.0,0.0,0.0,0.0,0.0,0.0,1.0
2009,17,17,17614,RIOSUCIO,0.0,57.0,78.0,0.0,0.0,0.0,2.0
2009,17,17,17653,SALAMINA,105.0,28.0,1.0,0.0,0.0,0.0,2.0
2009,17,17,17662,SAMANÁ,0.0,37.0,0.0,0.0,0.0,0.0,1.0
2009,17,17,17662,SAMANÁ,84.0,0.0,1.0,0.0,0.0,0.0,2.0
2009,17,17,17777,SUPÍA,0.0,35.0,0.0,0.0,0.0,0.0,1.0
2009,17,17,17867,VICTORIA,130.0,200.0,0.0,0.0,0.0,0.0,2.0
2009,17,17,17873,VILLAMARÍA,0.0,29.0,182.0,0.0,0.0,0.0,3.0
2009,18,18,18001,FLORENCIA,1003.0,767.0,7236.0,301.0,24.0,0.0,8.0
2009,18,18,18029,ALBANIA,109.0,27.0,0.0,0.0,0.0,0.0,1.0
2009,18,18,18094,BELÉN DE LOS ANDAQUÍES,148.0,0.0,1.0,0.0,0.0,0.0,2.0
2009,18,18,18150,CARTAGENA DEL CHAIRÁ,54.0,19.0,0.0,0.0,0.0,0.0,2.0
2009,18,18,18205,CURILLO,156.0,0.0,0.0,0.0,0.0,0.0,1.0
2009,18,18,18247,EL DONCELLO,312.0,8.0,15.0,0.0,0.0,0.0,3.0
2009,18,18,18256,EL PAUJÍL,33.0,0.0,0.0,0.0,0.0,0.0,1.0
2009,18,18,18410,LA MONTAÑITA,43.0,0.0,0.0,0.0,0.0,0.0,1.0
2009,18,18,18592,PUERTO RICO,169.0,0.0,0.0,0.0,0.0,0.0,2.0
2009,18,18,18610,SAN JOSÉ DEL FRAGUA,37.0,40.0,0.0,0.0,0.0,0.0,1.0
2009,18,18,18753,SAN VICENTE DEL CAGUÁN,309.0,188.0,86.0,1.0,0.0,0.0,5.0
2009,18,18,18860,VALPARAÍSO,73.0,0.0,0.0,0.0,0.0,0.0,1.0
2009,19,19,19001,POPAYÁN,1060.0,4918.0,17320.0,300.0,0.0,30.0,18.0
2009,19,19,19022,ALMAGUER,29.0,0.0,1.0,0.0,0.0,0.0,2.0
2009,19,19,19050,ARGELIA,0.0,45.0,0.0,0.0,0.0,0.0,1.0
2009,19,19,19075,BALBOA,36.0,72.0,0.0,0.0,0.0,0.0,1.0
2009,19,19,19100,BOLÍVAR,0.0,37.0,0.0,0.0,0.0,0.0,1.0
2009,19,19,19110,BUENOS AIRES,0.0,0.0,2.0,0.0,0.0,0.0,1.0
2009,19,19,19130,CAJIBÍO,0.0,37.0,0.0,0.0,0.0,0.0,1.0
2009,19,19,19137,CALDONO,0.0,151.0,0.0,0.0,0.0,0.0,1.0
2009,19,19,19142,CALOTO,56.0,250.0,0.0,0.0,0.0,0.0,1.0
2009,19,19,19212,CORINTO,90.0,71.0,1.0,0.0,0.0,0.0,2.0
2009,19,19,19256,EL TAMBO,52.0,82.0,1.0,0.0,0.0,0.0,3.0
2009,19,19,19290,FLORENCIA,0.0,61.0,0.0,0.0,0.0,0.0,1.0
2009,19,19,19318,GUAPI,25.0,34.0,38.0,0.0,0.0,0.0,3.0
2009,19,19,19355,INZÁ,83.0,0.0,0.0,0.0,0.0,0.0,1.0
2009,19,19,19364,JAMBALÓ,0.0,27.0,0.0,0.0,0.0,0.0,1.0
2009,19,19,19392,LA SIERRA,69.0,77.0,0.0,0.0,0.0,0.0,1.0
2009,19,19,19397,LA VEGA,39.0,0.0,95.0,0.0,0.0,0.0,2.0
2009,19,19,19450,MERCADERES,0.0,46.0,0.0,0.0,0.0,0.0,1.0
2009,19,19,19450,MERCADERES,0.0,0.0,54.0,0.0,0.0,0.0,1.0
2009,19,19,19455,MIRANDA,40.0,182.0,0.0,0.0,0.0,0.0,2.0
2009,19,19,19473,MORALES,35.0,60.0,0.0,0.0,0.0,0.0,1.0
2009,19,19,19513,PADILLA,0.0,74.0,0.0,0.0,0.0,0.0,1.0
2009,19,19,19517,PÁEZ,0.0,86.0,1.0,0.0,0.0,0.0,2.0
2009,19,19,19532,PATÍA,54.0,17.0,43.0,0.0,0.0,0.0,2.0
2009,19,19,19548,PIENDAMÓ - TUNÍA,157.0,115.0,0.0,0.0,0.0,0.0,3.0
2009,19,19,19573,PUERTO TEJADA,0.0,789.0,0.0,0.0,0.0,0.0,2.0
2009,19,19,19585,PURACÉ,0.0,69.0,0.0,0.0,0.0,0.0,1.0
2009,19,19,19622,ROSAS,27.0,0.0,1.0,0.0,0.0,0.0,2.0
2009,19,19,19693,SAN SEBASTIÁN,0.0,166.0,0.0,0.0,0.0,0.0,1.0
2009,19,19,19698,SANTANDER DE QUILICHAO,138.0,835.0,0.0,0.0,0.0,0.0,1.0
2009,19,19,19698,SANTANDER DE QUILICHAO,1.0,394.0,1026.0,3.0,0.0,0.0,5.0
2009,19,19,19701,SANTA ROSA,52.0,70.0,0.0,0.0,0.0,0.0,1.0
2009,19,19,19743,SILVIA,27.0,29.0,2.0,0.0,0.0,0.0,3.0
2009,19,19,19760,SOTARÁ PAISPAMBA,0.0,83.0,0.0,0.0,0.0,0.0,1.0
2009,19,19,19780,SUÁREZ,0.0,30.0,0.0,0.0,0.0,0.0,1.0
2009,19,19,19785,SUCRE,0.0,68.0,0.0,0.0,0.0,0.0,1.0
2009,19,19,19807,TIMBÍO,72.0,179.0,0.0,0.0,0.0,0.0,1.0
2009,19,19,19809,TIMBIQUÍ,0.0,80.0,0.0,0.0,0.0,0.0,1.0
2009,19,19,19824,TOTORÓ,0.0,35.0,0.0,0.0,0.0,0.0,1.0
2009,19,19,19845,VILLA RICA,0.0,109.0,0.0,0.0,0.0,0.0,1.0
2009,20,20,20001,VALLEDUPAR,417.0,1866.0,0.0,0.0,0.0,0.0,1.0
2009,20,20,20001,VALLEDUPAR,128.0,330.0,15762.0,166.0,0.0,0.0,15.0
2009,20,20,20011,AGUACHICA,263.0,660.0,1169.0,0.0,0.0,0.0,4.0
2009,20,20,20013,AGUSTÍN CODAZZI,96.0,49.0,69.0,0.0,0.0,0.0,3.0
2009,20,20,20032,ASTREA,0.0,46.0,62.0,0.0,0.0,0.0,1.0
2009,20,20,20175,CHIMICHAGUA,0.0,91.0,39.0,0.0,0.0,0.0,2.0
2009,20,20,20178,CHIRIGUANÁ,0.0,0.0,7.0,0.0,0.0,0.0,1.0
2009,20,20,20228,CURUMANÍ,0.0,208.0,206.0,0.0,0.0,0.0,3.0
2009,20,20,20238,EL COPEY,0.0,55.0,131.0,0.0,0.0,0.0,1.0
2009,20,20,20250,EL PASO,0.0,0.0,10.0,0.0,0.0,0.0,1.0
2009,20,20,20310,GONZÁLEZ,0.0,18.0,0.0,0.0,0.0,0.0,1.0
2009,20,20,20400,LA JAGUA DE IBIRICO,325.0,134.0,0.0,0.0,0.0,0.0,1.0
2009,20,20,20621,LA PAZ,0.0,75.0,0.0,0.0,0.0,0.0,1.0
2009,20,20,20710,SAN ALBERTO,0.0,76.0,62.0,0.0,0.0,0.0,2.0
2009,20,20,20750,SAN DIEGO,23.0,0.0,0.0,0.0,0.0,0.0,1.0
2009,23,23,23001,MONTERÍA,2077.0,1935.0,18127.0,168.0,0.0,0.0,16.0
2009,23,23,23068,AYAPEL,0.0,0.0,136.0,0.0,0.0,0.0,1.0
2009,23,23,23162,CERETÉ,75.0,32.0,0.0,0.0,0.0,0.0,1.0
2009,23,23,23182,CHINÚ,67.0,50.0,0.0,0.0,0.0,0.0,1.0
2009,23,23,23189,CIÉNAGA DE ORO,0.0,110.0,23.0,0.0,0.0,0.0,2.0
2009,23,23,23417,LORICA,243.0,241.0,0.0,0.0,0.0,0.0,1.0
2009,23,23,23417,LORICA,0.0,18.0,549.0,0.0,0.0,0.0,4.0
2009,23,23,23466,MONTELÍBANO,152.0,247.0,565.0,0.0,0.0,0.0,4.0
2009,23,23,23500,MOÑITOS,0.0,41.0,0.0,0.0,0.0,0.0,1.0
2009,23,23,23555,PLANETA RICA,36.0,160.0,210.0,0.0,0.0,0.0,3.0
2009,23,23,23580,PUERTO LIBERTADOR,35.0,0.0,1.0,0.0,0.0,0.0,2.0
2009,23,23,23660,SAHAGÚN,242.0,211.0,811.0,3.0,0.0,0.0,5.0
2009,23,23,23670,SAN ANDRÉS DE SOTAVENTO,74.0,15.0,0.0,0.0,0.0,0.0,1.0
2009,23,23,23675,SAN BERNARDO DEL VIENTO,46.0,0.0,0.0,0.0,0.0,0.0,1.0
2009,23,23,23807,TIERRALTA,137.0,66.0,44.0,0.0,0.0,0.0,2.0
2009,25,25,25001,AGUA DE DIOS,24.0,66.0,0.0,0.0,0.0,0.0,1.0
2009,25,25,25035,ANAPOIMA,26.0,0.0,0.0,0.0,0.0,0.0,1.0
2009,25,25,25040,ANOLAIMA,203.0,0.0,0.0,0.0,0.0,0.0,1.0
2009,25,25,25053,ARBELÁEZ,82.0,111.0,256.0,2.0,0.0,0.0,2.0
2009,25,25,25095,BITUIMA,0.0,0.0,195.0,0.0,0.0,0.0,1.0
2009,25,25,25120,CABRERA,0.0,36.0,0.0,0.0,0.0,0.0,1.0
2009,25,25,25126,CAJICÁ,102.0,167.0,41.0,0.0,0.0,0.0,2.0
2009,25,25,25148,CAPARRAPÍ,0.0,49.0,0.0,0.0,0.0,0.0,1.0
2009,25,25,25151,CÁQUEZA,21.0,0.0,211.0,0.0,0.0,0.0,2.0
2009,25,25,25175,CHÍA,352.0,1064.0,7730.0,1577.0,476.0,11.0,8.0
2009,25,25,25181,CHOACHÍ,148.0,146.0,0.0,0.0,0.0,0.0,1.0
2009,25,25,25183,CHOCONTÁ,81.0,73.0,183.0,0.0,0.0,0.0,3.0
2009,25,25,25200,COGUA,84.0,27.0,92.0,0.0,0.0,0.0,2.0
2009,25,25,25214,COTA,27.0,95.0,0.0,0.0,0.0,0.0,1.0
2009,25,25,25224,CUCUNUBÁ,0.0,30.0,0.0,0.0,0.0,0.0,1.0
2009,25,25,25245,EL COLEGIO,181.0,100.0,9.0,0.0,0.0,0.0,4.0
2009,25,25,25260,EL ROSAL,26.0,91.0,0.0,0.0,0.0,0.0,1.0
2009,25,25,25269,FACATATIVÁ,229.0,587.0,2137.0,114.0,0.0,0.0,8.0
2009,25,25,25279,FÓMEQUE,30.0,55.0,0.0,0.0,0.0,0.0,1.0
2009,25,25,25286,FUNZA,1.0,101.0,0.0,0.0,0.0,0.0,3.0
2009,25,25,25290,FUSAGASUGÁ,1044.0,517.0,4041.0,174.0,0.0,0.0,7.0
2009,25,25,25293,GACHALÁ,1.0,21.0,0.0,0.0,0.0,0.0,2.0
2009,25,25,25295,GACHANCIPÁ,125.0,0.0,0.0,0.0,0.0,0.0,1.0
2009,25,25,25297,GACHETÁ,39.0,96.0,259.0,0.0,0.0,0.0,3.0
2009,25,25,25307,GIRARDOT,644.0,1169.0,3311.0,68.0,0.0,0.0,9.0
2009,25,25,25320,GUADUAS,36.0,225.0,132.0,0.0,0.0,0.0,3.0
2009,25,25,25328,GUAYABAL DE SÍQUIMA,0.0,80.0,0.0,0.0,0.0,0.0,1.0
2009,25,25,25335,GUAYABETAL,0.0,34.0,0.0,0.0,0.0,0.0,1.0
2009,25,25,25372,JUNÍN,0.0,1.0,26.0,0.0,0.0,0.0,1.0
2009,25,25,25377,LA CALERA,0.0,221.0,0.0,0.0,0.0,0.0,1.0
2009,25,25,25386,LA MESA,184.0,104.0,0.0,0.0,0.0,0.0,2.0
2009,25,25,25394,LA PALMA,46.0,46.0,40.0,0.0,0.0,0.0,2.0
2009,25,25,25398,LA PEÑA,2.0,0.0,0.0,0.0,0.0,0.0,1.0
2009,25,25,25402,LA VEGA,0.0,121.0,174.0,0.0,0.0,0.0,3.0
2009,25,25,25426,MACHETÁ,139.0,0.0,0.0,0.0,0.0,0.0,2.0
2009,25,25,25430,MADRID,30.0,430.0,380.0,0.0,0.0,0.0,3.0
2009,25,25,25436,MANTA,103.0,0.0,0.0,0.0,0.0,0.0,1.0
2009,25,25,25438,MEDINA,54.0,32.0,0.0,0.0,0.0,0.0,2.0
2009,25,25,25473,MOSQUERA,222.0,1588.0,0.0,0.0,0.0,0.0,2.0
2009,25,25,25488,NILO,91.0,3201.0,0.0,0.0,0.0,0.0,2.0
2009,25,25,25489,NIMAIMA,0.0,30.0,0.0,0.0,0.0,0.0,1.0
2009,25,25,25491,NOCAIMA,0.0,0.0,23.0,0.0,0.0,0.0,1.0
2009,25,25,25506,VENECIA,66.0,0.0,0.0,0.0,0.0,0.0,1.0
2009,25,25,25513,PACHO,34.0,144.0,0.0,0.0,0.0,0.0,1.0
2009,25,25,25524,PANDI,0.0,43.0,0.0,0.0,0.0,0.0,1.0
2009,25,25,25530,PARATEBUENO,0.0,67.0,0.0,0.0,0.0,0.0,1.0
2009,25,25,25535,PASCA,43.0,0.0,19.0,0.0,0.0,0.0,2.0
2009,25,25,25572,PUERTO SALGAR,0.0,315.0,0.0,0.0,0.0,0.0,1.0
2009,25,25,25592,QUEBRADANEGRA,0.0,28.0,0.0,0.0,0.0,0.0,1.0
2009,25,25,25594,QUETAME,0.0,76.0,125.0,0.0,0.0,0.0,2.0
2009,25,25,25599,APULO,39.0,44.0,103.0,0.0,0.0,0.0,2.0
2009,25,25,25653,SAN CAYETANO,0.0,0.0,1.0,0.0,0.0,0.0,1.0
2009,25,25,25658,SAN FRANCISCO,0.0,86.0,0.0,0.0,0.0,0.0,1.0
2009,25,25,25662,SAN JUAN DE RIOSECO,0.0,87.0,0.0,0.0,0.0,0.0,1.0
2009,25,25,25718,SASAIMA,0.0,119.0,0.0,0.0,0.0,0.0,1.0
2009,25,25,25740,SIBATÉ,168.0,374.0,1320.0,0.0,0.0,0.0,3.0
2009,25,25,25743,SILVANIA,27.0,172.0,0.0,0.0,0.0,0.0,1.0
2009,25,25,25745,SIMIJACA,171.0,27.0,80.0,0.0,0.0,0.0,2.0
2009,25,25,25754,SOACHA,179.0,684.0,0.0,0.0,0.0,0.0,1.0
2009,25,25,25754,SOACHA,7.0,1364.0,988.0,11.0,0.0,0.0,6.0
2009,25,25,25758,SOPÓ,30.0,0.0,0.0,0.0,0.0,0.0,1.0
2009,25,25,25769,SUBACHOQUE,26.0,167.0,0.0,0.0,0.0,0.0,1.0
2009,25,25,25772,SUESCA,0.0,66.0,0.0,0.0,0.0,0.0,1.0
2009,25,25,25785,TABIO,33.0,0.0,0.0,0.0,0.0,0.0,2.0
2009,25,25,25793,TAUSA,73.0,0.0,147.0,0.0,0.0,0.0,2.0
2009,25,25,25799,TENJO,62.0,30.0,0.0,0.0,0.0,0.0,2.0
2009,25,25,25815,TOCAIMA,0.0,60.0,0.0,0.0,0.0,0.0,2.0
2009,25,25,25817,TOCANCIPÁ,299.0,163.0,0.0,0.0,0.0,0.0,2.0
2009,25,25,25839,UBALÁ,1.0,0.0,0.0,0.0,0.0,0.0,1.0
2009,25,25,25843,VILLA DE SAN DIEGO DE UBATÉ,33.0,159.0,637.0,0.0,0.0,0.0,2.0
2009,25,25,25845,UNE,68.0,88.0,0.0,0.0,0.0,0.0,1.0
2009,25,25,25851,ÚTICA,44.0,37.0,0.0,0.0,0.0,0.0,2.0
2009,25,25,25862,VERGARA,0.0,41.0,0.0,0.0,0.0,0.0,1.0
2009,25,25,25867,VIANÍ,0.0,0.0,23.0,0.0,0.0,0.0,1.0
2009,25,25,25873,VILLAPINZÓN,64.0,109.0,0.0,0.0,0.0,0.0,1.0
2009,25,25,25875,VILLETA,124.0,590.0,49.0,0.0,0.0,0.0,3.0
2009,25,25,25878,VIOTÁ,0.0,40.0,0.0,0.0,0.0,0.0,1.0
2009,25,25,25885,YACOPÍ,0.0,38.0,0.0,0.0,0.0,0.0,1.0
2009,25,25,25898,ZIPACÓN,68.0,0.0,0.0,0.0,0.0,0.0,1.0
2009,25,25,25899,ZIPAQUIRÁ,339.0,514.0,1421.0,5.0,0.0,0.0,6.0
2009,27,27,27001,QUIBDÓ,393.0,808.0,0.0,0.0,0.0,0.0,1.0
2009,27,27,27001,QUIBDÓ,0.0,141.0,9197.0,67.0,0.0,0.0,6.0
2009,27,27,27006,ACANDÍ,0.0,77.0,0.0,0.0,0.0,0.0,1.0
2009,27,27,27073,BAGADÓ,0.0,0.0,25.0,0.0,0.0,0.0,1.0
2009,27,27,27075,BAHÍA SOLANO,0.0,0.0,1.0,0.0,0.0,0.0,1.0
2009,27,27,27077,BAJO BAUDÓ,0.0,0.0,24.0,0.0,0.0,0.0,1.0
2009,27,27,27099,BOJAYÁ,0.0,35.0,0.0,0.0,0.0,0.0,1.0
2009,27,27,27205,CONDOTO,0.0,57.0,0.0,0.0,0.0,0.0,1.0
2009,27,27,27245,EL CARMEN DE ATRATO,71.0,0.0,25.0,0.0,0.0,0.0,2.0
2009,27,27,27361,ISTMINA,0.0,35.0,0.0,0.0,0.0,0.0,1.0
2009,27,27,27361,ISTMINA,0.0,0.0,367.0,0.0,0.0,0.0,1.0
2009,27,27,27495,NUQUÍ,0.0,0.0,22.0,0.0,0.0,0.0,1.0
2009,27,27,27615,RIOSUCIO,0.0,60.0,0.0,0.0,0.0,0.0,1.0
2009,27,27,27615,RIOSUCIO,0.0,0.0,12.0,0.0,0.0,0.0,1.0
2009,27,27,27787,TADÓ,0.0,31.0,0.0,0.0,0.0,0.0,1.0
2009,27,27,27787,TADÓ,0.0,0.0,86.0,0.0,0.0,0.0,1.0
2009,27,27,27800,UNGUÍA,0.0,31.0,27.0,0.0,0.0,0.0,2.0
2009,41,41,41001,NEIVA,1090.0,1765.0,15668.0,553.0,96.0,0.0,15.0
2009,41,41,41013,AGRADO,0.0,30.0,0.0,0.0,0.0,0.0,1.0
2009,41,41,41020,ALGECIRAS,0.0,34.0,0.0,0.0,0.0,0.0,1.0
2009,41,41,41026,ALTAMIRA,0.0,64.0,5.0,0.0,0.0,0.0,2.0
2009,41,41,41078,BARAYA,0.0,30.0,0.0,0.0,0.0,0.0,1.0
2009,41,41,41132,CAMPOALEGRE,1.0,712.0,130.0,0.0,0.0,0.0,3.0
2009,41,41,41298,GARZÓN,69.0,730.0,235.0,45.0,0.0,0.0,3.0
2009,41,41,41306,GIGANTE,0.0,61.0,0.0,0.0,0.0,0.0,1.0
2009,41,41,41319,GUADALUPE,0.0,57.0,0.0,0.0,0.0,0.0,1.0
2009,41,41,41349,HOBO,0.0,42.0,0.0,0.0,0.0,0.0,1.0
2009,41,41,41357,ÍQUIRA,0.0,36.0,0.0,0.0,0.0,0.0,1.0
2009,41,41,41359,ISNOS,0.0,0.0,3.0,0.0,0.0,0.0,1.0
2009,41,41,41378,LA ARGENTINA,0.0,85.0,0.0,0.0,0.0,0.0,1.0
2009,41,41,41396,LA PLATA,355.0,556.0,578.0,52.0,0.0,0.0,5.0
2009,41,41,41483,NÁTAGA,40.0,21.0,0.0,0.0,0.0,0.0,1.0
2009,41,41,41518,PAICOL,22.0,39.0,0.0,0.0,0.0,0.0,2.0
2009,41,41,41548,PITAL,0.0,18.0,0.0,0.0,0.0,0.0,1.0
2009,41,41,41551,PITALITO,773.0,1065.0,1242.0,88.0,0.0,0.0,9.0
2009,41,41,41615,RIVERA,69.0,60.0,0.0,0.0,0.0,0.0,1.0
2009,41,41,41668,SAN AGUSTÍN,0.0,0.0,44.0,0.0,0.0,0.0,2.0
2009,41,41,41676,SANTA MARÍA,27.0,0.0,0.0,0.0,0.0,0.0,1.0
2009,41,41,41770,SUAZA,0.0,58.0,0.0,0.0,0.0,0.0,1.0
2009,41,41,41791,TARQUI,0.0,73.0,0.0,0.0,0.0,0.0,1.0
2009,41,41,41797,TESALIA,0.0,29.0,0.0,0.0,0.0,0.0,1.0
2009,44,44,44001,RIOHACHA,373.0,634.0,0.0,0.0,0.0,0.0,1.0
2009,44,44,44001,RIOHACHA,0.0,1153.0,8247.0,108.0,0.0,0.0,10.0
2009,44,44,44035,ALBANIA,0.0,87.0,171.0,0.0,0.0,0.0,3.0
2009,44,44,44078,BARRANCAS,57.0,30.0,0.0,0.0,0.0,0.0,1.0
2009,44,44,44090,DIBULLA,0.0,100.0,0.0,0.0,0.0,0.0,1.0
2009,44,44,44098,DISTRACCIÓN,0.0,32.0,48.0,0.0,0.0,0.0,2.0
2009,44,44,44279,FONSECA,483.0,637.0,0.0,0.0,0.0,0.0,1.0
2009,44,44,44279,FONSECA,0.0,164.0,390.0,0.0,0.0,0.0,4.0
2009,44,44,44378,HATONUEVO,21.0,0.0,0.0,0.0,0.0,0.0,1.0
2009,44,44,44430,MAICAO,100.0,231.0,0.0,0.0,0.0,0.0,1.0
2009,44,44,44430,MAICAO,0.0,60.0,1134.0,0.0,0.0,0.0,3.0
2009,44,44,44560,MANAURE,0.0,0.0,15.0,0.0,0.0,0.0,1.0
2009,44,44,44650,SAN JUAN DEL CESAR,28.0,116.0,86.0,0.0,0.0,0.0,2.0
2009,44,44,44847,URIBIA,24.0,0.0,132.0,0.0,0.0,0.0,2.0
2009,44,44,44855,URUMITA,0.0,20.0,0.0,0.0,0.0,0.0,1.0
2009,44,44,44874,VILLANUEVA,83.0,63.0,0.0,0.0,0.0,0.0,1.0
2009,44,44,44874,VILLANUEVA,0.0,88.0,342.0,0.0,0.0,0.0,2.0
2009,47,47,47001,SANTA MARTA,2002.0,2911.0,15443.0,484.0,113.0,0.0,12.0
2009,47,47,47030,ALGARROBO,35.0,50.0,0.0,0.0,0.0,0.0,1.0
2009,47,47,47053,ARACATACA,0.0,81.0,0.0,0.0,0.0,0.0,1.0
2009,47,47,47053,ARACATACA,0.0,0.0,67.0,0.0,0.0,0.0,3.0
2009,47,47,47058,ARIGUANÍ,0.0,32.0,0.0,0.0,0.0,0.0,1.0
2009,47,47,47058,ARIGUANÍ,1.0,20.0,50.0,0.0,0.0,0.0,3.0
2009,47,47,47170,CHIVOLO,36.0,8.0,37.0,0.0,0.0,0.0,3.0
2009,47,47,47189,CIÉNAGA,226.0,341.0,200.0,0.0,0.0,0.0,4.0
2009,47,47,47245,EL BANCO,118.0,296.0,219.0,0.0,0.0,0.0,5.0
2009,47,47,47258,EL PIÑÓN,35.0,58.0,0.0,0.0,0.0,0.0,1.0
2009,47,47,47268,EL RETÉN,34.0,55.0,0.0,0.0,0.0,0.0,1.0
2009,47,47,47288,FUNDACIÓN,152.0,162.0,0.0,0.0,0.0,0.0,1.0
2009,47,47,47288,FUNDACIÓN,0.0,22.0,161.0,0.0,0.0,0.0,2.0
2009,47,47,47318,GUAMAL,0.0,0.0,28.0,0.0,0.0,0.0,1.0
2009,47,47,47460,NUEVA GRANADA,37.0,0.0,0.0,0.0,0.0,0.0,1.0
2009,47,47,47545,PIJIÑO DEL CARMEN,16.0,0.0,27.0,0.0,0.0,0.0,2.0
2009,47,47,47551,PIVIJAY,47.0,44.0,0.0,0.0,0.0,0.0,1.0
2009,47,47,47551,PIVIJAY,1.0,61.0,47.0,0.0,0.0,0.0,3.0
2009,47,47,47555,PLATO,63.0,280.0,0.0,0.0,0.0,0.0,1.0
2009,47,47,47555,PLATO,102.0,103.0,178.0,0.0,0.0,0.0,5.0
2009,47,47,47570,PUEBLOVIEJO,40.0,0.0,0.0,0.0,0.0,0.0,1.0
2009,47,47,47660,SABANAS DE SAN ÁNGEL,36.0,0.0,0.0,0.0,0.0,0.0,1.0
2009,47,47,47692,SAN SEBASTIÁN DE BUENAVISTA,32.0,0.0,0.0,0.0,0.0,0.0,1.0
2009,47,47,47707,SANTA ANA,39.0,33.0,0.0,0.0,0.0,0.0,1.0
2009,47,47,47707,SANTA ANA,0.0,0.0,35.0,0.0,0.0,0.0,1.0
2009,47,47,47720,SANTA BÁRBARA DE PINTO,25.0,0.0,0.0,0.0,0.0,0.0,1.0
2009,47,47,47745,SITIONUEVO,22.0,0.0,0.0,0.0,0.0,0.0,1.0
2009,47,47,47798,TENERIFE,46.0,0.0,0.0,0.0,0.0,0.0,1.0
2009,47,47,47960,ZAPAYÁN,39.0,0.0,0.0,0.0,0.0,0.0,1.0
2009,47,47,47980,ZONA BANANERA,150.0,0.0,0.0,0.0,0.0,0.0,1.0
2009,5,5,5001,MEDELLÍN,5732.0,53002.0,109159.0,6267.0,2733.0,492.0,41.0
2009,5,5,5002,ABEJORRAL,18.0,81.0,1.0,0.0,0.0,0.0,4.0
2009,5,5,5021,ALEJANDRÍA,0.0,30.0,0.0,0.0,0.0,0.0,1.0
2009,5,5,5030,AMAGÁ,2.0,78.0,0.0,0.0,0.0,0.0,2.0
2009,5,5,5031,AMALFI,135.0,207.0,27.0,0.0,0.0,0.0,3.0
2009,5,5,5034,ANDES,70.0,207.0,402.0,8.0,0.0,0.0,3.0
2009,5,5,5038,ANGOSTURA,0.0,0.0,1.0,0.0,0.0,0.0,1.0
2009,5,5,5040,ANORÍ,0.0,161.0,40.0,0.0,0.0,0.0,2.0
2009,5,5,5042,SANTA FÉ DE ANTIOQUIA,31.0,569.0,95.0,0.0,0.0,0.0,4.0
2009,5,5,5045,APARTADÓ,830.0,1645.0,1235.0,77.0,0.0,0.0,11.0
2009,5,5,5051,ARBOLETES,120.0,115.0,0.0,0.0,0.0,0.0,1.0
2009,5,5,5051,ARBOLETES,14.0,0.0,0.0,0.0,0.0,0.0,2.0
2009,5,5,5059,ARMENIA,0.0,0.0,406.0,0.0,0.0,0.0,2.0
2009,5,5,5079,BARBOSA,17.0,194.0,0.0,0.0,0.0,0.0,2.0
2009,5,5,5086,BELMIRA,0.0,59.0,0.0,0.0,0.0,0.0,2.0
2009,5,5,5088,BELLO,706.0,2572.0,1456.0,275.0,0.0,0.0,7.0
2009,5,5,5091,BETANIA,0.0,27.0,0.0,0.0,0.0,0.0,1.0
2009,5,5,5093,BETULIA,0.0,15.0,14.0,0.0,0.0,0.0,1.0
2009,5,5,5101,CIUDAD BOLÍVAR,48.0,134.0,4.0,0.0,0.0,0.0,3.0
2009,5,5,5107,BRICEÑO,1.0,0.0,0.0,0.0,0.0,0.0,1.0
2009,5,5,5113,BURITICÁ,0.0,0.0,1.0,0.0,0.0,0.0,1.0
2009,5,5,5120,CÁCERES,0.0,99.0,0.0,0.0,0.0,0.0,1.0
2009,5,5,5129,CALDAS,152.0,1238.0,1537.0,0.0,0.0,0.0,3.0
2009,5,5,5138,CAÑASGORDAS,0.0,10.0,78.0,0.0,0.0,0.0,1.0
2009,5,5,5142,CARACOLÍ,0.0,125.0,0.0,0.0,0.0,0.0,1.0
2009,5,5,5147,CAREPA,99.0,249.0,1.0,0.0,0.0,0.0,3.0
2009,5,5,5148,EL CARMEN DE VIBORAL,26.0,375.0,1219.0,0.0,0.0,0.0,3.0
2009,5,5,5150,CAROLINA,0.0,63.0,0.0,0.0,0.0,0.0,1.0
2009,5,5,5154,CAUCASIA,244.0,1241.0,589.0,0.0,0.0,0.0,3.0
2009,5,5,5172,CHIGORODÓ,509.0,374.0,89.0,16.0,0.0,0.0,5.0
2009,5,5,5190,CISNEROS,39.0,272.0,0.0,0.0,0.0,0.0,2.0
2009,5,5,5197,COCORNÁ,52.0,0.0,0.0,0.0,0.0,0.0,1.0
2009,5,5,5212,COPACABANA,0.0,120.0,0.0,0.0,0.0,0.0,1.0
2009,5,5,5234,DABEIBA,0.0,67.0,71.0,0.0,0.0,0.0,3.0
2009,5,5,5237,DONMATÍAS,0.0,0.0,2.0,0.0,0.0,0.0,1.0
2009,5,5,5237,DONMATÍAS,131.0,155.0,0.0,0.0,0.0,0.0,1.0
2009,5,5,5240,EBÉJICO,28.0,29.0,0.0,0.0,0.0,0.0,1.0
2009,5,5,5250,EL BAGRE,183.0,561.0,155.0,0.0,0.0,0.0,2.0
2009,5,5,5264,ENTRERRÍOS,1.0,39.0,1.0,0.0,0.0,0.0,2.0
2009,5,5,5266,ENVIGADO,309.0,565.0,3327.0,0.0,0.0,0.0,4.0
2009,5,5,5282,FREDONIA,0.0,36.0,53.0,0.0,0.0,0.0,2.0
2009,5,5,5284,FRONTINO,36.0,135.0,137.0,0.0,0.0,0.0,3.0
2009,5,5,5308,GIRARDOTA,50.0,95.0,0.0,0.0,0.0,0.0,1.0
2009,5,5,5313,GRANADA,19.0,0.0,0.0,0.0,0.0,0.0,1.0
2009,5,5,5315,GUADALUPE,36.0,21.0,0.0,0.0,0.0,0.0,1.0
2009,5,5,5318,GUARNE,0.0,111.0,0.0,0.0,0.0,0.0,1.0
2009,5,5,5321,GUATAPÉ,23.0,20.0,14.0,0.0,0.0,0.0,2.0
2009,5,5,5353,HISPANIA,0.0,52.0,25.0,0.0,0.0,0.0,1.0
2009,5,5,5360,ITAGÜÍ,396.0,2687.0,604.0,0.0,0.0,0.0,4.0
2009,5,5,5361,ITUANGO,129.0,109.0,33.0,0.0,0.0,0.0,3.0
2009,5,5,5364,JARDÍN,0.0,22.0,0.0,0.0,0.0,0.0,1.0
2009,5,5,5368,JERICÓ,71.0,81.0,22.0,0.0,0.0,0.0,3.0
2009,5,5,5376,LA CEJA,0.0,130.0,1.0,0.0,0.0,0.0,2.0
2009,5,5,5380,LA ESTRELLA,0.0,38.0,0.0,0.0,0.0,0.0,1.0
2009,5,5,5400,LA UNIÓN,0.0,52.0,0.0,0.0,0.0,0.0,1.0
2009,5,5,5411,LIBORINA,1.0,41.0,1.0,0.0,0.0,0.0,2.0
2009,5,5,5425,MACEO,0.0,111.0,0.0,0.0,0.0,0.0,1.0
2009,5,5,5440,MARINILLA,82.0,307.0,2.0,0.0,0.0,0.0,3.0
2009,5,5,5475,MURINDÓ,0.0,31.0,0.0,0.0,0.0,0.0,1.0
2009,5,5,5480,MUTATÁ,0.0,63.0,0.0,0.0,0.0,0.0,1.0
2009,5,5,5490,NECOCLÍ,85.0,106.0,109.0,0.0,0.0,0.0,3.0
2009,5,5,5495,NECHÍ,0.0,53.0,2.0,0.0,0.0,0.0,2.0
2009,5,5,5541,PEÑOL,0.0,96.0,0.0,0.0,0.0,0.0,1.0
2009,5,5,5543,PEQUE,0.0,45.0,1.0,0.0,0.0,0.0,2.0
2009,5,5,5579,PUERTO BERRÍO,132.0,705.0,280.0,0.0,0.0,0.0,5.0
2009,5,5,5585,PUERTO NARE,0.0,129.0,5.0,0.0,0.0,0.0,2.0
2009,5,5,5591,PUERTO TRIUNFO,0.0,123.0,0.0,0.0,0.0,0.0,1.0
2009,5,5,5604,REMEDIOS,0.0,310.0,55.0,0.0,0.0,0.0,3.0
2009,5,5,5607,RETIRO,0.0,88.0,0.0,0.0,0.0,0.0,1.0
2009,5,5,5615,RIONEGRO,772.0,1367.0,2293.0,30.0,39.0,0.0,5.0
2009,5,5,5631,SABANETA,23.0,97.0,1810.0,76.0,77.0,0.0,5.0
2009,5,5,5642,SALGAR,0.0,0.0,1.0,0.0,0.0,0.0,1.0
2009,5,5,5647,SAN ANDRÉS DE CUERQUÍA,1.0,28.0,24.0,0.0,0.0,0.0,2.0
2009,5,5,5649,SAN CARLOS,0.0,101.0,0.0,0.0,0.0,0.0,2.0
2009,5,5,5656,SAN JERÓNIMO,25.0,81.0,31.0,0.0,0.0,0.0,2.0
2009,5,5,5658,SAN JOSÉ DE LA MONTAÑA,29.0,0.0,2.0,0.0,0.0,0.0,2.0
2009,5,5,5659,SAN JUAN DE URABÁ,43.0,45.0,0.0,0.0,0.0,0.0,1.0
2009,5,5,5660,SAN LUIS,0.0,25.0,0.0,0.0,0.0,0.0,1.0
2009,5,5,5664,SAN PEDRO DE LOS MILAGROS,6.0,0.0,30.0,0.0,0.0,0.0,2.0
2009,5,5,5664,SAN PEDRO DE LOS MILAGROS,97.0,140.0,0.0,0.0,0.0,0.0,1.0
2009,5,5,5665,SAN PEDRO DE URABÁ,0.0,96.0,0.0,0.0,0.0,0.0,1.0
2009,5,5,5667,SAN RAFAEL,80.0,77.0,1.0,0.0,0.0,0.0,3.0
2009,5,5,5670,SAN ROQUE,0.0,286.0,37.0,0.0,0.0,0.0,3.0
2009,5,5,5674,SAN VICENTE FERRER,31.0,0.0,0.0,0.0,0.0,0.0,1.0
2009,5,5,5679,SANTA BÁRBARA,0.0,25.0,0.0,0.0,0.0,0.0,1.0
2009,5,5,5686,SANTA ROSA DE OSOS,38.0,354.0,2206.0,48.0,0.0,0.0,3.0
2009,5,5,5690,SANTO DOMINGO,80.0,82.0,0.0,0.0,0.0,0.0,1.0
2009,5,5,5697,EL SANTUARIO,0.0,21.0,0.0,0.0,0.0,0.0,1.0
2009,5,5,5736,SEGOVIA,0.0,257.0,38.0,0.0,0.0,0.0,3.0
2009,5,5,5756,SONSÓN,103.0,191.0,407.0,0.0,0.0,0.0,3.0
2009,5,5,5761,SOPETRÁN,31.0,37.0,24.0,0.0,0.0,0.0,3.0
2009,5,5,5790,TARAZÁ,36.0,137.0,39.0,0.0,0.0,0.0,3.0
2009,5,5,5837,TURBO,432.0,972.0,1517.0,50.0,0.0,0.0,5.0
2009,5,5,5842,URAMITA,31.0,53.0,0.0,0.0,0.0,0.0,1.0
2009,5,5,5847,URRAO,0.0,128.0,48.0,0.0,0.0,0.0,2.0
2009,5,5,5854,VALDIVIA,1.0,71.0,16.0,0.0,0.0,0.0,3.0
2009,5,5,5858,VEGACHÍ,0.0,80.0,25.0,0.0,0.0,0.0,2.0
2009,5,5,5873,VIGÍA DEL FUERTE,31.0,38.0,0.0,0.0,0.0,0.0,1.0
2009,5,5,5885,YALÍ,1.0,57.0,1.0,0.0,0.0,0.0,3.0
2009,5,5,5887,YARUMAL,208.0,559.0,175.0,0.0,0.0,0.0,3.0
2009,5,5,5890,YOLOMBÓ,86.0,166.0,15.0,0.0,0.0,0.0,2.0
2009,5,5,5893,YONDÓ,0.0,207.0,0.0,0.0,0.0,0.0,1.0
2009,5,5,5895,ZARAGOZA,0.0,106.0,0.0,0.0,0.0,0.0,1.0
2009,50,50,50001,VILLAVICENCIO,1477.0,2331.0,13292.0,520.0,0.0,0.0,13.0
2009,50,50,50006,ACACÍAS,201.0,719.0,1093.0,13.0,0.0,0.0,3.0
2009,50,50,50110,BARRANCA DE UPÍA,115.0,0.0,0.0,0.0,0.0,0.0,1.0
2009,50,50,50150,CASTILLA LA NUEVA,27.0,26.0,63.0,21.0,0.0,0.0,3.0
2009,50,50,50226,CUMARAL,0.0,22.0,0.0,0.0,0.0,0.0,1.0
2009,50,50,50226,CUMARAL,1.0,55.0,201.0,0.0,0.0,0.0,4.0
2009,50,50,50270,EL DORADO,28.0,0.0,0.0,0.0,0.0,0.0,1.0
2009,50,50,50287,FUENTE DE ORO,0.0,25.0,0.0,0.0,0.0,0.0,1.0
2009,50,50,50313,GRANADA,285.0,510.0,6.0,0.0,0.0,0.0,3.0
2009,50,50,50318,GUAMAL,55.0,0.0,0.0,0.0,0.0,0.0,1.0
2009,50,50,50370,URIBE,20.0,0.0,0.0,0.0,0.0,0.0,1.0
2009,50,50,50568,PUERTO GAITÁN,105.0,107.0,0.0,0.0,0.0,0.0,2.0
2009,50,50,50573,PUERTO LÓPEZ,159.0,82.0,68.0,0.0,0.0,0.0,3.0
2009,50,50,50577,PUERTO LLERAS,14.0,0.0,0.0,0.0,0.0,0.0,1.0
2009,50,50,50590,PUERTO RICO,0.0,27.0,0.0,0.0,0.0,0.0,1.0
2009,50,50,50606,RESTREPO,83.0,0.0,0.0,0.0,0.0,0.0,1.0
2009,50,50,50683,SAN JUAN DE ARAMA,15.0,0.0,0.0,0.0,0.0,0.0,1.0
2009,50,50,50689,SAN MARTÍN,167.0,114.0,0.0,0.0,0.0,0.0,1.0
2009,50,50,50711,VISTAHERMOSA,52.0,50.0,0.0,0.0,0.0,0.0,2.0
2009,52,52,52001,PASTO,649.0,1399.0,0.0,0.0,0.0,0.0,1.0
2009,52,52,52001,PASTO,113.0,1628.0,18545.0,466.0,140.0,1.0,16.0
2009,52,52,52019,ALBÁN,0.0,26.0,97.0,0.0,0.0,0.0,1.0
2009,52,52,52051,ARBOLEDA,0.0,0.0,25.0,0.0,0.0,0.0,1.0
2009,52,52,52079,BARBACOAS,26.0,0.0,0.0,0.0,0.0,0.0,1.0
2009,52,52,52203,COLÓN,0.0,42.0,0.0,0.0,0.0,0.0,1.0
2009,52,52,52215,CÓRDOBA,15.0,39.0,0.0,0.0,0.0,0.0,1.0
2009,52,52,52227,CUMBAL,32.0,0.0,26.0,0.0,0.0,0.0,3.0
2009,52,52,52250,EL CHARCO,38.0,30.0,0.0,0.0,0.0,0.0,1.0
2009,52,52,52256,EL ROSARIO,0.0,29.0,0.0,0.0,0.0,0.0,1.0
2009,52,52,52258,EL TABLÓN DE GÓMEZ,0.0,48.0,43.0,0.0,0.0,0.0,2.0
2009,52,52,52260,EL TAMBO,0.0,0.0,80.0,0.0,0.0,0.0,1.0
2009,52,52,52320,GUAITARILLA,35.0,0.0,0.0,0.0,0.0,0.0,1.0
2009,52,52,52323,GUALMATÁN,39.0,0.0,0.0,0.0,0.0,0.0,1.0
2009,52,52,52356,IPIALES,760.0,837.0,838.0,15.0,0.0,0.0,6.0
2009,52,52,52378,LA CRUZ,64.0,115.0,53.0,0.0,0.0,0.0,2.0
2009,52,52,52381,LA FLORIDA,0.0,33.0,0.0,0.0,0.0,0.0,1.0
2009,52,52,52399,LA UNIÓN,59.0,22.0,63.0,0.0,0.0,0.0,2.0
2009,52,52,52506,OSPINA,12.0,0.0,0.0,0.0,0.0,0.0,1.0
2009,52,52,52520,FRANCISCO PIZARRO,34.0,0.0,0.0,0.0,0.0,0.0,1.0
2009,52,52,52560,POTOSÍ,38.0,0.0,0.0,0.0,0.0,0.0,1.0
2009,52,52,52573,PUERRES,16.0,34.0,0.0,0.0,0.0,0.0,2.0
2009,52,52,52585,PUPIALES,97.0,38.0,0.0,0.0,0.0,0.0,1.0
2009,52,52,52612,RICAURTE,0.0,82.0,0.0,0.0,0.0,0.0,2.0
2009,52,52,52678,SAMANIEGO,0.0,34.0,86.0,0.0,0.0,0.0,3.0
2009,52,52,52687,SAN LORENZO,0.0,0.0,17.0,0.0,0.0,0.0,1.0
2009,52,52,52835,SAN ANDRÉS DE TUMACO,303.0,464.0,315.0,0.0,0.0,0.0,5.0
2009,52,52,52838,TÚQUERRES,41.0,85.0,0.0,0.0,0.0,0.0,1.0
2009,52,52,52838,TÚQUERRES,0.0,0.0,132.0,0.0,0.0,0.0,2.0
2009,52,52,52885,YACUANQUER,0.0,41.0,0.0,0.0,0.0,0.0,1.0
2009,54,54,54001,SAN JOSÉ DE CÚCUTA,1111.0,1603.0,0.0,0.0,0.0,0.0,1.0
2009,54,54,54001,SAN JOSÉ DE CÚCUTA,314.0,2995.0,21100.0,815.0,72.0,0.0,13.0
2009,54,54,54003,ÁBREGO,32.0,0.0,0.0,0.0,0.0,0.0,1.0
2009,54,54,54003,ÁBREGO,0.0,0.0,1.0,0.0,0.0,0.0,1.0
2009,54,54,54051,ARBOLEDAS,0.0,43.0,0.0,0.0,0.0,0.0,1.0
2009,54,54,54099,BOCHALEMA,49.0,0.0,0.0,0.0,0.0,0.0,1.0
2009,54,54,54128,CÁCHIRA,62.0,0.0,0.0,0.0,0.0,0.0,1.0
2009,54,54,54172,CHINÁCOTA,32.0,32.0,19.0,0.0,0.0,0.0,2.0
2009,54,54,54206,CONVENCIÓN,28.0,0.0,0.0,0.0,0.0,0.0,1.0
2009,54,54,54223,CUCUTILLA,30.0,0.0,0.0,0.0,0.0,0.0,1.0
2009,54,54,54239,DURANIA,0.0,34.0,0.0,0.0,0.0,0.0,1.0
2009,54,54,54261,EL ZULIA,17.0,0.0,0.0,0.0,0.0,0.0,1.0
2009,54,54,54313,GRAMALOTE,94.0,0.0,0.0,0.0,0.0,0.0,1.0
2009,54,54,54347,HERRÁN,0.0,38.0,0.0,0.0,0.0,0.0,1.0
2009,54,54,54385,LA ESPERANZA,0.0,0.0,1.0,0.0,0.0,0.0,1.0
2009,54,54,54405,LOS PATIOS,121.0,56.0,0.0,0.0,0.0,0.0,1.0
2009,54,54,54480,MUTISCUA,34.0,0.0,0.0,0.0,0.0,0.0,1.0
2009,54,54,54498,OCAÑA,119.0,751.0,3175.0,59.0,0.0,0.0,7.0
2009,54,54,54518,PAMPLONA,299.0,281.0,10380.0,946.0,64.0,0.0,3.0
2009,54,54,54660,SALAZAR,48.0,30.0,0.0,0.0,0.0,0.0,1.0
2009,54,54,54670,SAN CALIXTO,0.0,37.0,0.0,0.0,0.0,0.0,1.0
2009,54,54,54720,SARDINATA,0.0,72.0,30.0,0.0,0.0,0.0,2.0
2009,54,54,54800,TEORAMA,0.0,43.0,0.0,0.0,0.0,0.0,1.0
2009,54,54,54810,TIBÚ,0.0,40.0,87.0,0.0,0.0,0.0,2.0
2009,54,54,54820,TOLEDO,22.0,32.0,0.0,0.0,0.0,0.0,1.0
2009,54,54,54871,VILLA CARO,0.0,48.0,0.0,0.0,0.0,0.0,1.0
2009,54,54,54874,VILLA DEL ROSARIO,42.0,44.0,4041.0,0.0,0.0,0.0,2.0
2009,63,63,63001,ARMENIA,2449.0,4095.0,13385.0,331.0,50.0,0.0,19.0
2009,63,63,63130,CALARCÁ,1064.0,170.0,0.0,0.0,0.0,0.0,2.0
2009,63,63,63190,CIRCASIA,177.0,93.0,250.0,0.0,0.0,0.0,2.0
2009,63,63,63212,CÓRDOBA,38.0,54.0,0.0,0.0,0.0,0.0,1.0
2009,63,63,63272,FILANDIA,0.0,54.0,0.0,0.0,0.0,0.0,1.0
2009,63,63,63302,GÉNOVA,76.0,0.0,0.0,0.0,0.0,0.0,1.0
2009,63,63,63401,LA TEBAIDA,199.0,26.0,0.0,0.0,0.0,0.0,1.0
2009,63,63,63470,MONTENEGRO,121.0,292.0,0.0,0.0,0.0,0.0,2.0
2009,63,63,63548,PIJAO,157.0,23.0,0.0,0.0,0.0,0.0,1.0
2009,63,63,63594,QUIMBAYA,139.0,138.0,138.0,0.0,0.0,0.0,3.0
2009,63,63,63690,SALENTO,39.0,0.0,0.0,0.0,0.0,0.0,1.0
2009,66,66,66001,PEREIRA,1002.0,4864.0,20978.0,587.0,685.0,28.0,16.0
2009,66,66,66045,APÍA,0.0,29.0,0.0,0.0,0.0,0.0,1.0
2009,66,66,66088,BELÉN DE UMBRÍA,0.0,33.0,0.0,0.0,0.0,0.0,1.0
2009,66,66,66170,DOSQUEBRADAS,496.0,1700.0,134.0,0.0,0.0,0.0,3.0
2009,66,66,66383,LA CELIA,0.0,73.0,0.0,0.0,0.0,0.0,2.0
2009,66,66,66400,LA VIRGINIA,0.0,149.0,0.0,0.0,0.0,0.0,1.0
2009,66,66,66440,MARSELLA,0.0,67.0,0.0,0.0,0.0,0.0,1.0
2009,66,66,66456,MISTRATÓ,0.0,132.0,25.0,0.0,0.0,0.0,2.0
2009,66,66,66572,PUEBLO RICO,30.0,26.0,0.0,0.0,0.0,0.0,1.0
2009,66,66,66594,QUINCHÍA,30.0,58.0,34.0,0.0,0.0,0.0,3.0
2009,66,66,66682,SANTA ROSA DE CABAL,118.0,654.0,770.0,11.0,0.0,0.0,2.0
2009,66,66,66687,SANTUARIO,0.0,52.0,0.0,0.0,0.0,0.0,1.0
2009,68,68,68001,BUCARAMANGA,1319.0,22965.0,44519.0,2735.0,603.0,48.0,25.0
2009,68,68,68077,BARBOSA,256.0,212.0,10.0,48.0,0.0,0.0,3.0
2009,68,68,68079,BARICHARA,32.0,0.0,0.0,0.0,0.0,0.0,1.0
2009,68,68,68081,BARRANCABERMEJA,453.0,1789.0,1544.0,72.0,0.0,0.0,9.0
2009,68,68,68092,BETULIA,0.0,0.0,0.0,13.0,0.0,0.0,1.0
2009,68,68,68101,BOLÍVAR,43.0,69.0,0.0,0.0,0.0,0.0,1.0
2009,68,68,68147,CAPITANEJO,0.0,58.0,0.0,0.0,0.0,0.0,1.0
2009,68,68,68162,CERRITO,29.0,0.0,0.0,0.0,0.0,0.0,1.0
2009,68,68,68167,CHARALÁ,0.0,108.0,0.0,0.0,0.0,0.0,2.0
2009,68,68,68190,CIMITARRA,61.0,153.0,0.0,0.0,0.0,0.0,2.0
2009,68,68,68207,CONCEPCIÓN,0.0,36.0,0.0,0.0,0.0,0.0,1.0
2009,68,68,68235,EL CARMEN DE CHUCURÍ,0.0,78.0,0.0,0.0,0.0,0.0,1.0
2009,68,68,68255,EL PLAYÓN,24.0,49.0,0.0,0.0,0.0,0.0,1.0
2009,68,68,68271,FLORIÁN,39.0,0.0,0.0,0.0,0.0,0.0,1.0
2009,68,68,68276,FLORIDABLANCA,190.0,595.0,0.0,0.0,0.0,0.0,1.0
2009,68,68,68296,GALÁN,1.0,0.0,0.0,0.0,0.0,0.0,1.0
2009,68,68,68307,GIRÓN,342.0,1180.0,0.0,0.0,0.0,0.0,1.0
2009,68,68,68322,GUAPOTÁ,1.0,0.0,0.0,0.0,0.0,0.0,1.0
2009,68,68,68368,JESÚS MARÍA,0.0,31.0,0.0,0.0,0.0,0.0,1.0
2009,68,68,68377,LA BELLEZA,0.0,20.0,0.0,0.0,0.0,0.0,1.0
2009,68,68,68385,LANDÁZURI,1.0,42.0,0.0,0.0,0.0,0.0,2.0
2009,68,68,68397,LA PAZ,0.0,38.0,0.0,0.0,0.0,0.0,1.0
2009,68,68,68406,LEBRIJA,0.0,29.0,0.0,0.0,0.0,0.0,1.0
2009,68,68,68432,MÁLAGA,168.0,607.0,288.0,93.0,0.0,0.0,4.0
2009,68,68,68444,MATANZA,0.0,0.0,1.0,0.0,0.0,0.0,1.0
2009,68,68,68464,MOGOTES,0.0,77.0,0.0,0.0,0.0,0.0,2.0
2009,68,68,68500,OIBA,0.0,0.0,0.0,18.0,0.0,0.0,1.0
2009,68,68,68502,ONZAGA,0.0,27.0,0.0,0.0,0.0,0.0,1.0
2009,68,68,68524,PALMAS DEL SOCORRO,0.0,28.0,12.0,0.0,0.0,0.0,2.0
2009,68,68,68547,PIEDECUESTA,24.0,764.0,0.0,0.0,0.0,0.0,1.0
2009,68,68,68572,PUENTE NACIONAL,33.0,26.0,0.0,0.0,0.0,0.0,2.0
2009,68,68,68575,PUERTO WILCHES,0.0,0.0,1.0,17.0,0.0,0.0,2.0
2009,68,68,68615,RIONEGRO,0.0,30.0,0.0,0.0,0.0,0.0,1.0
2009,68,68,68655,SABANA DE TORRES,26.0,31.0,6.0,0.0,0.0,0.0,3.0
2009,68,68,68669,SAN ANDRÉS,58.0,0.0,0.0,0.0,0.0,0.0,1.0
2009,68,68,68673,SAN BENITO,27.0,0.0,0.0,0.0,0.0,0.0,1.0
2009,68,68,68679,SAN GIL,361.0,842.0,2025.0,45.0,0.0,0.0,7.0
2009,68,68,68689,SAN VICENTE DE CHUCURÍ,29.0,32.0,0.0,0.0,0.0,0.0,1.0
2009,68,68,68689,SAN VICENTE DE CHUCURÍ,0.0,0.0,1.0,15.0,0.0,0.0,2.0
2009,68,68,68720,SANTA HELENA DEL OPÓN,1.0,0.0,0.0,0.0,0.0,0.0,1.0
2009,68,68,68755,SOCORRO,203.0,278.0,976.0,86.0,0.0,0.0,5.0
2009,68,68,68770,SUAITA,0.0,70.0,0.0,0.0,0.0,0.0,2.0
2009,68,68,68773,SUCRE,0.0,30.0,0.0,0.0,0.0,0.0,1.0
2009,68,68,68861,VÉLEZ,661.0,673.0,167.0,53.0,0.0,0.0,6.0
2009,68,68,68872,VILLANUEVA,35.0,57.0,0.0,0.0,0.0,0.0,1.0
2009,70,70,70001,SINCELEJO,1174.0,934.0,9242.0,859.0,0.0,0.0,11.0
2009,70,70,70215,COROZAL,103.0,32.0,0.0,0.0,0.0,0.0,1.0
2009,70,70,70215,COROZAL,0.0,122.0,782.0,11.0,0.0,0.0,1.0
2009,70,70,70221,COVEÑAS,0.0,149.0,1.0,0.0,0.0,0.0,2.0
2009,70,70,70265,GUARANDA,56.0,0.0,0.0,0.0,0.0,0.0,1.0
2009,70,70,70429,MAJAGUAL,187.0,0.0,40.0,0.0,0.0,0.0,3.0
2009,70,70,70670,SAMPUÉS,71.0,62.0,41.0,0.0,0.0,0.0,3.0
2009,70,70,70708,SAN MARCOS,0.0,37.0,56.0,0.0,0.0,0.0,2.0
2009,70,70,70713,SAN ONOFRE,0.0,0.0,50.0,0.0,0.0,0.0,1.0
2009,70,70,70742,SAN LUIS DE SINCÉ,0.0,33.0,0.0,0.0,0.0,0.0,1.0
2009,70,70,70742,SAN LUIS DE SINCÉ,0.0,18.0,0.0,0.0,0.0,0.0,1.0
2009,70,70,70820,SANTIAGO DE TOLÚ,0.0,115.0,0.0,0.0,0.0,0.0,1.0
2009,73,73,73001,IBAGUÉ,1369.0,6101.0,16096.0,545.0,37.0,0.0,19.0
2009,73,73,73024,ALPUJARRA,1.0,0.0,0.0,0.0,0.0,0.0,1.0
2009,73,73,73026,ALVARADO,1.0,0.0,0.0,0.0,0.0,0.0,1.0
2009,73,73,73030,AMBALEMA,50.0,14.0,0.0,0.0,0.0,0.0,1.0
2009,73,73,73043,ANZOÁTEGUI,15.0,47.0,1.0,0.0,0.0,0.0,2.0
2009,73,73,73055,ARMERO,0.0,91.0,0.0,0.0,0.0,0.0,1.0
2009,73,73,73067,ATACO,57.0,166.0,0.0,0.0,0.0,0.0,1.0
2009,73,73,73124,CAJAMARCA,0.0,136.0,13.0,0.0,0.0,0.0,2.0
2009,73,73,73148,CARMEN DE APICALÁ,140.0,19.0,4.0,0.0,0.0,0.0,1.0
2009,73,73,73152,CASABIANCA,0.0,32.0,0.0,0.0,0.0,0.0,1.0
2009,73,73,73168,CHAPARRAL,70.0,135.0,124.0,0.0,0.0,0.0,4.0
2009,73,73,73200,COELLO,1.0,0.0,1.0,0.0,0.0,0.0,2.0
2009,73,73,73217,COYAIMA,32.0,155.0,14.0,0.0,0.0,0.0,2.0
2009,73,73,73226,CUNDAY,10.0,20.0,0.0,0.0,0.0,0.0,1.0
2009,73,73,73236,DOLORES,1.0,0.0,0.0,0.0,0.0,0.0,1.0
2009,73,73,73268,ESPINAL,1630.0,1677.0,503.0,22.0,0.0,0.0,6.0
2009,73,73,73270,FALAN,1.0,0.0,29.0,0.0,0.0,0.0,3.0
2009,73,73,73275,FLANDES,41.0,26.0,61.0,0.0,0.0,0.0,3.0
2009,73,73,73283,FRESNO,2.0,118.0,68.0,0.0,0.0,0.0,5.0
2009,73,73,73319,GUAMO,114.0,0.0,0.0,0.0,0.0,0.0,2.0
2009,73,73,73349,HONDA,109.0,234.0,89.0,0.0,0.0,0.0,4.0
2009,73,73,73352,ICONONZO,0.0,0.0,26.0,0.0,0.0,0.0,1.0
2009,73,73,73408,LÉRIDA,13.0,97.0,128.0,0.0,0.0,0.0,6.0
2009,73,73,73411,LÍBANO,283.0,154.0,221.0,0.0,0.0,0.0,5.0
2009,73,73,73443,SAN SEBASTIÁN DE MARIQUITA,256.0,220.0,140.0,2.0,0.0,0.0,2.0
2009,73,73,73443,SAN SEBASTIÁN DE MARIQUITA,30.0,120.0,0.0,0.0,0.0,0.0,1.0
2009,73,73,73449,MELGAR,44.0,367.0,107.0,0.0,0.0,0.0,2.0
2009,73,73,73461,MURILLO,0.0,61.0,0.0,0.0,0.0,0.0,1.0
2009,73,73,73483,NATAGAIMA,27.0,33.0,0.0,0.0,0.0,0.0,1.0
2009,73,73,73504,ORTEGA,190.0,228.0,0.0,0.0,0.0,0.0,2.0
2009,73,73,73520,PALOCABILDO,51.0,70.0,0.0,0.0,0.0,0.0,1.0
2009,73,73,73547,PIEDRAS,30.0,58.0,0.0,0.0,0.0,0.0,1.0
2009,73,73,73555,PLANADAS,33.0,86.0,1.0,0.0,0.0,0.0,2.0
2009,73,73,73563,PRADO,15.0,38.0,8.0,0.0,0.0,0.0,3.0
2009,73,73,73585,PURIFICACIÓN,0.0,21.0,42.0,0.0,0.0,0.0,4.0
2009,73,73,73616,RIOBLANCO,16.0,56.0,2.0,0.0,0.0,0.0,4.0
2009,73,73,73624,ROVIRA,0.0,0.0,2.0,0.0,0.0,0.0,1.0
2009,73,73,73675,SAN ANTONIO,0.0,31.0,2.0,0.0,0.0,0.0,3.0
2009,73,73,73678,SAN LUIS,0.0,15.0,0.0,0.0,0.0,0.0,1.0
2009,73,73,73686,SANTA ISABEL,0.0,0.0,3.0,0.0,0.0,0.0,1.0
2009,73,73,73861,VENADILLO,0.0,0.0,17.0,0.0,0.0,0.0,1.0
2009,73,73,73873,VILLARRICA,58.0,78.0,3.0,0.0,0.0,0.0,2.0
2009,76,76,76001,CALI,5837.0,19605.0,64316.0,2776.0,2621.0,208.0,40.0
2009,76,76,76020,ALCALÁ,0.0,44.0,0.0,0.0,0.0,0.0,1.0
2009,76,76,76041,ANSERMANUEVO,0.0,59.0,0.0,0.0,0.0,0.0,1.0
2009,76,76,76054,ARGELIA,0.0,34.0,0.0,0.0,0.0,0.0,1.0
2009,76,76,76100,BOLÍVAR,0.0,0.0,2.0,0.0,0.0,0.0,1.0
2009,76,76,76109,BUENAVENTURA,514.0,1662.0,2935.0,0.0,0.0,0.0,10.0
2009,76,76,76111,GUADALAJARA DE BUGA,127.0,1823.0,1259.0,24.0,0.0,0.0,4.0
2009,76,76,76113,BUGALAGRANDE,0.0,217.0,181.0,0.0,0.0,0.0,2.0
2009,76,76,76122,CAICEDONIA,1.0,74.0,164.0,0.0,0.0,0.0,3.0
2009,76,76,76126,CALIMA,0.0,19.0,0.0,0.0,0.0,0.0,1.0
2009,76,76,76130,CANDELARIA,30.0,50.0,25.0,0.0,0.0,0.0,2.0
2009,76,76,76147,CARTAGO,374.0,900.0,839.0,0.0,0.0,0.0,8.0
2009,76,76,76233,DAGUA,1.0,24.0,0.0,0.0,0.0,0.0,2.0
2009,76,76,76248,EL CERRITO,18.0,129.0,0.0,0.0,0.0,0.0,1.0
2009,76,76,76250,EL DOVIO,27.0,25.0,0.0,0.0,0.0,0.0,2.0
2009,76,76,76275,FLORIDA,0.0,90.0,0.0,0.0,0.0,0.0,1.0
2009,76,76,76306,GINEBRA,0.0,82.0,0.0,0.0,0.0,0.0,1.0
2009,76,76,76318,GUACARÍ,27.0,42.0,1.0,0.0,0.0,0.0,2.0
2009,76,76,76377,LA CUMBRE,0.0,59.0,0.0,0.0,0.0,0.0,1.0
2009,76,76,76403,LA VICTORIA,0.0,56.0,0.0,0.0,0.0,0.0,1.0
2009,76,76,76497,OBANDO,0.0,81.0,0.0,0.0,0.0,0.0,1.0
2009,76,76,76520,PALMIRA,1243.0,2003.0,7743.0,84.0,94.0,41.0,11.0
2009,76,76,76616,RIOFRÍO,0.0,26.0,0.0,0.0,0.0,0.0,1.0
2009,76,76,76622,ROLDANILLO,944.0,222.0,480.0,30.0,0.0,0.0,6.0
2009,76,76,76670,SAN PEDRO,0.0,57.0,0.0,0.0,0.0,0.0,1.0
2009,76,76,76736,SEVILLA,0.0,238.0,0.0,0.0,0.0,0.0,1.0
2009,76,76,76823,TORO,0.0,28.0,0.0,0.0,0.0,0.0,1.0
2009,76,76,76828,TRUJILLO,36.0,76.0,0.0,0.0,0.0,0.0,1.0
2009,76,76,76834,TULUÁ,218.0,1070.0,4361.0,0.0,0.0,0.0,6.0
2009,76,76,76845,ULLOA,0.0,25.0,0.0,0.0,0.0,0.0,1.0
2009,76,76,76863,VERSALLES,0.0,88.0,0.0,0.0,0.0,0.0,1.0
2009,76,76,76892,YUMBO,27.0,497.0,555.0,0.0,0.0,0.0,4.0
2009,76,76,76895,ZARZAL,0.0,62.0,564.0,0.0,0.0,0.0,1.0
2009,8,8,8001,BARRANQUILLA,7059.0,8582.0,59024.0,1873.0,843.0,44.0,29.0
2009,8,8,8078,BARANOA,0.0,39.0,0.0,0.0,0.0,0.0,1.0
2009,8,8,8421,LURUACO,0.0,32.0,0.0,0.0,0.0,0.0,1.0
2009,8,8,8520,PALMAR DE VARELA,0.0,41.0,0.0,0.0,0.0,0.0,1.0
2009,8,8,8573,PUERTO COLOMBIA,0.0,8.0,303.0,23.0,0.0,0.0,1.0
2009,8,8,8634,SABANAGRANDE,0.0,0.0,4.0,28.0,0.0,0.0,2.0
2009,8,8,8638,SABANALARGA,136.0,38.0,85.0,0.0,0.0,0.0,4.0
2009,8,8,8685,SANTO TOMÁS,35.0,0.0,0.0,0.0,0.0,0.0,1.0
2009,8,8,8758,SOLEDAD,2112.0,237.0,0.0,0.0,0.0,0.0,2.0
2009,81,81,81001,ARAUCA,773.0,385.0,1049.0,64.0,0.0,0.0,6.0
2009,81,81,81065,ARAUQUITA,63.0,64.0,56.0,0.0,0.0,0.0,2.0
2009,81,81,81300,FORTUL,0.0,0.0,29.0,0.0,0.0,0.0,1.0
2009,81,81,81591,PUERTO RONDÓN,0.0,0.0,20.0,0.0,0.0,0.0,1.0
2009,81,81,81736,SARAVENA,210.0,86.0,106.0,57.0,0.0,0.0,4.0
2009,81,81,81794,TAME,60.0,92.0,0.0,0.0,0.0,0.0,1.0
2009,81,81,81794,TAME,1.0,0.0,3.0,0.0,0.0,0.0,2.0
2009,85,85,85001,YOPAL,252.0,1549.0,5153.0,51.0,0.0,0.0,12.0
2009,85,85,85010,AGUAZUL,20.0,63.0,0.0,0.0,0.0,0.0,2.0
2009,85,85,85139,MANÍ,43.0,58.0,0.0,0.0,0.0,0.0,1.0
2009,85,85,85162,MONTERREY,0.0,49.0,280.0,0.0,0.0,0.0,3.0
2009,85,85,85230,OROCUÉ,114.0,0.0,0.0,0.0,0.0,0.0,1.0
2009,85,85,85250,PAZ DE ARIPORO,112.0,49.0,300.0,0.0,0.0,0.0,2.0
2009,85,85,85410,TAURAMENA,56.0,98.0,0.0,0.0,0.0,0.0,1.0
2009,85,85,85430,TRINIDAD,0.0,37.0,0.0,0.0,0.0,0.0,1.0
2009,85,85,85440,VILLANUEVA,141.0,0.0,142.0,0.0,0.0,0.0,2.0
2009,86,86,86001,MOCOA,73.0,272.0,0.0,0.0,0.0,0.0,1.0
2009,86,86,86001,MOCOA,1.0,834.0,294.0,32.0,0.0,0.0,5.0
2009,86,86,86219,COLÓN,0.0,32.0,0.0,0.0,0.0,0.0,1.0
2009,86,86,86320,ORITO,117.0,77.0,0.0,0.0,0.0,0.0,1.0
2009,86,86,86568,PUERTO ASÍS,172.0,370.0,0.0,0.0,0.0,0.0,1.0
2009,86,86,86568,PUERTO ASÍS,0.0,57.0,57.0,0.0,0.0,0.0,3.0
2009,86,86,86569,PUERTO CAICEDO,0.0,48.0,0.0,0.0,0.0,0.0,1.0
2009,86,86,86571,PUERTO GUZMÁN,86.0,0.0,0.0,0.0,0.0,0.0,1.0
2009,86,86,86573,PUERTO LEGUÍZAMO,38.0,0.0,0.0,0.0,0.0,0.0,1.0
2009,86,86,86749,SIBUNDOY,0.0,305.0,0.0,0.0,0.0,0.0,2.0
2009,86,86,86755,SAN FRANCISCO,0.0,39.0,36.0,0.0,0.0,0.0,3.0
2009,86,86,86757,SAN MIGUEL,0.0,65.0,0.0,0.0,0.0,0.0,1.0
2009,86,86,86865,VALLE DEL GUAMUEZ,0.0,37.0,111.0,0.0,0.0,0.0,1.0
2009,86,86,86885,VILLAGARZÓN,0.0,169.0,0.0,0.0,0.0,0.0,1.0
2009,88,88,88001,SAN ANDRÉS,626.0,698.0,39.0,0.0,5.0,0.0,6.0
2009,88,88,88564,PROVIDENCIA,25.0,59.0,0.0,0.0,0.0,0.0,1.0
2009,91,91,91001,LETICIA,129.0,487.0,334.0,18.0,44.0,0.0,6.0
2009,91,91,91405,LA CHORRERA,0.0,0.0,4.0,0.0,0.0,0.0,1.0
2009,94,94,94001,INÍRIDA,122.0,352.0,91.0,0.0,0.0,0.0,4.0
2009,95,95,95001,SAN JOSÉ DEL GUAVIARE,106.0,601.0,512.0,6.0,0.0,0.0,5.0
2009,95,95,95015,CALAMAR,0.0,70.0,0.0,0.0,0.0,0.0,1.0
2009,95,95,95025,EL RETORNO,0.0,27.0,0.0,0.0,0.0,0.0,1.0
2009,95,95,95200,MIRAFLORES,48.0,0.0,0.0,0.0,0.0,0.0,1.0
2009,97,97,97001,MITÚ,103.0,218.0,71.0,35.0,0.0,0.0,3.0
2009,99,99,99001,PUERTO CARREÑO,18.0,359.0,129.0,8.0,0.0,0.0,3.0
2009,99,99,99524,LA PRIMAVERA,39.0,35.0,41.0,0.0,0.0,0.0,2.0
2009,99,99,99624,SANTA ROSALÍA,0.0,104.0,0.0,0.0,0.0,0.0,1.0
2009,99,99,99773,CUMARIBO,0.0,38.0,0.0,0.0,0.0,0.0,1.0
2010,-,-,-,NO IDENTIFICADO,277.0,0.0,6.0,0.0,0.0,0.0,3.0
2010,11,11,11001,BOGOTÁ D.C.,44862.0,101371.0,326124.0,31901.0,11508.0,1005.0,102.0
2010,13,13,13001,CARTAGENA DE INDIAS,2398.0,16081.0,31169.0,796.0,54.0,0.0,32.0
2010,13,13,13006,ACHÍ,0.0,29.0,0.0,0.0,0.0,0.0,1.0
2010,13,13,13052,ARJONA,0.0,130.0,0.0,0.0,0.0,0.0,1.0
2010,13,13,13062,ARROYOHONDO,0.0,109.0,0.0,0.0,0.0,0.0,1.0
2010,13,13,13074,BARRANCO DE LOBA,0.0,20.0,0.0,0.0,0.0,0.0,1.0
2010,13,13,13140,CALAMAR,29.0,37.0,0.0,0.0,0.0,0.0,1.0
2010,13,13,13160,CANTAGALLO,0.0,37.0,0.0,0.0,0.0,0.0,1.0
2010,13,13,13188,CICUCO,0.0,65.0,0.0,0.0,0.0,0.0,1.0
2010,13,13,13212,CÓRDOBA,0.0,35.0,0.0,0.0,0.0,0.0,1.0
2010,13,13,13244,EL CARMEN DE BOLÍVAR,0.0,129.0,80.0,0.0,0.0,0.0,2.0
2010,13,13,13248,EL GUAMO,0.0,63.0,0.0,0.0,0.0,0.0,1.0
2010,13,13,13268,EL PEÑÓN,0.0,34.0,0.0,0.0,0.0,0.0,1.0
2010,13,13,13300,HATILLO DE LOBA,0.0,66.0,0.0,0.0,0.0,0.0,1.0
2010,13,13,13430,MAGANGUÉ,36.0,250.0,276.0,0.0,0.0,0.0,6.0
2010,13,13,13433,MAHATES,0.0,58.0,0.0,0.0,0.0,0.0,1.0
2010,13,13,13440,MARGARITA,2.0,30.0,0.0,0.0,0.0,0.0,1.0
2010,13,13,13442,MARÍA LA BAJA,42.0,226.0,0.0,0.0,0.0,0.0,1.0
2010,13,13,13458,MONTECRISTO,0.0,0.0,10.0,0.0,0.0,0.0,1.0
2010,13,13,13468,SANTA CRUZ DE MOMPOX,0.0,251.0,8.0,0.0,0.0,0.0,3.0
2010,13,13,13473,MORALES,30.0,0.0,0.0,0.0,0.0,0.0,1.0
2010,13,13,13549,PINILLOS,0.0,32.0,0.0,0.0,0.0,0.0,1.0
2010,13,13,13600,RÍO VIEJO,0.0,68.0,0.0,0.0,0.0,0.0,1.0
2010,13,13,13620,SAN CRISTÓBAL,0.0,53.0,0.0,0.0,0.0,0.0,1.0
2010,13,13,13650,SAN FERNANDO,0.0,30.0,0.0,0.0,0.0,0.0,1.0
2010,13,13,13654,SAN JACINTO,65.0,29.0,0.0,0.0,0.0,0.0,1.0
2010,13,13,13657,SAN JUAN NEPOMUCENO,1.0,96.0,0.0,0.0,0.0,0.0,1.0
2010,13,13,13670,SAN PABLO,0.0,110.0,0.0,0.0,0.0,0.0,1.0
2010,13,13,13670,SAN PABLO,0.0,0.0,38.0,0.0,0.0,0.0,1.0
2010,13,13,13673,SANTA CATALINA,0.0,21.0,0.0,0.0,0.0,0.0,1.0
2010,13,13,13683,SANTA ROSA,0.0,27.0,195.0,0.0,0.0,0.0,2.0
2010,13,13,13688,SANTA ROSA DEL SUR,0.0,174.0,78.0,0.0,0.0,0.0,3.0
2010,13,13,13744,SIMITÍ,0.0,19.0,0.0,0.0,0.0,0.0,1.0
2010,13,13,13760,SOPLAVIENTO,0.0,23.0,0.0,0.0,0.0,0.0,1.0
2010,13,13,13780,TALAIGUA NUEVO,0.0,21.0,0.0,0.0,0.0,0.0,1.0
2010,13,13,13836,TURBACO,0.0,210.0,0.0,0.0,0.0,0.0,1.0
2010,13,13,13838,TURBANÁ,0.0,85.0,0.0,0.0,0.0,0.0,1.0
2010,13,13,13873,VILLANUEVA,0.0,41.0,0.0,0.0,0.0,0.0,1.0
2010,13,13,13894,ZAMBRANO,0.0,113.0,0.0,0.0,0.0,0.0,1.0
2010,15,15,15001,TUNJA,212.0,2911.0,19376.0,1070.0,332.0,44.0,13.0
2010,15,15,15047,AQUITANIA,0.0,1.0,0.0,0.0,0.0,0.0,1.0
2010,15,15,15087,BELÉN,0.0,26.0,0.0,0.0,0.0,0.0,1.0
2010,15,15,15097,BOAVITA,0.0,88.0,69.0,0.0,0.0,0.0,3.0
2010,15,15,15104,BOYACÁ,0.0,1.0,0.0,0.0,0.0,0.0,1.0
2010,15,15,15106,BRICEÑO,0.0,31.0,0.0,0.0,0.0,0.0,1.0
2010,15,15,15109,BUENAVISTA,2.0,0.0,0.0,0.0,0.0,0.0,1.0
2010,15,15,15162,CERINZA,0.0,0.0,24.0,0.0,0.0,0.0,1.0
2010,15,15,15176,CHIQUINQUIRÁ,29.0,478.0,1710.0,1.0,53.0,0.0,8.0
2010,15,15,15180,CHISCAS,0.0,43.0,15.0,0.0,0.0,0.0,2.0
2010,15,15,15204,CÓMBITA,0.0,36.0,0.0,0.0,0.0,0.0,1.0
2010,15,15,15223,CUBARÁ,18.0,69.0,129.0,0.0,0.0,0.0,2.0
2010,15,15,15238,DUITAMA,48.0,1511.0,4770.0,232.0,0.0,0.0,9.0
2010,15,15,15272,FIRAVITOBA,0.0,57.0,0.0,0.0,0.0,0.0,1.0
2010,15,15,15299,GARAGOA,0.0,352.0,185.0,4.0,0.0,0.0,6.0
2010,15,15,15322,GUATEQUE,0.0,0.0,19.0,0.0,0.0,0.0,1.0
2010,15,15,15325,GUAYATÁ,0.0,33.0,0.0,0.0,0.0,0.0,1.0
2010,15,15,15332,GÜICÁN DE LA SIERRA,0.0,17.0,0.0,0.0,0.0,0.0,1.0
2010,15,15,15332,GÜICÁN DE LA SIERRA,1.0,10.0,45.0,0.0,0.0,0.0,3.0
2010,15,15,15367,JENESANO,0.0,36.0,0.0,0.0,0.0,0.0,1.0
2010,15,15,15368,JERICÓ,0.0,0.0,1.0,0.0,0.0,0.0,1.0
2010,15,15,15403,LA UVITA,21.0,0.0,0.0,0.0,0.0,0.0,1.0
2010,15,15,15425,MACANAL,0.0,39.0,0.0,0.0,0.0,0.0,1.0
2010,15,15,15455,MIRAFLORES,28.0,63.0,0.0,0.0,0.0,0.0,1.0
2010,15,15,15469,MONIQUIRÁ,0.0,116.0,234.0,0.0,0.0,0.0,5.0
2010,15,15,15480,MUZO,0.0,39.0,7.0,0.0,0.0,0.0,3.0
2010,15,15,15491,NOBSA,38.0,193.0,0.0,0.0,0.0,0.0,1.0
2010,15,15,15494,NUEVO COLÓN,0.0,24.0,0.0,0.0,0.0,0.0,1.0
2010,15,15,15507,OTANCHE,0.0,81.0,0.0,0.0,0.0,0.0,1.0
2010,15,15,15516,PAIPA,25.0,175.0,0.0,0.0,0.0,0.0,1.0
2010,15,15,15533,PAYA,0.0,27.0,0.0,0.0,0.0,0.0,1.0
2010,15,15,15537,PAZ DE RÍO,0.0,25.0,1.0,0.0,0.0,0.0,2.0
2010,15,15,15542,PESCA,0.0,0.0,2.0,0.0,0.0,0.0,2.0
2010,15,15,15572,PUERTO BOYACÁ,36.0,762.0,62.0,0.0,0.0,0.0,6.0
2010,15,15,15599,RAMIRIQUÍ,40.0,28.0,0.0,0.0,0.0,0.0,1.0
2010,15,15,15621,RONDÓN,0.0,32.0,0.0,0.0,0.0,0.0,1.0
2010,15,15,15646,SAMACÁ,0.0,216.0,10.0,0.0,0.0,0.0,3.0
2010,15,15,15664,SAN JOSÉ DE PARE,1.0,0.0,0.0,0.0,0.0,0.0,1.0
2010,15,15,15686,SANTANA,0.0,27.0,0.0,0.0,0.0,0.0,1.0
2010,15,15,15690,SANTA MARÍA,0.0,0.0,1.0,0.0,0.0,0.0,1.0
2010,15,15,15753,SOATÁ,67.0,211.0,179.0,3.0,0.0,0.0,4.0
2010,15,15,15755,SOCOTÁ,0.0,30.0,0.0,0.0,0.0,0.0,1.0
2010,15,15,15757,SOCHA,31.0,28.0,87.0,4.0,0.0,0.0,3.0
2010,15,15,15759,SOGAMOSO,149.0,3292.0,4213.0,325.0,0.0,0.0,6.0
2010,15,15,15761,SOMONDOCO,0.0,25.0,0.0,0.0,0.0,0.0,1.0
2010,15,15,15763,SOTAQUIRÁ,1.0,0.0,0.0,0.0,0.0,0.0,1.0
2010,15,15,15778,SUTATENZA,0.0,0.0,179.0,0.0,0.0,0.0,1.0
2010,15,15,15798,TENZA,0.0,0.0,34.0,0.0,0.0,0.0,1.0
2010,15,15,15810,TIPACOQUE,0.0,38.0,0.0,0.0,0.0,0.0,1.0
2010,15,15,15814,TOCA,0.0,31.0,0.0,0.0,0.0,0.0,1.0
2010,15,15,15816,TOGÜÍ,0.0,26.0,0.0,0.0,0.0,0.0,1.0
2010,15,15,15835,TURMEQUÉ,0.0,32.0,0.0,0.0,0.0,0.0,1.0
2010,15,15,15837,TUTA,0.0,60.0,0.0,0.0,0.0,0.0,1.0
2010,15,15,15861,VENTAQUEMADA,0.0,25.0,0.0,0.0,0.0,0.0,1.0
2010,17,17,17001,MANIZALES,224.0,5875.0,21723.0,1238.0,1480.0,158.0,13.0
2010,17,17,17013,AGUADAS,1.0,67.0,24.0,0.0,0.0,0.0,3.0
2010,17,17,17042,ANSERMA,2.0,111.0,1.0,0.0,0.0,0.0,2.0
2010,17,17,17050,ARANZAZU,3.0,0.0,0.0,0.0,0.0,0.0,1.0
2010,17,17,17088,BELALCÁZAR,0.0,35.0,0.0,0.0,0.0,0.0,1.0
2010,17,17,17174,CHINCHINÁ,0.0,329.0,164.0,0.0,0.0,0.0,2.0
2010,17,17,17272,FILADELFIA,4.0,36.0,26.0,0.0,0.0,0.0,3.0
2010,17,17,17380,LA DORADA,251.0,1448.0,541.0,3.0,0.0,0.0,6.0
2010,17,17,17388,LA MERCED,0.0,37.0,0.0,0.0,0.0,0.0,1.0
2010,17,17,17433,MANZANARES,76.0,87.0,3.0,0.0,0.0,0.0,3.0
2010,17,17,17442,MARMATO,0.0,72.0,0.0,0.0,0.0,0.0,1.0
2010,17,17,17444,MARQUETALIA,34.0,173.0,2.0,0.0,0.0,0.0,3.0
2010,17,17,17486,NEIRA,13.0,68.0,35.0,0.0,0.0,0.0,2.0
2010,17,17,17495,NORCASIA,2.0,92.0,3.0,0.0,0.0,0.0,2.0
2010,17,17,17513,PÁCORA,0.0,0.0,44.0,0.0,0.0,0.0,2.0
2010,17,17,17541,PENSILVANIA,135.0,44.0,1.0,0.0,0.0,0.0,3.0
2010,17,17,17614,RIOSUCIO,3.0,177.0,77.0,0.0,0.0,0.0,3.0
2010,17,17,17616,RISARALDA,0.0,48.0,0.0,0.0,0.0,0.0,1.0
2010,17,17,17653,SALAMINA,0.0,52.0,1.0,0.0,0.0,0.0,2.0
2010,17,17,17662,SAMANÁ,0.0,146.0,0.0,0.0,0.0,0.0,1.0
2010,17,17,17662,SAMANÁ,35.0,0.0,4.0,0.0,0.0,0.0,2.0
2010,17,17,17665,SAN JOSÉ,0.0,24.0,0.0,0.0,0.0,0.0,1.0
2010,17,17,17777,SUPÍA,0.0,35.0,0.0,0.0,0.0,0.0,1.0
2010,17,17,17867,VICTORIA,21.0,235.0,1.0,0.0,0.0,0.0,3.0
2010,17,17,17873,VILLAMARÍA,5.0,125.0,0.0,0.0,0.0,0.0,2.0
2010,17,17,17877,VITERBO,0.0,35.0,0.0,0.0,0.0,0.0,1.0
2010,18,18,18001,FLORENCIA,293.0,873.0,6604.0,102.0,23.0,0.0,8.0
2010,18,18,18029,ALBANIA,27.0,7.0,6.0,0.0,0.0,0.0,1.0
2010,18,18,18094,BELÉN DE LOS ANDAQUÍES,66.0,0.0,28.0,0.0,0.0,0.0,3.0
2010,18,18,18150,CARTAGENA DEL CHAIRÁ,11.0,0.0,0.0,0.0,0.0,0.0,1.0
2010,18,18,18205,CURILLO,131.0,30.0,0.0,0.0,0.0,0.0,1.0
2010,18,18,18247,EL DONCELLO,169.0,12.0,12.0,0.0,0.0,0.0,3.0
2010,18,18,18256,EL PAUJÍL,33.0,0.0,0.0,0.0,0.0,0.0,1.0
2010,18,18,18410,LA MONTAÑITA,1.0,0.0,1.0,0.0,0.0,0.0,2.0
2010,18,18,18753,SAN VICENTE DEL CAGUÁN,151.0,156.0,77.0,0.0,0.0,0.0,4.0
2010,18,18,18860,VALPARAÍSO,0.0,0.0,1.0,0.0,0.0,0.0,1.0
2010,19,19,19001,POPAYÁN,322.0,6452.0,18606.0,491.0,119.0,41.0,16.0
2010,19,19,19050,ARGELIA,1.0,0.0,0.0,0.0,0.0,0.0,1.0
2010,19,19,19075,BALBOA,0.0,72.0,0.0,0.0,0.0,0.0,1.0
2010,19,19,19100,BOLÍVAR,1.0,150.0,0.0,0.0,0.0,0.0,1.0
2010,19,19,19110,BUENOS AIRES,0.0,50.0,0.0,0.0,0.0,0.0,1.0
2010,19,19,19110,BUENOS AIRES,0.0,0.0,5.0,0.0,0.0,0.0,1.0
2010,19,19,19130,CAJIBÍO,0.0,72.0,0.0,0.0,0.0,0.0,1.0
2010,19,19,19137,CALDONO,3.0,151.0,0.0,0.0,0.0,0.0,1.0
2010,19,19,19142,CALOTO,0.0,217.0,0.0,0.0,0.0,0.0,1.0
2010,19,19,19212,CORINTO,29.0,143.0,0.0,0.0,0.0,0.0,1.0
2010,19,19,19256,EL TAMBO,90.0,77.0,0.0,0.0,0.0,0.0,2.0
2010,19,19,19290,FLORENCIA,2.0,73.0,0.0,0.0,0.0,0.0,1.0
2010,19,19,19318,GUAPI,11.0,57.0,0.0,0.0,0.0,0.0,1.0
2010,19,19,19355,INZÁ,29.0,37.0,2.0,27.0,0.0,0.0,4.0
2010,19,19,19364,JAMBALÓ,0.0,0.0,1.0,0.0,0.0,0.0,1.0
2010,19,19,19392,LA SIERRA,21.0,79.0,0.0,0.0,0.0,0.0,1.0
2010,19,19,19397,LA VEGA,3.0,0.0,92.0,0.0,0.0,0.0,2.0
2010,19,19,19418,LÓPEZ DE MICAY,0.0,78.0,0.0,0.0,0.0,0.0,1.0
2010,19,19,19450,MERCADERES,2.0,46.0,0.0,0.0,0.0,0.0,1.0
2010,19,19,19450,MERCADERES,0.0,0.0,51.0,0.0,0.0,0.0,1.0
2010,19,19,19455,MIRANDA,0.0,606.0,0.0,0.0,0.0,0.0,1.0
2010,19,19,19473,MORALES,0.0,81.0,4.0,0.0,0.0,0.0,2.0
2010,19,19,19513,PADILLA,0.0,74.0,0.0,0.0,0.0,0.0,1.0
2010,19,19,19517,PÁEZ,0.0,88.0,1.0,0.0,0.0,0.0,2.0
2010,19,19,19532,PATÍA,4.0,129.0,54.0,0.0,0.0,0.0,2.0
2010,19,19,19533,PIAMONTE,2.0,0.0,0.0,0.0,0.0,0.0,1.0
2010,19,19,19548,PIENDAMÓ - TUNÍA,146.0,215.0,0.0,0.0,0.0,0.0,2.0
2010,19,19,19573,PUERTO TEJADA,389.0,906.0,188.0,13.0,0.0,0.0,4.0
2010,19,19,19585,PURACÉ,1.0,111.0,0.0,0.0,0.0,0.0,1.0
2010,19,19,19622,ROSAS,1.0,41.0,1.0,0.0,0.0,0.0,2.0
2010,19,19,19693,SAN SEBASTIÁN,0.0,166.0,0.0,0.0,0.0,0.0,1.0
2010,19,19,19698,SANTANDER DE QUILICHAO,81.0,833.0,0.0,0.0,0.0,0.0,1.0
2010,19,19,19698,SANTANDER DE QUILICHAO,408.0,447.0,1167.0,2.0,0.0,0.0,4.0
2010,19,19,19701,SANTA ROSA,0.0,98.0,0.0,0.0,0.0,0.0,1.0
2010,19,19,19743,SILVIA,2.0,92.0,2.0,0.0,0.0,0.0,2.0
2010,19,19,19760,SOTARÁ PAISPAMBA,0.0,83.0,0.0,0.0,0.0,0.0,1.0
2010,19,19,19780,SUÁREZ,0.0,0.0,2.0,0.0,0.0,0.0,1.0
2010,19,19,19785,SUCRE,0.0,68.0,0.0,0.0,0.0,0.0,1.0
2010,19,19,19807,TIMBÍO,33.0,264.0,0.0,0.0,0.0,0.0,1.0
2010,19,19,19809,TIMBIQUÍ,0.0,140.0,0.0,0.0,0.0,0.0,1.0
2010,19,19,19824,TOTORÓ,6.0,35.0,0.0,0.0,0.0,0.0,1.0
2010,19,19,19845,VILLA RICA,0.0,144.0,0.0,0.0,0.0,0.0,1.0
2010,20,20,20001,VALLEDUPAR,149.0,2744.0,0.0,0.0,0.0,0.0,1.0
2010,20,20,20001,VALLEDUPAR,7.0,284.0,14362.0,123.0,0.0,0.0,13.0
2010,20,20,20011,AGUACHICA,37.0,876.0,1223.0,0.0,0.0,0.0,3.0
2010,20,20,20013,AGUSTÍN CODAZZI,77.0,120.0,46.0,0.0,0.0,0.0,2.0
2010,20,20,20032,ASTREA,0.0,21.0,25.0,0.0,0.0,0.0,1.0
2010,20,20,20175,CHIMICHAGUA,1.0,67.0,32.0,0.0,0.0,0.0,2.0
2010,20,20,20178,CHIRIGUANÁ,41.0,35.0,2.0,0.0,0.0,0.0,3.0
2010,20,20,20228,CURUMANÍ,5.0,191.0,259.0,0.0,0.0,0.0,4.0
2010,20,20,20238,EL COPEY,25.0,45.0,66.0,0.0,0.0,0.0,1.0
2010,20,20,20250,EL PASO,1.0,32.0,23.0,0.0,0.0,0.0,2.0
2010,20,20,20310,GONZÁLEZ,0.0,18.0,0.0,0.0,0.0,0.0,1.0
2010,20,20,20383,LA GLORIA,0.0,0.0,1.0,0.0,0.0,0.0,1.0
2010,20,20,20400,LA JAGUA DE IBIRICO,29.0,280.0,0.0,0.0,0.0,0.0,1.0
2010,20,20,20443,MANAURE BALCÓN DEL CESAR,1.0,0.0,0.0,0.0,0.0,0.0,1.0
2010,20,20,20517,PAILITAS,0.0,35.0,0.0,0.0,0.0,0.0,1.0
2010,20,20,20550,PELAYA,0.0,1.0,0.0,0.0,0.0,0.0,1.0
2010,20,20,20570,PUEBLO BELLO,2.0,0.0,0.0,0.0,0.0,0.0,1.0
2010,20,20,20621,LA PAZ,0.0,23.0,0.0,0.0,0.0,0.0,1.0
2010,20,20,20710,SAN ALBERTO,0.0,117.0,26.0,0.0,0.0,0.0,3.0
2010,20,20,20750,SAN DIEGO,1.0,0.0,1.0,0.0,0.0,0.0,2.0
2010,20,20,20770,SAN MARTÍN,0.0,0.0,1.0,0.0,0.0,0.0,1.0
2010,20,20,20787,TAMALAMEQUE,0.0,35.0,0.0,0.0,0.0,0.0,1.0
2010,23,23,23001,MONTERÍA,988.0,2528.0,19162.0,151.0,2.0,0.0,14.0
2010,23,23,23068,AYAPEL,1.0,0.0,0.0,0.0,0.0,0.0,1.0
2010,23,23,23068,AYAPEL,0.0,0.0,102.0,0.0,0.0,0.0,2.0
2010,23,23,23162,CERETÉ,18.0,68.0,3.0,0.0,0.0,0.0,2.0
2010,23,23,23168,CHIMÁ,0.0,49.0,0.0,0.0,0.0,0.0,1.0
2010,23,23,23182,CHINÚ,0.0,50.0,1.0,0.0,0.0,0.0,2.0
2010,23,23,23189,CIÉNAGA DE ORO,0.0,138.0,130.0,0.0,0.0,0.0,3.0
2010,23,23,23350,LA APARTADA,0.0,0.0,1.0,0.0,0.0,0.0,1.0
2010,23,23,23417,LORICA,129.0,389.0,0.0,0.0,0.0,0.0,1.0
2010,23,23,23417,LORICA,42.0,0.0,555.0,0.0,0.0,0.0,5.0
2010,23,23,23419,LOS CÓRDOBAS,0.0,33.0,0.0,0.0,0.0,0.0,1.0
2010,23,23,23466,MONTELÍBANO,30.0,354.0,497.0,0.0,0.0,0.0,5.0
2010,23,23,23500,MOÑITOS,0.0,72.0,0.0,0.0,0.0,0.0,1.0
2010,23,23,23555,PLANETA RICA,0.0,192.0,215.0,0.0,0.0,0.0,3.0
2010,23,23,23570,PUEBLO NUEVO,1.0,0.0,0.0,0.0,0.0,0.0,1.0
2010,23,23,23574,PUERTO ESCONDIDO,0.0,33.0,0.0,0.0,0.0,0.0,1.0
2010,23,23,23580,PUERTO LIBERTADOR,0.0,0.0,2.0,0.0,0.0,0.0,1.0
2010,23,23,23660,SAHAGÚN,22.0,147.0,960.0,3.0,0.0,0.0,6.0
2010,23,23,23670,SAN ANDRÉS DE SOTAVENTO,34.0,15.0,0.0,0.0,0.0,0.0,1.0
2010,23,23,23670,SAN ANDRÉS DE SOTAVENTO,0.0,0.0,1.0,0.0,0.0,0.0,1.0
2010,23,23,23682,SAN JOSÉ DE URÉ,0.0,35.0,0.0,0.0,0.0,0.0,1.0
2010,23,23,23686,SAN PELAYO,0.0,0.0,1.0,0.0,0.0,0.0,1.0
2010,23,23,23807,TIERRALTA,61.0,66.0,28.0,0.0,0.0,0.0,2.0
2010,23,23,23855,VALENCIA,36.0,41.0,0.0,0.0,0.0,0.0,1.0
2010,25,25,25001,AGUA DE DIOS,2.0,66.0,1.0,0.0,0.0,0.0,2.0
2010,25,25,25019,ALBÁN,20.0,30.0,0.0,0.0,0.0,0.0,1.0
2010,25,25,25035,ANAPOIMA,2.0,42.0,0.0,0.0,0.0,0.0,1.0
2010,25,25,25040,ANOLAIMA,0.0,23.0,0.0,0.0,0.0,0.0,1.0
2010,25,25,25053,ARBELÁEZ,1.0,170.0,347.0,5.0,0.0,0.0,2.0
2010,25,25,25095,BITUIMA,0.0,0.0,151.0,0.0,0.0,0.0,1.0
2010,25,25,25099,BOJACÁ,0.0,39.0,0.0,0.0,0.0,0.0,1.0
2010,25,25,25120,CABRERA,0.0,36.0,0.0,0.0,0.0,0.0,1.0
2010,25,25,25126,CAJICÁ,3.0,338.0,140.0,0.0,0.0,0.0,3.0
2010,25,25,25148,CAPARRAPÍ,14.0,143.0,0.0,0.0,0.0,0.0,1.0
2010,25,25,25151,CÁQUEZA,23.0,67.0,168.0,0.0,0.0,0.0,2.0
2010,25,25,25168,CHAGUANÍ,7.0,0.0,0.0,0.0,0.0,0.0,1.0
2010,25,25,25175,CHÍA,21.0,1417.0,7749.0,1615.0,560.0,14.0,7.0
2010,25,25,25178,CHIPAQUE,0.0,21.0,0.0,0.0,0.0,0.0,1.0
2010,25,25,25181,CHOACHÍ,30.0,279.0,0.0,0.0,0.0,0.0,1.0
2010,25,25,25183,CHOCONTÁ,0.0,50.0,196.0,0.0,0.0,0.0,3.0
2010,25,25,25200,COGUA,0.0,189.0,86.0,0.0,0.0,0.0,2.0
2010,25,25,25214,COTA,27.0,198.0,0.0,0.0,0.0,0.0,1.0
2010,25,25,25224,CUCUNUBÁ,0.0,31.0,0.0,0.0,0.0,0.0,1.0
2010,25,25,25245,EL COLEGIO,162.0,251.0,22.0,0.0,0.0,0.0,3.0
2010,25,25,25260,EL ROSAL,28.0,91.0,0.0,0.0,0.0,0.0,2.0
2010,25,25,25269,FACATATIVÁ,2.0,410.0,2383.0,97.0,0.0,0.0,8.0
2010,25,25,25279,FÓMEQUE,30.0,89.0,0.0,0.0,0.0,0.0,1.0
2010,25,25,25286,FUNZA,0.0,192.0,0.0,0.0,0.0,0.0,1.0
2010,25,25,25290,FUSAGASUGÁ,315.0,726.0,4035.0,0.0,0.0,0.0,8.0
2010,25,25,25293,GACHALÁ,0.0,0.0,1.0,0.0,0.0,0.0,1.0
2010,25,25,25297,GACHETÁ,0.0,96.0,241.0,2.0,0.0,0.0,2.0
2010,25,25,25307,GIRARDOT,265.0,1460.0,3244.0,58.0,0.0,0.0,7.0
2010,25,25,25312,GRANADA,2.0,0.0,0.0,0.0,0.0,0.0,1.0
2010,25,25,25320,GUADUAS,33.0,335.0,37.0,0.0,0.0,0.0,2.0
2010,25,25,25322,GUASCA,0.0,40.0,0.0,0.0,0.0,0.0,1.0
2010,25,25,25328,GUAYABAL DE SÍQUIMA,0.0,130.0,0.0,0.0,0.0,0.0,1.0
2010,25,25,25335,GUAYABETAL,0.0,113.0,0.0,0.0,0.0,0.0,1.0
2010,25,25,25339,GUTIÉRREZ,0.0,0.0,1.0,0.0,0.0,0.0,1.0
2010,25,25,25372,JUNÍN,0.0,1.0,25.0,0.0,0.0,0.0,1.0
2010,25,25,25377,LA CALERA,5.0,256.0,0.0,0.0,0.0,0.0,2.0
2010,25,25,25386,LA MESA,62.0,193.0,0.0,0.0,0.0,0.0,1.0
2010,25,25,25394,LA PALMA,6.0,77.0,52.0,0.0,0.0,0.0,3.0
2010,25,25,25402,LA VEGA,2.0,180.0,28.0,0.0,0.0,0.0,2.0
2010,25,25,25426,MACHETÁ,0.0,34.0,0.0,0.0,0.0,0.0,1.0
2010,25,25,25430,MADRID,0.0,437.0,0.0,0.0,0.0,0.0,2.0
2010,25,25,25438,MEDINA,0.0,66.0,0.0,0.0,0.0,0.0,1.0
2010,25,25,25473,MOSQUERA,29.0,2277.0,0.0,0.0,0.0,0.0,1.0
2010,25,25,25486,NEMOCÓN,3.0,0.0,0.0,0.0,0.0,0.0,1.0
2010,25,25,25488,NILO,6.0,6438.0,0.0,0.0,0.0,0.0,2.0
2010,25,25,25489,NIMAIMA,0.0,94.0,0.0,0.0,0.0,0.0,1.0
2010,25,25,25491,NOCAIMA,0.0,0.0,157.0,0.0,0.0,0.0,1.0
2010,25,25,25513,PACHO,29.0,355.0,26.0,0.0,0.0,0.0,3.0
2010,25,25,25524,PANDI,0.0,39.0,0.0,0.0,0.0,0.0,1.0
2010,25,25,25530,PARATEBUENO,0.0,67.0,0.0,0.0,0.0,0.0,1.0
2010,25,25,25535,PASCA,0.0,0.0,8.0,0.0,0.0,0.0,1.0
2010,25,25,25572,PUERTO SALGAR,12.0,467.0,0.0,0.0,0.0,0.0,1.0
2010,25,25,25592,QUEBRADANEGRA,1.0,28.0,0.0,0.0,0.0,0.0,1.0
2010,25,25,25594,QUETAME,0.0,76.0,114.0,0.0,0.0,0.0,2.0
2010,25,25,25599,APULO,39.0,35.0,0.0,0.0,0.0,0.0,1.0
2010,25,25,25649,SAN BERNARDO,2.0,0.0,0.0,0.0,0.0,0.0,1.0
2010,25,25,25658,SAN FRANCISCO,17.0,137.0,0.0,0.0,0.0,0.0,1.0
2010,25,25,25662,SAN JUAN DE RIOSECO,6.0,163.0,30.0,0.0,0.0,0.0,2.0
2010,25,25,25718,SASAIMA,0.0,169.0,0.0,0.0,0.0,0.0,1.0
2010,25,25,25740,SIBATÉ,47.0,336.0,1337.0,0.0,0.0,0.0,4.0
2010,25,25,25743,SILVANIA,0.0,174.0,0.0,0.0,0.0,0.0,1.0
2010,25,25,25745,SIMIJACA,0.0,62.0,61.0,0.0,0.0,0.0,2.0
2010,25,25,25754,SOACHA,164.0,1352.0,0.0,0.0,0.0,0.0,1.0
2010,25,25,25754,SOACHA,0.0,1220.0,1061.0,2.0,0.0,0.0,5.0
2010,25,25,25758,SOPÓ,0.0,34.0,0.0,0.0,0.0,0.0,1.0
2010,25,25,25769,SUBACHOQUE,26.0,111.0,0.0,0.0,0.0,0.0,1.0
2010,25,25,25772,SUESCA,0.0,77.0,0.0,0.0,0.0,0.0,1.0
2010,25,25,25777,SUPATÁ,11.0,0.0,0.0,0.0,0.0,0.0,1.0
2010,25,25,25785,TABIO,0.0,25.0,0.0,0.0,0.0,0.0,1.0
2010,25,25,25793,TAUSA,0.0,31.0,108.0,0.0,0.0,0.0,2.0
2010,25,25,25799,TENJO,0.0,115.0,0.0,0.0,0.0,0.0,1.0
2010,25,25,25815,TOCAIMA,1.0,131.0,1.0,0.0,0.0,0.0,2.0
2010,25,25,25817,TOCANCIPÁ,1.0,461.0,0.0,0.0,0.0,0.0,1.0
2010,25,25,25841,UBAQUE,0.0,30.0,0.0,0.0,0.0,0.0,1.0
2010,25,25,25843,VILLA DE SAN DIEGO DE UBATÉ,1.0,159.0,606.0,0.0,0.0,0.0,2.0
2010,25,25,25845,UNE,35.0,89.0,0.0,0.0,0.0,0.0,1.0
2010,25,25,25851,ÚTICA,20.0,90.0,2.0,0.0,0.0,0.0,2.0
2010,25,25,25862,VERGARA,0.0,108.0,0.0,0.0,0.0,0.0,1.0
2010,25,25,25867,VIANÍ,0.0,0.0,21.0,0.0,0.0,0.0,1.0
2010,25,25,25873,VILLAPINZÓN,0.0,174.0,0.0,0.0,0.0,0.0,1.0
2010,25,25,25875,VILLETA,23.0,994.0,48.0,0.0,0.0,0.0,4.0
2010,25,25,25878,VIOTÁ,0.0,77.0,0.0,0.0,0.0,0.0,1.0
2010,25,25,25885,YACOPÍ,7.0,0.0,0.0,0.0,0.0,0.0,1.0
2010,25,25,25899,ZIPAQUIRÁ,13.0,843.0,1499.0,12.0,0.0,0.0,6.0
2010,27,27,27001,QUIBDÓ,18.0,953.0,0.0,0.0,0.0,0.0,1.0
2010,27,27,27001,QUIBDÓ,0.0,182.0,12342.0,38.0,58.0,0.0,8.0
2010,27,27,27006,ACANDÍ,0.0,149.0,0.0,0.0,0.0,0.0,1.0
2010,27,27,27025,ALTO BAUDÓ,0.0,50.0,0.0,0.0,0.0,0.0,1.0
2010,27,27,27050,ATRATO,1.0,0.0,0.0,0.0,0.0,0.0,1.0
2010,27,27,27073,BAGADÓ,0.0,0.0,1.0,0.0,0.0,0.0,1.0
2010,27,27,27075,BAHÍA SOLANO,0.0,0.0,1.0,0.0,0.0,0.0,1.0
2010,27,27,27099,BOJAYÁ,0.0,35.0,0.0,0.0,0.0,0.0,1.0
2010,27,27,27150,CARMEN DEL DARIÉN,0.0,34.0,0.0,0.0,0.0,0.0,1.0
2010,27,27,27205,CONDOTO,1.0,57.0,0.0,0.0,0.0,0.0,1.0
2010,27,27,27205,CONDOTO,0.0,0.0,1.0,0.0,0.0,0.0,1.0
2010,27,27,27245,EL CARMEN DE ATRATO,0.0,0.0,6.0,0.0,0.0,0.0,1.0
2010,27,27,27361,ISTMINA,0.0,102.0,0.0,0.0,0.0,0.0,1.0
2010,27,27,27361,ISTMINA,0.0,0.0,260.0,0.0,0.0,0.0,2.0
2010,27,27,27413,LLORÓ,0.0,0.0,1.0,0.0,0.0,0.0,1.0
2010,27,27,27491,NÓVITA,0.0,0.0,1.0,0.0,0.0,0.0,1.0
2010,27,27,27615,RIOSUCIO,0.0,136.0,0.0,0.0,0.0,0.0,1.0
2010,27,27,27615,RIOSUCIO,0.0,0.0,11.0,0.0,0.0,0.0,1.0
2010,27,27,27660,SAN JOSÉ DEL PALMAR,0.0,0.0,1.0,0.0,0.0,0.0,1.0
2010,27,27,27787,TADÓ,0.0,1.0,14.0,0.0,0.0,0.0,2.0
2010,27,27,27800,UNGUÍA,0.0,57.0,2.0,0.0,0.0,0.0,2.0
2010,41,41,41001,NEIVA,481.0,2308.0,16806.0,603.0,116.0,0.0,16.0
2010,41,41,41006,ACEVEDO,0.0,0.0,18.0,0.0,0.0,0.0,1.0
2010,41,41,41013,AGRADO,0.0,71.0,0.0,0.0,0.0,0.0,1.0
2010,41,41,41016,AIPE,0.0,35.0,2.0,0.0,0.0,0.0,2.0
2010,41,41,41020,ALGECIRAS,0.0,56.0,28.0,0.0,0.0,0.0,2.0
2010,41,41,41026,ALTAMIRA,0.0,64.0,0.0,0.0,0.0,0.0,1.0
2010,41,41,41078,BARAYA,0.0,30.0,18.0,0.0,0.0,0.0,2.0
2010,41,41,41132,CAMPOALEGRE,1.0,871.0,143.0,0.0,0.0,0.0,4.0
2010,41,41,41298,GARZÓN,37.0,998.0,321.0,21.0,0.0,0.0,3.0
2010,41,41,41306,GIGANTE,0.0,61.0,4.0,0.0,0.0,0.0,2.0
2010,41,41,41319,GUADALUPE,0.0,31.0,0.0,0.0,0.0,0.0,1.0
2010,41,41,41349,HOBO,0.0,42.0,0.0,0.0,0.0,0.0,1.0
2010,41,41,41357,ÍQUIRA,0.0,69.0,0.0,0.0,0.0,0.0,1.0
2010,41,41,41378,LA ARGENTINA,1.0,85.0,1.0,0.0,0.0,0.0,2.0
2010,41,41,41396,LA PLATA,71.0,781.0,663.0,30.0,0.0,0.0,6.0
2010,41,41,41483,NÁTAGA,0.0,21.0,0.0,0.0,0.0,0.0,1.0
2010,41,41,41518,PAICOL,15.0,39.0,0.0,0.0,0.0,0.0,2.0
2010,41,41,41524,PALERMO,0.0,37.0,1.0,0.0,0.0,0.0,2.0
2010,41,41,41548,PITAL,0.0,18.0,1.0,0.0,0.0,0.0,2.0
2010,41,41,41551,PITALITO,332.0,1449.0,1267.0,76.0,0.0,0.0,9.0
2010,41,41,41615,RIVERA,0.0,60.0,0.0,0.0,0.0,0.0,1.0
2010,41,41,41660,SALADOBLANCO,0.0,0.0,1.0,0.0,0.0,0.0,1.0
2010,41,41,41668,SAN AGUSTÍN,18.0,0.0,33.0,0.0,0.0,0.0,2.0
2010,41,41,41676,SANTA MARÍA,0.0,35.0,1.0,0.0,0.0,0.0,2.0
2010,41,41,41770,SUAZA,0.0,93.0,0.0,0.0,0.0,0.0,1.0
2010,41,41,41791,TARQUI,0.0,57.0,2.0,0.0,0.0,0.0,2.0
2010,41,41,41797,TESALIA,0.0,29.0,0.0,0.0,0.0,0.0,1.0
2010,41,41,41801,TERUEL,0.0,44.0,1.0,0.0,0.0,0.0,2.0
2010,41,41,41807,TIMANÁ,0.0,0.0,2.0,0.0,0.0,0.0,1.0
2010,44,44,44001,RIOHACHA,71.0,1623.0,0.0,0.0,0.0,0.0,1.0
2010,44,44,44001,RIOHACHA,36.0,123.0,6287.0,222.0,7.0,0.0,8.0
2010,44,44,44035,ALBANIA,0.0,353.0,92.0,0.0,0.0,0.0,3.0
2010,44,44,44078,BARRANCAS,57.0,0.0,0.0,0.0,0.0,0.0,1.0
2010,44,44,44090,DIBULLA,0.0,139.0,0.0,0.0,0.0,0.0,1.0
2010,44,44,44098,DISTRACCIÓN,0.0,57.0,50.0,0.0,0.0,0.0,2.0
2010,44,44,44110,EL MOLINO,1.0,0.0,0.0,0.0,0.0,0.0,1.0
2010,44,44,44279,FONSECA,214.0,995.0,0.0,0.0,0.0,0.0,1.0
2010,44,44,44279,FONSECA,0.0,72.0,314.0,0.0,0.0,0.0,2.0
2010,44,44,44430,MAICAO,1.0,554.0,0.0,0.0,0.0,0.0,1.0
2010,44,44,44430,MAICAO,0.0,24.0,1066.0,0.0,0.0,0.0,2.0
2010,44,44,44560,MANAURE,0.0,24.0,65.0,0.0,0.0,0.0,2.0
2010,44,44,44650,SAN JUAN DEL CESAR,625.0,177.0,184.0,0.0,0.0,0.0,3.0
2010,44,44,44847,URIBIA,0.0,40.0,126.0,0.0,0.0,0.0,2.0
2010,44,44,44855,URUMITA,0.0,135.0,0.0,0.0,0.0,0.0,1.0
2010,44,44,44874,VILLANUEVA,54.0,187.0,0.0,0.0,0.0,0.0,1.0
2010,44,44,44874,VILLANUEVA,0.0,76.0,290.0,0.0,0.0,0.0,1.0
2010,47,47,47001,SANTA MARTA,1220.0,3783.0,15035.0,655.0,117.0,0.0,11.0
2010,47,47,47030,ALGARROBO,5.0,76.0,0.0,0.0,0.0,0.0,1.0
2010,47,47,47053,ARACATACA,0.0,112.0,0.0,0.0,0.0,0.0,1.0
2010,47,47,47053,ARACATACA,13.0,11.0,14.0,0.0,0.0,0.0,2.0
2010,47,47,47058,ARIGUANÍ,0.0,32.0,0.0,0.0,0.0,0.0,1.0
2010,47,47,47058,ARIGUANÍ,0.0,0.0,29.0,0.0,0.0,0.0,2.0
2010,47,47,47170,CHIVOLO,36.0,1.0,0.0,0.0,0.0,0.0,2.0
2010,47,47,47189,CIÉNAGA,287.0,393.0,269.0,0.0,0.0,0.0,5.0
2010,47,47,47245,EL BANCO,24.0,287.0,133.0,0.0,0.0,0.0,5.0
2010,47,47,47258,EL PIÑÓN,0.0,58.0,0.0,0.0,0.0,0.0,1.0
2010,47,47,47268,EL RETÉN,0.0,55.0,10.0,0.0,0.0,0.0,2.0
2010,47,47,47288,FUNDACIÓN,0.0,257.0,0.0,0.0,0.0,0.0,1.0
2010,47,47,47288,FUNDACIÓN,0.0,40.0,117.0,0.0,0.0,0.0,3.0
2010,47,47,47318,GUAMAL,1.0,34.0,20.0,0.0,0.0,0.0,2.0
2010,47,47,47545,PIJIÑO DEL CARMEN,0.0,0.0,21.0,0.0,0.0,0.0,1.0
2010,47,47,47551,PIVIJAY,3.0,72.0,0.0,0.0,0.0,0.0,1.0
2010,47,47,47551,PIVIJAY,0.0,33.0,38.0,38.0,0.0,0.0,2.0
2010,47,47,47555,PLATO,0.0,189.0,0.0,0.0,0.0,0.0,1.0
2010,47,47,47555,PLATO,3.0,109.0,109.0,0.0,0.0,0.0,3.0
2010,47,47,47707,SANTA ANA,0.0,33.0,0.0,0.0,0.0,0.0,1.0
2010,47,47,47707,SANTA ANA,0.0,0.0,20.0,51.0,0.0,0.0,1.0
2010,47,47,47980,ZONA BANANERA,44.0,24.0,0.0,0.0,0.0,0.0,1.0
2010,5,5,5001,MEDELLÍN,3881.0,60661.0,116258.0,7657.0,3266.0,611.0,40.0
2010,5,5,5002,ABEJORRAL,1.0,25.0,9.0,0.0,0.0,0.0,3.0
2010,5,5,5021,ALEJANDRÍA,0.0,0.0,4.0,0.0,0.0,0.0,1.0
2010,5,5,5030,AMAGÁ,3.0,159.0,1.0,0.0,0.0,0.0,2.0
2010,5,5,5031,AMALFI,29.0,179.0,6.0,0.0,0.0,0.0,3.0
2010,5,5,5034,ANDES,77.0,1.0,163.0,0.0,0.0,0.0,4.0
2010,5,5,5038,ANGOSTURA,1.0,0.0,11.0,0.0,0.0,0.0,2.0
2010,5,5,5040,ANORÍ,0.0,170.0,7.0,0.0,0.0,0.0,2.0
2010,5,5,5042,SANTA FÉ DE ANTIOQUIA,17.0,557.0,77.0,0.0,0.0,0.0,4.0
2010,5,5,5045,APARTADÓ,455.0,2711.0,907.0,39.0,0.0,0.0,9.0
2010,5,5,5051,ARBOLETES,58.0,313.0,0.0,0.0,0.0,0.0,1.0
2010,5,5,5051,ARBOLETES,0.0,0.0,5.0,0.0,0.0,0.0,1.0
2010,5,5,5055,ARGELIA,0.0,38.0,2.0,0.0,0.0,0.0,2.0
2010,5,5,5059,ARMENIA,0.0,0.0,436.0,0.0,0.0,0.0,2.0
2010,5,5,5079,BARBOSA,18.0,431.0,8.0,0.0,0.0,0.0,2.0
2010,5,5,5086,BELMIRA,0.0,30.0,4.0,0.0,0.0,0.0,2.0
2010,5,5,5088,BELLO,358.0,2986.0,1348.0,0.0,0.0,0.0,6.0
2010,5,5,5091,BETANIA,0.0,0.0,2.0,0.0,0.0,0.0,1.0
2010,5,5,5093,BETULIA,0.0,0.0,2.0,0.0,0.0,0.0,1.0
2010,5,5,5101,CIUDAD BOLÍVAR,51.0,0.0,9.0,0.0,0.0,0.0,2.0
2010,5,5,5107,BRICEÑO,0.0,0.0,15.0,0.0,0.0,0.0,1.0
2010,5,5,5113,BURITICÁ,0.0,0.0,1.0,0.0,0.0,0.0,1.0
2010,5,5,5120,CÁCERES,1.0,38.0,7.0,0.0,0.0,0.0,2.0
2010,5,5,5129,CALDAS,4.0,1811.0,1336.0,13.0,0.0,0.0,3.0
2010,5,5,5134,CAMPAMENTO,0.0,1.0,3.0,0.0,0.0,0.0,1.0
2010,5,5,5138,CAÑASGORDAS,0.0,44.0,78.0,0.0,0.0,0.0,3.0
2010,5,5,5142,CARACOLÍ,3.0,125.0,0.0,0.0,0.0,0.0,2.0
2010,5,5,5145,CARAMANTA,0.0,0.0,1.0,0.0,0.0,0.0,1.0
2010,5,5,5147,CAREPA,0.0,365.0,3.0,0.0,0.0,0.0,2.0
2010,5,5,5148,EL CARMEN DE VIBORAL,9.0,436.0,658.0,0.0,0.0,0.0,3.0
2010,5,5,5150,CAROLINA,0.0,63.0,7.0,0.0,0.0,0.0,2.0
2010,5,5,5154,CAUCASIA,266.0,1706.0,477.0,0.0,0.0,0.0,3.0
2010,5,5,5172,CHIGORODÓ,167.0,505.0,15.0,0.0,0.0,0.0,3.0
2010,5,5,5190,CISNEROS,0.0,262.0,4.0,0.0,0.0,0.0,2.0
2010,5,5,5197,COCORNÁ,1.0,32.0,0.0,0.0,0.0,0.0,1.0
2010,5,5,5197,COCORNÁ,0.0,0.0,2.0,0.0,0.0,0.0,1.0
2010,5,5,5206,CONCEPCIÓN,0.0,35.0,1.0,0.0,0.0,0.0,2.0
2010,5,5,5209,CONCORDIA,0.0,0.0,1.0,0.0,0.0,0.0,1.0
2010,5,5,5212,COPACABANA,2.0,368.0,2.0,0.0,0.0,0.0,3.0
2010,5,5,5234,DABEIBA,0.0,69.0,5.0,0.0,0.0,0.0,2.0
2010,5,5,5237,DONMATÍAS,0.0,1.0,9.0,0.0,0.0,0.0,1.0
2010,5,5,5237,DONMATÍAS,88.0,195.0,0.0,0.0,0.0,0.0,1.0
2010,5,5,5240,EBÉJICO,29.0,29.0,1.0,0.0,0.0,0.0,2.0
2010,5,5,5250,EL BAGRE,126.0,614.0,6.0,0.0,0.0,0.0,2.0
2010,5,5,5264,ENTRERRÍOS,6.0,100.0,13.0,0.0,0.0,0.0,2.0
2010,5,5,5266,ENVIGADO,27.0,482.0,3433.0,0.0,0.0,0.0,4.0
2010,5,5,5282,FREDONIA,0.0,196.0,3.0,0.0,0.0,0.0,2.0
2010,5,5,5284,FRONTINO,0.0,196.0,81.0,0.0,0.0,0.0,3.0
2010,5,5,5308,GIRARDOTA,39.0,405.0,3.0,0.0,0.0,0.0,2.0
2010,5,5,5310,GÓMEZ PLATA,16.0,29.0,8.0,0.0,0.0,0.0,2.0
2010,5,5,5315,GUADALUPE,36.0,21.0,5.0,0.0,0.0,0.0,2.0
2010,5,5,5318,GUARNE,42.0,220.0,3.0,0.0,0.0,0.0,2.0
2010,5,5,5321,GUATAPÉ,87.0,59.0,2.0,0.0,0.0,0.0,2.0
2010,5,5,5347,HELICONIA,0.0,27.0,0.0,0.0,0.0,0.0,1.0
2010,5,5,5360,ITAGÜÍ,132.0,5063.0,202.0,0.0,0.0,0.0,3.0
2010,5,5,5361,ITUANGO,62.0,42.0,16.0,0.0,0.0,0.0,2.0
2010,5,5,5364,JARDÍN,0.0,21.0,3.0,0.0,0.0,0.0,2.0
2010,5,5,5368,JERICÓ,42.0,0.0,2.0,0.0,0.0,0.0,2.0
2010,5,5,5376,LA CEJA,13.0,292.0,9.0,0.0,0.0,0.0,2.0
2010,5,5,5380,LA ESTRELLA,0.0,855.0,2.0,0.0,0.0,0.0,2.0
2010,5,5,5400,LA UNIÓN,0.0,25.0,8.0,0.0,0.0,0.0,2.0
2010,5,5,5411,LIBORINA,1.0,42.0,4.0,0.0,0.0,0.0,2.0
2010,5,5,5425,MACEO,25.0,111.0,4.0,0.0,0.0,0.0,2.0
2010,5,5,5440,MARINILLA,163.0,487.0,18.0,0.0,0.0,0.0,4.0
2010,5,5,5467,MONTEBELLO,0.0,75.0,0.0,0.0,0.0,0.0,1.0
2010,5,5,5475,MURINDÓ,2.0,63.0,0.0,0.0,0.0,0.0,1.0
2010,5,5,5480,MUTATÁ,3.0,92.0,3.0,0.0,0.0,0.0,2.0
2010,5,5,5483,NARIÑO,0.0,7.0,2.0,0.0,0.0,0.0,1.0
2010,5,5,5490,NECOCLÍ,69.0,210.0,30.0,0.0,0.0,0.0,3.0
2010,5,5,5495,NECHÍ,1.0,142.0,5.0,0.0,0.0,0.0,2.0
2010,5,5,5541,PEÑOL,2.0,96.0,1.0,0.0,0.0,0.0,2.0
2010,5,5,5543,PEQUE,0.0,45.0,1.0,0.0,0.0,0.0,2.0
2010,5,5,5576,PUEBLORRICO,0.0,0.0,1.0,0.0,0.0,0.0,1.0
2010,5,5,5579,PUERTO BERRÍO,1.0,710.0,169.0,0.0,0.0,0.0,4.0
2010,5,5,5585,PUERTO NARE,1.0,304.0,20.0,0.0,0.0,0.0,2.0
2010,5,5,5591,PUERTO TRIUNFO,3.0,143.0,14.0,0.0,0.0,0.0,2.0
2010,5,5,5604,REMEDIOS,0.0,348.0,51.0,0.0,0.0,0.0,3.0
2010,5,5,5607,RETIRO,4.0,123.0,0.0,0.0,0.0,0.0,2.0
2010,5,5,5615,RIONEGRO,414.0,2003.0,2568.0,47.0,19.0,0.0,4.0
2010,5,5,5628,SABANALARGA,0.0,0.0,4.0,0.0,0.0,0.0,1.0
2010,5,5,5631,SABANETA,24.0,308.0,2235.0,59.0,37.0,0.0,5.0
2010,5,5,5642,SALGAR,0.0,0.0,6.0,0.0,0.0,0.0,1.0
2010,5,5,5647,SAN ANDRÉS DE CUERQUÍA,1.0,0.0,7.0,0.0,0.0,0.0,1.0
2010,5,5,5649,SAN CARLOS,0.0,0.0,1.0,0.0,0.0,0.0,1.0
2010,5,5,5652,SAN FRANCISCO,0.0,29.0,1.0,0.0,0.0,0.0,2.0
2010,5,5,5656,SAN JERÓNIMO,0.0,104.0,1.0,0.0,0.0,0.0,2.0
2010,5,5,5658,SAN JOSÉ DE LA MONTAÑA,0.0,0.0,13.0,0.0,0.0,0.0,1.0
2010,5,5,5659,SAN JUAN DE URABÁ,1.0,283.0,1.0,0.0,0.0,0.0,2.0
2010,5,5,5660,SAN LUIS,0.0,87.0,0.0,0.0,0.0,0.0,2.0
2010,5,5,5664,SAN PEDRO DE LOS MILAGROS,3.0,1.0,25.0,0.0,0.0,0.0,1.0
2010,5,5,5664,SAN PEDRO DE LOS MILAGROS,0.0,109.0,0.0,0.0,0.0,0.0,1.0
2010,5,5,5665,SAN PEDRO DE URABÁ,3.0,194.0,0.0,0.0,0.0,0.0,1.0
2010,5,5,5667,SAN RAFAEL,0.0,68.0,5.0,0.0,0.0,0.0,2.0
2010,5,5,5670,SAN ROQUE,0.0,177.0,3.0,0.0,0.0,0.0,2.0
2010,5,5,5674,SAN VICENTE FERRER,0.0,0.0,3.0,0.0,0.0,0.0,1.0
2010,5,5,5674,SAN VICENTE FERRER,0.0,33.0,0.0,0.0,0.0,0.0,1.0
2010,5,5,5679,SANTA BÁRBARA,0.0,64.0,2.0,0.0,0.0,0.0,2.0
2010,5,5,5686,SANTA ROSA DE OSOS,6.0,434.0,117.0,0.0,0.0,0.0,3.0
2010,5,5,5690,SANTO DOMINGO,112.0,116.0,3.0,0.0,0.0,0.0,2.0
2010,5,5,5697,EL SANTUARIO,0.0,66.0,11.0,0.0,0.0,0.0,2.0
2010,5,5,5736,SEGOVIA,2.0,398.0,42.0,0.0,0.0,0.0,3.0
2010,5,5,5756,SONSÓN,20.0,197.0,45.0,0.0,0.0,0.0,3.0
2010,5,5,5761,SOPETRÁN,0.0,43.0,4.0,0.0,0.0,0.0,2.0
2010,5,5,5789,TÁMESIS,0.0,0.0,4.0,0.0,0.0,0.0,1.0
2010,5,5,5790,TARAZÁ,1.0,245.0,42.0,0.0,0.0,0.0,3.0
2010,5,5,5809,TITIRIBÍ,0.0,44.0,1.0,0.0,0.0,0.0,2.0
2010,5,5,5819,TOLEDO,0.0,0.0,2.0,0.0,0.0,0.0,1.0
2010,5,5,5837,TURBO,248.0,1480.0,1157.0,6.0,0.0,0.0,5.0
2010,5,5,5842,URAMITA,0.0,53.0,2.0,0.0,0.0,0.0,2.0
2010,5,5,5847,URRAO,0.0,58.0,1.0,0.0,0.0,0.0,2.0
2010,5,5,5854,VALDIVIA,0.0,77.0,5.0,0.0,0.0,0.0,2.0
2010,5,5,5856,VALPARAÍSO,0.0,77.0,0.0,0.0,0.0,0.0,1.0
2010,5,5,5856,VALPARAÍSO,0.0,0.0,3.0,0.0,0.0,0.0,1.0
2010,5,5,5858,VEGACHÍ,0.0,157.0,2.0,0.0,0.0,0.0,2.0
2010,5,5,5861,VENECIA,0.0,60.0,2.0,0.0,0.0,0.0,2.0
2010,5,5,5873,VIGÍA DEL FUERTE,0.0,38.0,2.0,0.0,0.0,0.0,2.0
2010,5,5,5885,YALÍ,1.0,66.0,1.0,0.0,0.0,0.0,2.0
2010,5,5,5887,YARUMAL,68.0,666.0,219.0,0.0,0.0,0.0,3.0
2010,5,5,5890,YOLOMBÓ,73.0,122.0,5.0,0.0,0.0,0.0,2.0
2010,5,5,5893,YONDÓ,0.0,259.0,0.0,0.0,0.0,0.0,1.0
2010,5,5,5895,ZARAGOZA,1.0,64.0,2.0,0.0,0.0,0.0,2.0
2010,50,50,50001,VILLAVICENCIO,202.0,2645.0,14373.0,338.0,25.0,0.0,15.0
2010,50,50,50006,ACACÍAS,1.0,706.0,1234.0,10.0,0.0,0.0,4.0
2010,50,50,50150,CASTILLA LA NUEVA,0.0,42.0,50.0,0.0,0.0,0.0,3.0
2010,50,50,50226,CUMARAL,2.0,22.0,0.0,0.0,0.0,0.0,1.0
2010,50,50,50226,CUMARAL,0.0,43.0,238.0,0.0,0.0,0.0,3.0
2010,50,50,50245,EL CALVARIO,0.0,45.0,0.0,0.0,0.0,0.0,1.0
2010,50,50,50251,EL CASTILLO,0.0,0.0,1.0,0.0,0.0,0.0,1.0
2010,50,50,50313,GRANADA,111.0,605.0,18.0,0.0,0.0,0.0,3.0
2010,50,50,50330,MESETAS,2.0,0.0,0.0,0.0,0.0,0.0,1.0
2010,50,50,50350,LA MACARENA,1.0,4.0,0.0,0.0,0.0,0.0,2.0
2010,50,50,50568,PUERTO GAITÁN,2.0,144.0,1.0,0.0,0.0,0.0,2.0
2010,50,50,50573,PUERTO LÓPEZ,6.0,101.0,47.0,0.0,0.0,0.0,3.0
2010,50,50,50606,RESTREPO,0.0,0.0,1.0,0.0,0.0,0.0,1.0
2010,50,50,50683,SAN JUAN DE ARAMA,3.0,0.0,0.0,0.0,0.0,0.0,1.0
2010,50,50,50689,SAN MARTÍN,28.0,133.0,0.0,0.0,0.0,0.0,1.0
2010,50,50,50711,VISTAHERMOSA,7.0,50.0,2.0,0.0,0.0,0.0,2.0
2010,52,52,52001,PASTO,392.0,2124.0,0.0,0.0,0.0,0.0,1.0
2010,52,52,52001,PASTO,1.0,1558.0,17656.0,402.0,173.0,3.0,16.0
2010,52,52,52019,ALBÁN,0.0,21.0,83.0,0.0,0.0,0.0,1.0
2010,52,52,52051,ARBOLEDA,0.0,0.0,25.0,0.0,0.0,0.0,1.0
2010,52,52,52079,BARBACOAS,1.0,0.0,0.0,0.0,0.0,0.0,1.0
2010,52,52,52203,COLÓN,0.0,42.0,0.0,0.0,0.0,0.0,1.0
2010,52,52,52215,CÓRDOBA,0.0,70.0,0.0,0.0,0.0,0.0,1.0
2010,52,52,52224,CUASPUD CARLOSAMA,0.0,31.0,0.0,0.0,0.0,0.0,1.0
2010,52,52,52227,CUMBAL,1.0,104.0,24.0,0.0,0.0,0.0,2.0
2010,52,52,52233,CUMBITARA,0.0,29.0,0.0,0.0,0.0,0.0,1.0
2010,52,52,52250,EL CHARCO,0.0,80.0,0.0,0.0,0.0,0.0,1.0
2010,52,52,52254,EL PEÑOL,4.0,0.0,0.0,0.0,0.0,0.0,1.0
2010,52,52,52256,EL ROSARIO,0.0,29.0,1.0,0.0,0.0,0.0,2.0
2010,52,52,52258,EL TABLÓN DE GÓMEZ,0.0,48.0,41.0,0.0,0.0,0.0,2.0
2010,52,52,52260,EL TAMBO,2.0,0.0,0.0,0.0,0.0,0.0,1.0
2010,52,52,52260,EL TAMBO,0.0,0.0,72.0,0.0,0.0,0.0,1.0
2010,52,52,52287,FUNES,0.0,19.0,0.0,0.0,0.0,0.0,1.0
2010,52,52,52320,GUAITARILLA,0.0,103.0,0.0,0.0,0.0,0.0,1.0
2010,52,52,52323,GUALMATÁN,1.0,55.0,0.0,0.0,0.0,0.0,1.0
2010,52,52,52356,IPIALES,315.0,1211.0,838.0,0.0,0.0,0.0,7.0
2010,52,52,52378,LA CRUZ,0.0,153.0,48.0,0.0,0.0,0.0,2.0
2010,52,52,52399,LA UNIÓN,5.0,45.0,124.0,0.0,0.0,0.0,4.0
2010,52,52,52405,LEIVA,0.0,37.0,1.0,0.0,0.0,0.0,2.0
2010,52,52,52473,MOSQUERA,6.0,0.0,0.0,0.0,0.0,0.0,1.0
2010,52,52,52506,OSPINA,26.0,26.0,0.0,0.0,0.0,0.0,1.0
2010,52,52,52540,POLICARPA,0.0,0.0,34.0,0.0,0.0,0.0,1.0
2010,52,52,52560,POTOSÍ,38.0,0.0,0.0,0.0,0.0,0.0,1.0
2010,52,52,52573,PUERRES,37.0,100.0,0.0,0.0,0.0,0.0,2.0
2010,52,52,52585,PUPIALES,72.0,67.0,0.0,0.0,0.0,0.0,1.0
2010,52,52,52612,RICAURTE,0.0,30.0,59.0,0.0,0.0,0.0,2.0
2010,52,52,52678,SAMANIEGO,0.0,34.0,45.0,0.0,0.0,0.0,3.0
2010,52,52,52685,SAN BERNARDO,0.0,50.0,0.0,0.0,0.0,0.0,1.0
2010,52,52,52687,SAN LORENZO,0.0,0.0,15.0,0.0,0.0,0.0,1.0
2010,52,52,52835,SAN ANDRÉS DE TUMACO,166.0,646.0,333.0,1.0,26.0,0.0,5.0
2010,52,52,52838,TÚQUERRES,0.0,326.0,0.0,0.0,0.0,0.0,1.0
2010,52,52,52838,TÚQUERRES,0.0,0.0,101.0,0.0,0.0,0.0,2.0
2010,54,54,54001,SAN JOSÉ DE CÚCUTA,220.0,3037.0,0.0,0.0,0.0,0.0,1.0
2010,54,54,54001,SAN JOSÉ DE CÚCUTA,1020.0,3264.0,22920.0,698.0,128.0,0.0,14.0
2010,54,54,54003,ÁBREGO,32.0,118.0,0.0,0.0,0.0,0.0,1.0
2010,54,54,54003,ÁBREGO,0.0,0.0,1.0,0.0,0.0,0.0,1.0
2010,54,54,54051,ARBOLEDAS,0.0,43.0,0.0,0.0,0.0,0.0,1.0
2010,54,54,54099,BOCHALEMA,0.0,44.0,0.0,0.0,0.0,0.0,1.0
2010,54,54,54125,CÁCOTA,0.0,43.0,0.0,0.0,0.0,0.0,1.0
2010,54,54,54128,CÁCHIRA,0.0,0.0,1.0,0.0,0.0,0.0,1.0
2010,54,54,54172,CHINÁCOTA,0.0,123.0,2.0,0.0,0.0,0.0,2.0
2010,54,54,54174,CHITAGÁ,0.0,39.0,0.0,0.0,0.0,0.0,1.0
2010,54,54,54206,CONVENCIÓN,28.0,35.0,0.0,0.0,0.0,0.0,1.0
2010,54,54,54223,CUCUTILLA,0.0,49.0,1.0,0.0,0.0,0.0,2.0
2010,54,54,54239,DURANIA,0.0,29.0,0.0,0.0,0.0,0.0,1.0
2010,54,54,54245,EL CARMEN,0.0,141.0,1.0,0.0,0.0,0.0,2.0
2010,54,54,54261,EL ZULIA,0.0,98.0,0.0,0.0,0.0,0.0,1.0
2010,54,54,54313,GRAMALOTE,5.0,102.0,1.0,0.0,0.0,0.0,2.0
2010,54,54,54347,HERRÁN,0.0,38.0,0.0,0.0,0.0,0.0,1.0
2010,54,54,54385,LA ESPERANZA,0.0,0.0,1.0,0.0,0.0,0.0,1.0
2010,54,54,54398,LA PLAYA,0.0,39.0,0.0,0.0,0.0,0.0,1.0
2010,54,54,54405,LOS PATIOS,3.0,125.0,0.0,0.0,0.0,0.0,1.0
2010,54,54,54418,LOURDES,0.0,42.0,0.0,0.0,0.0,0.0,1.0
2010,54,54,54480,MUTISCUA,0.0,29.0,0.0,0.0,0.0,0.0,1.0
2010,54,54,54498,OCAÑA,132.0,1464.0,3756.0,47.0,0.0,0.0,6.0
2010,54,54,54518,PAMPLONA,70.0,735.0,9471.0,370.0,141.0,0.0,4.0
2010,54,54,54520,PAMPLONITA,0.0,44.0,0.0,0.0,0.0,0.0,1.0
2010,54,54,54553,PUERTO SANTANDER,0.0,96.0,0.0,0.0,0.0,0.0,1.0
2010,54,54,54599,RAGONVALIA,0.0,45.0,0.0,0.0,0.0,0.0,1.0
2010,54,54,54660,SALAZAR,0.0,55.0,0.0,0.0,0.0,0.0,1.0
2010,54,54,54670,SAN CALIXTO,0.0,37.0,0.0,0.0,0.0,0.0,1.0
2010,54,54,54720,SARDINATA,0.0,154.0,29.0,0.0,0.0,0.0,2.0
2010,54,54,54800,TEORAMA,0.0,43.0,0.0,0.0,0.0,0.0,1.0
2010,54,54,54810,TIBÚ,0.0,197.0,73.0,0.0,0.0,0.0,2.0
2010,54,54,54820,TOLEDO,22.0,67.0,0.0,0.0,0.0,0.0,1.0
2010,54,54,54871,VILLA CARO,0.0,48.0,0.0,0.0,0.0,0.0,1.0
2010,54,54,54874,VILLA DEL ROSARIO,301.0,205.0,3879.0,0.0,0.0,0.0,2.0
2010,63,63,63001,ARMENIA,1636.0,5922.0,15310.0,191.0,22.0,5.0,17.0
2010,63,63,63130,CALARCÁ,496.0,163.0,2.0,0.0,0.0,0.0,3.0
2010,63,63,63190,CIRCASIA,124.0,97.0,286.0,0.0,0.0,0.0,3.0
2010,63,63,63212,CÓRDOBA,38.0,86.0,0.0,0.0,0.0,0.0,1.0
2010,63,63,63272,FILANDIA,0.0,56.0,1.0,0.0,0.0,0.0,2.0
2010,63,63,63401,LA TEBAIDA,94.0,53.0,0.0,0.0,0.0,0.0,1.0
2010,63,63,63470,MONTENEGRO,77.0,288.0,0.0,0.0,0.0,0.0,2.0
2010,63,63,63548,PIJAO,88.0,64.0,1.0,0.0,0.0,0.0,3.0
2010,63,63,63594,QUIMBAYA,75.0,120.0,160.0,0.0,0.0,0.0,3.0
2010,66,66,66001,PEREIRA,1200.0,7199.0,21293.0,850.0,870.0,53.0,18.0
2010,66,66,66045,APÍA,8.0,92.0,1.0,0.0,0.0,0.0,2.0
2010,66,66,66088,BELÉN DE UMBRÍA,0.0,45.0,0.0,0.0,0.0,0.0,2.0
2010,66,66,66170,DOSQUEBRADAS,74.0,2509.0,4.0,0.0,0.0,0.0,3.0
2010,66,66,66318,GUÁTICA,4.0,76.0,0.0,0.0,0.0,0.0,1.0
2010,66,66,66383,LA CELIA,0.0,116.0,0.0,0.0,0.0,0.0,2.0
2010,66,66,66400,LA VIRGINIA,0.0,226.0,0.0,0.0,0.0,0.0,1.0
2010,66,66,66440,MARSELLA,3.0,258.0,0.0,0.0,0.0,0.0,1.0
2010,66,66,66456,MISTRATÓ,23.0,101.0,0.0,0.0,0.0,0.0,1.0
2010,66,66,66572,PUEBLO RICO,4.0,36.0,0.0,0.0,0.0,0.0,2.0
2010,66,66,66594,QUINCHÍA,22.0,210.0,34.0,0.0,0.0,0.0,3.0
2010,66,66,66682,SANTA ROSA DE CABAL,106.0,966.0,827.0,20.0,0.0,0.0,3.0
2010,66,66,66687,SANTUARIO,0.0,53.0,0.0,0.0,0.0,0.0,2.0
2010,68,68,68001,BUCARAMANGA,1569.0,20363.0,50027.0,2837.0,974.0,78.0,26.0
2010,68,68,68013,AGUADA,0.0,0.0,1.0,0.0,0.0,0.0,1.0
2010,68,68,68020,ALBANIA,0.0,114.0,1.0,0.0,0.0,0.0,2.0
2010,68,68,68077,BARBOSA,133.0,457.0,13.0,49.0,0.0,0.0,3.0
2010,68,68,68079,BARICHARA,31.0,0.0,1.0,0.0,0.0,0.0,2.0
2010,68,68,68081,BARRANCABERMEJA,62.0,2232.0,1738.0,172.0,0.0,0.0,12.0
2010,68,68,68101,BOLÍVAR,0.0,31.0,0.0,0.0,0.0,0.0,1.0
2010,68,68,68147,CAPITANEJO,0.0,59.0,0.0,0.0,0.0,0.0,1.0
2010,68,68,68162,CERRITO,31.0,0.0,0.0,0.0,0.0,0.0,1.0
2010,68,68,68167,CHARALÁ,1.0,67.0,1.0,0.0,0.0,0.0,3.0
2010,68,68,68190,CIMITARRA,37.0,266.0,0.0,0.0,0.0,0.0,2.0
2010,68,68,68207,CONCEPCIÓN,0.0,36.0,0.0,0.0,0.0,0.0,1.0
2010,68,68,68209,CONFINES,2.0,28.0,0.0,0.0,0.0,0.0,1.0
2010,68,68,68235,EL CARMEN DE CHUCURÍ,0.0,33.0,0.0,0.0,0.0,0.0,1.0
2010,68,68,68255,EL PLAYÓN,24.0,156.0,0.0,0.0,0.0,0.0,1.0
2010,68,68,68266,ENCISO,0.0,47.0,0.0,0.0,0.0,0.0,1.0
2010,68,68,68271,FLORIÁN,39.0,35.0,0.0,0.0,0.0,0.0,1.0
2010,68,68,68276,FLORIDABLANCA,209.0,998.0,1.0,0.0,0.0,0.0,2.0
2010,68,68,68307,GIRÓN,134.0,1620.0,0.0,0.0,0.0,0.0,1.0
2010,68,68,68318,GUACA,4.0,0.0,1.0,0.0,0.0,0.0,2.0
2010,68,68,68322,GUAPOTÁ,0.0,33.0,0.0,0.0,0.0,0.0,1.0
2010,68,68,68344,HATO,0.0,31.0,0.0,0.0,0.0,0.0,1.0
2010,68,68,68368,JESÚS MARÍA,0.0,31.0,0.0,0.0,0.0,0.0,1.0
2010,68,68,68385,LANDÁZURI,21.0,71.0,0.0,0.0,0.0,0.0,1.0
2010,68,68,68397,LA PAZ,0.0,113.0,0.0,0.0,0.0,0.0,1.0
2010,68,68,68406,LEBRIJA,4.0,29.0,0.0,0.0,0.0,0.0,1.0
2010,68,68,68432,MÁLAGA,113.0,724.0,369.0,0.0,0.0,0.0,4.0
2010,68,68,68444,MATANZA,0.0,0.0,1.0,0.0,0.0,0.0,1.0
2010,68,68,68464,MOGOTES,0.0,72.0,0.0,0.0,0.0,0.0,2.0
2010,68,68,68500,OIBA,0.0,38.0,44.0,0.0,0.0,0.0,2.0
2010,68,68,68502,ONZAGA,0.0,30.0,1.0,0.0,0.0,0.0,2.0
2010,68,68,68524,PALMAS DEL SOCORRO,0.0,28.0,10.0,0.0,0.0,0.0,2.0
2010,68,68,68533,PÁRAMO,0.0,63.0,0.0,0.0,0.0,0.0,1.0
2010,68,68,68547,PIEDECUESTA,0.0,1139.0,0.0,0.0,0.0,0.0,1.0
2010,68,68,68572,PUENTE NACIONAL,32.0,47.0,0.0,0.0,0.0,0.0,1.0
2010,68,68,68575,PUERTO WILCHES,0.0,52.0,2.0,17.0,0.0,0.0,3.0
2010,68,68,68615,RIONEGRO,16.0,68.0,0.0,0.0,0.0,0.0,1.0
2010,68,68,68655,SABANA DE TORRES,3.0,72.0,11.0,0.0,0.0,0.0,3.0
2010,68,68,68669,SAN ANDRÉS,30.0,22.0,0.0,0.0,0.0,0.0,1.0
2010,68,68,68673,SAN BENITO,0.0,20.0,0.0,0.0,0.0,0.0,1.0
2010,68,68,68679,SAN GIL,274.0,1109.0,2042.0,101.0,0.0,0.0,8.0
2010,68,68,68745,SIMACOTA,0.0,45.0,0.0,0.0,0.0,0.0,1.0
2010,68,68,68755,SOCORRO,173.0,462.0,974.0,2.0,0.0,0.0,4.0
2010,68,68,68770,SUAITA,0.0,57.0,0.0,0.0,0.0,0.0,2.0
2010,68,68,68773,SUCRE,0.0,30.0,0.0,0.0,0.0,0.0,1.0
2010,68,68,68861,VÉLEZ,228.0,887.0,216.0,2.0,0.0,0.0,5.0
2010,68,68,68872,VILLANUEVA,35.0,64.0,0.0,0.0,0.0,0.0,1.0
2010,68,68,68895,ZAPATOCA,0.0,50.0,0.0,0.0,0.0,0.0,1.0
2010,70,70,70001,SINCELEJO,795.0,1077.0,10162.0,590.0,0.0,0.0,11.0
2010,70,70,70215,COROZAL,25.0,78.0,0.0,0.0,0.0,0.0,1.0
2010,70,70,70215,COROZAL,0.0,121.0,825.0,4.0,0.0,0.0,2.0
2010,70,70,70221,COVEÑAS,1.0,408.0,0.0,0.0,0.0,0.0,1.0
2010,70,70,70400,LA UNIÓN,0.0,0.0,16.0,0.0,0.0,0.0,1.0
2010,70,70,70429,MAJAGUAL,0.0,0.0,1.0,0.0,0.0,0.0,1.0
2010,70,70,70473,MORROA,1.0,0.0,0.0,0.0,0.0,0.0,1.0
2010,70,70,70523,PALMITO,0.0,0.0,32.0,0.0,0.0,0.0,2.0
2010,70,70,70670,SAMPUÉS,0.0,48.0,1.0,0.0,0.0,0.0,3.0
2010,70,70,70708,SAN MARCOS,62.0,37.0,48.0,0.0,0.0,0.0,3.0
2010,70,70,70713,SAN ONOFRE,0.0,49.0,97.0,0.0,0.0,0.0,2.0
2010,70,70,70742,SAN LUIS DE SINCÉ,2.0,33.0,0.0,0.0,0.0,0.0,1.0
2010,70,70,70742,SAN LUIS DE SINCÉ,0.0,0.0,24.0,0.0,0.0,0.0,2.0
2010,70,70,70771,SUCRE,0.0,0.0,2.0,0.0,0.0,0.0,1.0
2010,70,70,70820,SANTIAGO DE TOLÚ,0.0,90.0,0.0,0.0,0.0,0.0,1.0
2010,70,70,70823,SAN JOSÉ DE TOLUVIEJO,5.0,0.0,0.0,0.0,0.0,0.0,1.0
2010,73,73,73001,IBAGUÉ,954.0,6633.0,18085.0,361.0,84.0,0.0,16.0
2010,73,73,73026,ALVARADO,7.0,46.0,0.0,0.0,0.0,0.0,1.0
2010,73,73,73030,AMBALEMA,0.0,20.0,0.0,0.0,0.0,0.0,2.0
2010,73,73,73043,ANZOÁTEGUI,19.0,66.0,2.0,0.0,0.0,0.0,3.0
2010,73,73,73055,ARMERO,0.0,29.0,4.0,0.0,0.0,0.0,2.0
2010,73,73,73067,ATACO,0.0,88.0,9.0,0.0,0.0,0.0,3.0
2010,73,73,73124,CAJAMARCA,0.0,182.0,9.0,0.0,0.0,0.0,3.0
2016,5,5,5847,URRAO,0.0,136.0,1.0,0.0,0.0,0.0,3.0
2010,73,73,73148,CARMEN DE APICALÁ,90.0,17.0,17.0,0.0,0.0,0.0,2.0
2010,73,73,73152,CASABIANCA,0.0,40.0,3.0,0.0,0.0,0.0,2.0
2010,73,73,73168,CHAPARRAL,1.0,162.0,218.0,0.0,0.0,0.0,4.0
2010,73,73,73217,COYAIMA,46.0,119.0,24.0,0.0,0.0,0.0,2.0
2010,73,73,73226,CUNDAY,0.0,20.0,1.0,0.0,0.0,0.0,2.0
2010,73,73,73236,DOLORES,0.0,0.0,3.0,0.0,0.0,0.0,1.0
2010,73,73,73268,ESPINAL,381.0,1796.0,662.0,0.0,0.0,0.0,6.0
2010,73,73,73270,FALAN,0.0,0.0,18.0,0.0,0.0,0.0,2.0
2010,73,73,73275,FLANDES,2.0,27.0,53.0,0.0,0.0,0.0,2.0
2010,73,73,73283,FRESNO,2.0,81.0,49.0,0.0,0.0,0.0,3.0
2010,73,73,73319,GUAMO,62.0,19.0,0.0,0.0,0.0,0.0,2.0
2010,73,73,73347,HERVEO,0.0,2.0,3.0,0.0,0.0,0.0,2.0
2010,73,73,73349,HONDA,69.0,537.0,105.0,0.0,0.0,0.0,4.0
2010,73,73,73352,ICONONZO,1.0,0.0,29.0,0.0,0.0,0.0,3.0
2010,73,73,73408,LÉRIDA,2.0,268.0,5.0,0.0,0.0,0.0,5.0
2010,73,73,73411,LÍBANO,85.0,229.0,185.0,1.0,0.0,0.0,6.0
2010,73,73,73443,SAN SEBASTIÁN DE MARIQUITA,191.0,210.0,171.0,1.0,0.0,0.0,4.0
2010,73,73,73443,SAN SEBASTIÁN DE MARIQUITA,0.0,99.0,0.0,0.0,0.0,0.0,1.0
2010,73,73,73449,MELGAR,46.0,440.0,189.0,0.0,0.0,0.0,2.0
2010,73,73,73461,MURILLO,0.0,27.0,0.0,0.0,0.0,0.0,1.0
2010,73,73,73483,NATAGAIMA,8.0,33.0,14.0,0.0,0.0,0.0,3.0
2010,73,73,73504,ORTEGA,0.0,236.0,10.0,0.0,0.0,0.0,4.0
2010,73,73,73520,PALOCABILDO,0.0,70.0,0.0,0.0,0.0,0.0,1.0
2010,73,73,73547,PIEDRAS,0.0,58.0,1.0,0.0,0.0,0.0,2.0
2010,73,73,73555,PLANADAS,0.0,171.0,23.0,0.0,0.0,0.0,3.0
2010,73,73,73563,PRADO,0.0,11.0,0.0,0.0,0.0,0.0,1.0
2010,73,73,73585,PURIFICACIÓN,1.0,37.0,36.0,0.0,0.0,0.0,4.0
2010,73,73,73616,RIOBLANCO,0.0,71.0,28.0,0.0,0.0,0.0,3.0
2010,73,73,73622,RONCESVALLES,0.0,0.0,1.0,0.0,0.0,0.0,1.0
2010,73,73,73624,ROVIRA,0.0,7.0,5.0,0.0,0.0,0.0,2.0
2010,73,73,73671,SALDAÑA,0.0,16.0,0.0,0.0,0.0,0.0,1.0
2010,73,73,73675,SAN ANTONIO,0.0,46.0,14.0,0.0,0.0,0.0,3.0
2010,73,73,73678,SAN LUIS,0.0,15.0,0.0,0.0,0.0,0.0,1.0
2010,73,73,73686,SANTA ISABEL,0.0,0.0,2.0,0.0,0.0,0.0,1.0
2010,73,73,73870,VILLAHERMOSA,0.0,0.0,2.0,0.0,0.0,0.0,1.0
2010,73,73,73873,VILLARRICA,0.0,79.0,5.0,0.0,0.0,0.0,2.0
2010,76,76,76001,CALI,4811.0,20685.0,62844.0,2615.0,2807.0,227.0,42.0
2010,76,76,76020,ALCALÁ,0.0,63.0,1.0,0.0,0.0,0.0,2.0
2010,76,76,76036,ANDALUCÍA,0.0,49.0,0.0,0.0,0.0,0.0,1.0
2010,76,76,76041,ANSERMANUEVO,3.0,105.0,0.0,0.0,0.0,0.0,1.0
2010,76,76,76054,ARGELIA,0.0,78.0,0.0,0.0,0.0,0.0,1.0
2010,76,76,76100,BOLÍVAR,0.0,0.0,3.0,0.0,0.0,0.0,2.0
2010,76,76,76109,BUENAVENTURA,321.0,1884.0,2838.0,0.0,0.0,0.0,11.0
2010,76,76,76111,GUADALAJARA DE BUGA,108.0,3250.0,1755.0,38.0,0.0,0.0,6.0
2010,76,76,76113,BUGALAGRANDE,0.0,408.0,40.0,0.0,0.0,0.0,2.0
2010,76,76,76122,CAICEDONIA,0.0,163.0,146.0,0.0,0.0,0.0,2.0
2010,76,76,76126,CALIMA,0.0,235.0,0.0,0.0,0.0,0.0,1.0
2010,76,76,76130,CANDELARIA,0.0,49.0,2.0,0.0,0.0,0.0,2.0
2010,76,76,76147,CARTAGO,35.0,1694.0,987.0,0.0,0.0,0.0,9.0
2010,76,76,76233,DAGUA,0.0,240.0,0.0,0.0,0.0,0.0,1.0
2010,76,76,76243,EL ÁGUILA,0.0,53.0,1.0,0.0,0.0,0.0,2.0
2010,76,76,76246,EL CAIRO,0.0,0.0,1.0,0.0,0.0,0.0,1.0
2010,76,76,76248,EL CERRITO,18.0,188.0,0.0,0.0,0.0,0.0,1.0
2010,76,76,76250,EL DOVIO,93.0,25.0,0.0,0.0,0.0,0.0,2.0
2010,76,76,76275,FLORIDA,0.0,158.0,3.0,0.0,0.0,0.0,2.0
2010,76,76,76306,GINEBRA,0.0,251.0,0.0,0.0,0.0,0.0,1.0
2010,76,76,76318,GUACARÍ,0.0,206.0,0.0,0.0,0.0,0.0,1.0
2010,76,76,76364,JAMUNDÍ,22.0,124.0,3.0,0.0,0.0,0.0,2.0
2010,76,76,76377,LA CUMBRE,0.0,59.0,0.0,0.0,0.0,0.0,1.0
2010,76,76,76400,LA UNIÓN,0.0,261.0,0.0,0.0,0.0,0.0,1.0
2010,76,76,76403,LA VICTORIA,1.0,56.0,1.0,0.0,0.0,0.0,2.0
2010,76,76,76497,OBANDO,0.0,56.0,0.0,0.0,0.0,0.0,1.0
2010,76,76,76520,PALMIRA,177.0,2748.0,8765.0,89.0,121.0,54.0,10.0
2010,76,76,76563,PRADERA,39.0,106.0,1.0,0.0,0.0,0.0,2.0
2010,76,76,76606,RESTREPO,0.0,59.0,0.0,0.0,0.0,0.0,1.0
2010,76,76,76616,RIOFRÍO,0.0,260.0,0.0,0.0,0.0,0.0,1.0
2010,76,76,76622,ROLDANILLO,897.0,440.0,557.0,14.0,0.0,0.0,7.0
2010,76,76,76670,SAN PEDRO,1.0,91.0,0.0,0.0,0.0,0.0,1.0
2010,76,76,76736,SEVILLA,2.0,262.0,25.0,0.0,0.0,0.0,3.0
2010,76,76,76823,TORO,0.0,78.0,0.0,0.0,0.0,0.0,1.0
2010,76,76,76828,TRUJILLO,0.0,145.0,0.0,0.0,0.0,0.0,1.0
2010,76,76,76834,TULUÁ,60.0,2099.0,4236.0,30.0,0.0,0.0,6.0
2010,76,76,76845,ULLOA,0.0,48.0,0.0,0.0,0.0,0.0,1.0
2010,76,76,76863,VERSALLES,0.0,136.0,0.0,0.0,0.0,0.0,1.0
2010,76,76,76892,YUMBO,2.0,782.0,398.0,0.0,0.0,0.0,3.0
2010,76,76,76895,ZARZAL,1.0,585.0,669.0,0.0,0.0,0.0,2.0
2010,8,8,8001,BARRANQUILLA,3368.0,11094.0,62964.0,2320.0,690.0,33.0,28.0
2010,8,8,8078,BARANOA,1.0,99.0,0.0,0.0,0.0,0.0,1.0
2010,8,8,8137,CAMPO DE LA CRUZ,1.0,0.0,0.0,0.0,0.0,0.0,1.0
2010,8,8,8296,GALAPA,49.0,52.0,0.0,0.0,0.0,0.0,2.0
2010,8,8,8421,LURUACO,0.0,42.0,0.0,0.0,0.0,0.0,1.0
2010,8,8,8433,MALAMBO,7.0,0.0,0.0,0.0,0.0,0.0,1.0
2010,8,8,8520,PALMAR DE VARELA,0.0,57.0,0.0,0.0,0.0,0.0,1.0
2010,8,8,8558,POLONUEVO,1.0,44.0,0.0,0.0,0.0,0.0,1.0
2010,8,8,8560,PONEDERA,1.0,46.0,0.0,0.0,0.0,0.0,1.0
2010,8,8,8573,PUERTO COLOMBIA,0.0,42.0,326.0,2.0,0.0,0.0,1.0
2010,8,8,8634,SABANAGRANDE,1.0,38.0,0.0,0.0,0.0,0.0,1.0
2010,8,8,8638,SABANALARGA,58.0,74.0,48.0,0.0,0.0,0.0,4.0
2010,8,8,8685,SANTO TOMÁS,0.0,50.0,1.0,0.0,0.0,0.0,2.0
2010,8,8,8758,SOLEDAD,1809.0,445.0,0.0,0.0,0.0,0.0,2.0
2010,8,8,8832,TUBARÁ,1.0,0.0,0.0,0.0,0.0,0.0,1.0
2010,81,81,81001,ARAUCA,323.0,465.0,1238.0,58.0,0.0,0.0,6.0
2010,81,81,81065,ARAUQUITA,54.0,152.0,0.0,0.0,0.0,0.0,1.0
2010,81,81,81220,CRAVO NORTE,0.0,58.0,0.0,0.0,0.0,0.0,1.0
2010,81,81,81736,SARAVENA,121.0,146.0,187.0,0.0,0.0,0.0,4.0
2010,81,81,81794,TAME,37.0,224.0,0.0,0.0,0.0,0.0,1.0
2010,81,81,81794,TAME,0.0,0.0,5.0,0.0,0.0,0.0,1.0
2010,85,85,85001,YOPAL,46.0,1822.0,5090.0,9.0,0.0,0.0,13.0
2010,85,85,85010,AGUAZUL,0.0,62.0,0.0,0.0,0.0,0.0,1.0
2010,85,85,85139,MANÍ,0.0,58.0,0.0,0.0,0.0,0.0,1.0
2010,85,85,85162,MONTERREY,1.0,97.0,275.0,0.0,0.0,0.0,4.0
2010,85,85,85250,PAZ DE ARIPORO,1.0,49.0,280.0,0.0,0.0,0.0,2.0
2010,85,85,85300,SABANALARGA,4.0,0.0,0.0,0.0,0.0,0.0,2.0
2010,85,85,85400,TÁMARA,0.0,25.0,0.0,0.0,0.0,0.0,1.0
2010,85,85,85410,TAURAMENA,1.0,146.0,0.0,0.0,0.0,0.0,1.0
2010,85,85,85440,VILLANUEVA,2.0,39.0,122.0,0.0,0.0,0.0,2.0
2010,86,86,86001,MOCOA,0.0,489.0,0.0,0.0,0.0,0.0,1.0
2010,86,86,86001,MOCOA,0.0,910.0,337.0,3.0,0.0,0.0,5.0
2010,86,86,86219,COLÓN,0.0,66.0,0.0,0.0,0.0,0.0,1.0
2010,86,86,86320,ORITO,121.0,283.0,1.0,0.0,0.0,0.0,2.0
2010,86,86,86568,PUERTO ASÍS,1.0,460.0,0.0,0.0,0.0,0.0,1.0
2010,86,86,86568,PUERTO ASÍS,1.0,46.0,90.0,0.0,0.0,0.0,3.0
2010,86,86,86569,PUERTO CAICEDO,0.0,83.0,0.0,0.0,0.0,0.0,1.0
2010,86,86,86571,PUERTO GUZMÁN,0.0,0.0,3.0,0.0,0.0,0.0,1.0
2010,86,86,86573,PUERTO LEGUÍZAMO,0.0,38.0,0.0,0.0,0.0,0.0,1.0
2010,86,86,86749,SIBUNDOY,0.0,327.0,0.0,0.0,0.0,0.0,2.0
2010,86,86,86755,SAN FRANCISCO,0.0,89.0,45.0,0.0,0.0,0.0,4.0
2010,86,86,86757,SAN MIGUEL,0.0,34.0,0.0,0.0,0.0,0.0,1.0
2010,86,86,86865,VALLE DEL GUAMUEZ,0.0,121.0,0.0,0.0,0.0,0.0,1.0
2010,86,86,86865,VALLE DEL GUAMUEZ,0.0,50.0,145.0,0.0,0.0,0.0,1.0
2010,86,86,86885,VILLAGARZÓN,0.0,164.0,2.0,0.0,0.0,0.0,2.0
2010,88,88,88001,SAN ANDRÉS,540.0,1058.0,32.0,0.0,7.0,0.0,6.0
2010,88,88,88564,PROVIDENCIA,34.0,81.0,0.0,0.0,0.0,0.0,1.0
2010,91,91,91001,LETICIA,60.0,758.0,308.0,17.0,0.0,0.0,6.0
2010,91,91,91263,EL ENCANTO,0.0,0.0,3.0,0.0,0.0,0.0,1.0
2010,94,94,94001,INÍRIDA,4.0,324.0,192.0,1.0,0.0,0.0,5.0
2010,95,95,95001,SAN JOSÉ DEL GUAVIARE,65.0,748.0,403.0,18.0,0.0,0.0,4.0
2010,95,95,95015,CALAMAR,0.0,75.0,0.0,0.0,0.0,0.0,1.0
2010,95,95,95025,EL RETORNO,0.0,107.0,0.0,0.0,0.0,0.0,1.0
2010,95,95,95200,MIRAFLORES,48.0,0.0,0.0,0.0,0.0,0.0,1.0
2010,97,97,97001,MITÚ,0.0,168.0,26.0,0.0,0.0,0.0,2.0
2010,99,99,99001,PUERTO CARREÑO,19.0,337.0,133.0,3.0,0.0,0.0,5.0
2010,99,99,99524,LA PRIMAVERA,39.0,35.0,35.0,0.0,0.0,0.0,2.0
2010,99,99,99624,SANTA ROSALÍA,0.0,33.0,0.0,0.0,0.0,0.0,1.0
2010,99,99,99773,CUMARIBO,0.0,79.0,0.0,0.0,0.0,0.0,1.0
2011,-,-,-,NO IDENTIFICADO,0.0,97.0,0.0,151.0,0.0,0.0,2.0
2011,11,11,11001,BOGOTÁ D.C.,47183.0,120114.0,359741.0,30380.0,14210.0,1395.0,113.0
2011,13,13,13001,CARTAGENA DE INDIAS,2914.0,20318.0,34061.0,906.0,49.0,11.0,32.0
2011,13,13,13006,ACHÍ,0.0,21.0,0.0,0.0,0.0,0.0,1.0
2011,13,13,13006,ACHÍ,23.0,0.0,46.0,20.0,0.0,0.0,2.0
2011,13,13,13042,ARENAL,0.0,0.0,0.0,30.0,0.0,0.0,1.0
2011,13,13,13052,ARJONA,44.0,114.0,0.0,0.0,0.0,0.0,1.0
2011,13,13,13062,ARROYOHONDO,0.0,109.0,0.0,0.0,0.0,0.0,1.0
2011,13,13,13074,BARRANCO DE LOBA,0.0,20.0,0.0,0.0,0.0,0.0,1.0
2011,13,13,13140,CALAMAR,0.0,19.0,0.0,0.0,0.0,0.0,1.0
2011,13,13,13160,CANTAGALLO,0.0,16.0,0.0,0.0,0.0,0.0,1.0
2011,13,13,13188,CICUCO,0.0,55.0,0.0,0.0,0.0,0.0,1.0
2011,13,13,13212,CÓRDOBA,0.0,26.0,0.0,0.0,0.0,0.0,1.0
2011,13,13,13244,EL CARMEN DE BOLÍVAR,76.0,278.0,362.0,0.0,0.0,0.0,4.0
2011,13,13,13248,EL GUAMO,0.0,22.0,0.0,0.0,0.0,0.0,1.0
2011,13,13,13268,EL PEÑÓN,0.0,34.0,0.0,0.0,0.0,0.0,1.0
2011,13,13,13300,HATILLO DE LOBA,0.0,66.0,0.0,0.0,0.0,0.0,1.0
2011,13,13,13430,MAGANGUÉ,0.0,282.0,754.0,236.0,0.0,0.0,6.0
2011,13,13,13433,MAHATES,0.0,30.0,0.0,0.0,0.0,0.0,1.0
2011,13,13,13442,MARÍA LA BAJA,0.0,166.0,123.0,75.0,0.0,0.0,4.0
2011,13,13,13458,MONTECRISTO,0.0,0.0,3.0,0.0,0.0,0.0,1.0
2011,13,13,13468,SANTA CRUZ DE MOMPOX,0.0,279.0,74.0,33.0,0.0,0.0,3.0
2011,13,13,13473,MORALES,0.0,100.0,0.0,0.0,0.0,0.0,1.0
2011,13,13,13549,PINILLOS,0.0,33.0,0.0,0.0,0.0,0.0,1.0
2011,13,13,13600,RÍO VIEJO,0.0,68.0,0.0,0.0,0.0,0.0,1.0
2011,13,13,13620,SAN CRISTÓBAL,0.0,45.0,0.0,0.0,0.0,0.0,1.0
2011,13,13,13647,SAN ESTANISLAO,0.0,0.0,106.0,0.0,0.0,0.0,2.0
2011,13,13,13650,SAN FERNANDO,0.0,14.0,0.0,0.0,0.0,0.0,1.0
2011,13,13,13654,SAN JACINTO,0.0,79.0,0.0,16.0,0.0,0.0,2.0
2011,13,13,13657,SAN JUAN NEPOMUCENO,39.0,94.0,287.0,35.0,0.0,0.0,4.0
2011,13,13,13670,SAN PABLO,0.0,48.0,0.0,0.0,0.0,0.0,1.0
2011,13,13,13670,SAN PABLO,0.0,0.0,56.0,25.0,0.0,0.0,3.0
2011,13,13,13673,SANTA CATALINA,0.0,35.0,0.0,0.0,0.0,0.0,1.0
2011,13,13,13683,SANTA ROSA,0.0,19.0,52.0,0.0,0.0,0.0,2.0
2011,13,13,13688,SANTA ROSA DEL SUR,0.0,61.0,71.0,0.0,0.0,0.0,3.0
2011,13,13,13744,SIMITÍ,14.0,27.0,20.0,26.0,0.0,0.0,3.0
2011,13,13,13760,SOPLAVIENTO,0.0,22.0,0.0,0.0,0.0,0.0,1.0
2011,13,13,13780,TALAIGUA NUEVO,0.0,35.0,0.0,0.0,0.0,0.0,1.0
2011,13,13,13836,TURBACO,37.0,135.0,544.0,0.0,0.0,0.0,2.0
2011,13,13,13838,TURBANÁ,0.0,74.0,0.0,22.0,0.0,0.0,2.0
2011,13,13,13873,VILLANUEVA,0.0,133.0,0.0,0.0,0.0,0.0,1.0
2011,13,13,13894,ZAMBRANO,28.0,54.0,0.0,0.0,0.0,0.0,2.0
2011,15,15,15001,TUNJA,4.0,3014.0,22514.0,3064.0,619.0,28.0,13.0
2011,15,15,15087,BELÉN,0.0,26.0,0.0,0.0,0.0,0.0,1.0
2011,15,15,15097,BOAVITA,0.0,85.0,89.0,0.0,0.0,0.0,2.0
2011,15,15,15106,BRICEÑO,0.0,31.0,0.0,0.0,0.0,0.0,1.0
2011,15,15,15109,BUENAVISTA,0.0,30.0,0.0,0.0,0.0,0.0,1.0
2011,15,15,15131,CALDAS,0.0,9.0,34.0,0.0,0.0,0.0,2.0
2011,15,15,15162,CERINZA,0.0,0.0,23.0,0.0,0.0,0.0,1.0
2011,15,15,15176,CHIQUINQUIRÁ,0.0,560.0,1856.0,5.0,50.0,0.0,5.0
2011,15,15,15180,CHISCAS,0.0,43.0,13.0,0.0,0.0,0.0,3.0
2011,15,15,15183,CHITA,0.0,40.0,0.0,0.0,0.0,0.0,1.0
2011,15,15,15204,CÓMBITA,0.0,50.0,0.0,0.0,0.0,0.0,1.0
2011,15,15,15215,CORRALES,0.0,38.0,0.0,0.0,0.0,0.0,1.0
2011,15,15,15223,CUBARÁ,0.0,28.0,112.0,0.0,0.0,0.0,1.0
2011,15,15,15236,CHIVOR,0.0,55.0,0.0,0.0,0.0,0.0,1.0
2011,15,15,15238,DUITAMA,3.0,1343.0,4750.0,339.0,1.0,0.0,8.0
2011,15,15,15272,FIRAVITOBA,0.0,46.0,0.0,0.0,0.0,0.0,1.0
2011,15,15,15299,GARAGOA,0.0,260.0,232.0,5.0,0.0,0.0,4.0
2011,15,15,15322,GUATEQUE,0.0,0.0,41.0,0.0,0.0,0.0,1.0
2011,15,15,15325,GUAYATÁ,0.0,19.0,0.0,0.0,0.0,0.0,1.0
2011,15,15,15332,GÜICÁN DE LA SIERRA,0.0,25.0,0.0,0.0,0.0,0.0,1.0
2011,15,15,15332,GÜICÁN DE LA SIERRA,0.0,4.0,45.0,0.0,0.0,0.0,2.0
2011,15,15,15367,JENESANO,0.0,22.0,0.0,0.0,0.0,0.0,1.0
2011,15,15,15377,LABRANZAGRANDE,0.0,34.0,0.0,0.0,0.0,0.0,1.0
2011,15,15,15407,VILLA DE LEYVA,0.0,1.0,0.0,0.0,0.0,0.0,1.0
2011,15,15,15425,MACANAL,0.0,33.0,0.0,0.0,0.0,0.0,1.0
2011,15,15,15455,MIRAFLORES,0.0,19.0,0.0,0.0,0.0,0.0,1.0
2011,15,15,15469,MONIQUIRÁ,8.0,100.0,263.0,0.0,0.0,0.0,6.0
2011,15,15,15480,MUZO,0.0,25.0,4.0,0.0,0.0,0.0,2.0
2011,15,15,15491,NOBSA,0.0,249.0,0.0,0.0,0.0,0.0,1.0
2011,15,15,15507,OTANCHE,0.0,73.0,0.0,0.0,0.0,0.0,1.0
2011,15,15,15516,PAIPA,0.0,176.0,0.0,0.0,0.0,0.0,1.0
2011,15,15,15531,PAUNA,0.0,34.0,0.0,0.0,0.0,0.0,1.0
2011,15,15,15533,PAYA,0.0,27.0,0.0,0.0,0.0,0.0,1.0
2011,15,15,15537,PAZ DE RÍO,0.0,25.0,1.0,0.0,0.0,0.0,2.0
2011,15,15,15542,PESCA,0.0,0.0,3.0,0.0,0.0,0.0,1.0
2011,15,15,15572,PUERTO BOYACÁ,25.0,624.0,51.0,0.0,0.0,0.0,4.0
2011,15,15,15580,QUÍPAMA,0.0,40.0,0.0,0.0,0.0,0.0,1.0
2011,15,15,15646,SAMACÁ,0.0,216.0,22.0,0.0,0.0,0.0,3.0
2011,15,15,15676,SAN MIGUEL DE SEMA,0.0,30.0,0.0,0.0,0.0,0.0,1.0
2011,15,15,15686,SANTANA,0.0,22.0,0.0,0.0,0.0,0.0,1.0
2011,15,15,15753,SOATÁ,0.0,151.0,176.0,3.0,0.0,0.0,3.0
2011,15,15,15757,SOCHA,0.0,63.0,103.0,2.0,0.0,0.0,3.0
2011,15,15,15759,SOGAMOSO,10.0,3474.0,4692.0,358.0,0.0,0.0,7.0
2011,15,15,15761,SOMONDOCO,0.0,15.0,0.0,0.0,0.0,0.0,1.0
2011,15,15,15763,SOTAQUIRÁ,0.0,29.0,0.0,0.0,0.0,0.0,1.0
2011,15,15,15764,SORACÁ,0.0,46.0,0.0,0.0,0.0,0.0,1.0
2011,15,15,15778,SUTATENZA,0.0,0.0,63.0,0.0,0.0,0.0,1.0
2011,15,15,15798,TENZA,0.0,0.0,100.0,0.0,0.0,0.0,1.0
2011,15,15,15832,TUNUNGUÁ,0.0,27.0,0.0,0.0,0.0,0.0,1.0
2011,15,15,15837,TUTA,0.0,24.0,0.0,0.0,0.0,0.0,1.0
2011,15,15,15861,VENTAQUEMADA,0.0,21.0,0.0,0.0,0.0,0.0,1.0
2011,15,15,15897,ZETAQUIRA,0.0,26.0,0.0,0.0,0.0,0.0,1.0
2011,17,17,17001,MANIZALES,24.0,6380.0,23007.0,1146.0,2050.0,177.0,13.0
2011,17,17,17013,AGUADAS,0.0,152.0,0.0,0.0,0.0,0.0,1.0
2011,17,17,17042,ANSERMA,0.0,145.0,0.0,0.0,0.0,0.0,1.0
2011,17,17,17050,ARANZAZU,0.0,0.0,1.0,0.0,0.0,0.0,1.0
2011,17,17,17088,BELALCÁZAR,0.0,31.0,0.0,0.0,0.0,0.0,1.0
2011,17,17,17174,CHINCHINÁ,0.0,350.0,162.0,0.0,0.0,0.0,2.0
2011,17,17,17272,FILADELFIA,0.0,26.0,24.0,0.0,0.0,0.0,2.0
2011,17,17,17380,LA DORADA,0.0,1191.0,599.0,8.0,0.0,0.0,4.0
2011,17,17,17388,LA MERCED,0.0,71.0,0.0,0.0,0.0,0.0,1.0
2011,17,17,17433,MANZANARES,30.0,64.0,0.0,0.0,0.0,0.0,2.0
2011,17,17,17442,MARMATO,0.0,39.0,0.0,0.0,0.0,0.0,1.0
2011,17,17,17444,MARQUETALIA,50.0,121.0,0.0,0.0,0.0,0.0,2.0
2011,17,17,17486,NEIRA,0.0,77.0,139.0,0.0,0.0,0.0,2.0
2011,17,17,17495,NORCASIA,0.0,129.0,0.0,0.0,0.0,0.0,1.0
2011,17,17,17513,PÁCORA,0.0,0.0,37.0,0.0,0.0,0.0,1.0
2011,17,17,17524,PALESTINA,0.0,43.0,0.0,0.0,0.0,0.0,1.0
2011,17,17,17541,PENSILVANIA,144.0,73.0,0.0,0.0,0.0,0.0,2.0
2011,17,17,17614,RIOSUCIO,0.0,258.0,76.0,0.0,0.0,0.0,3.0
2011,17,17,17616,RISARALDA,0.0,32.0,0.0,0.0,0.0,0.0,1.0
2011,17,17,17653,SALAMINA,0.0,43.0,0.0,0.0,0.0,0.0,1.0
2011,17,17,17662,SAMANÁ,0.0,163.0,0.0,0.0,0.0,0.0,1.0
2011,17,17,17662,SAMANÁ,11.0,0.0,0.0,0.0,0.0,0.0,1.0
2011,17,17,17665,SAN JOSÉ,0.0,46.0,0.0,0.0,0.0,0.0,1.0
2011,17,17,17777,SUPÍA,0.0,34.0,0.0,0.0,0.0,0.0,1.0
2011,17,17,17867,VICTORIA,0.0,176.0,0.0,0.0,0.0,0.0,1.0
2011,17,17,17873,VILLAMARÍA,0.0,113.0,0.0,0.0,0.0,0.0,1.0
2011,17,17,17877,VITERBO,0.0,84.0,0.0,0.0,0.0,0.0,1.0
2011,18,18,18001,FLORENCIA,23.0,878.0,7707.0,156.0,86.0,0.0,5.0
2011,18,18,18029,ALBANIA,35.0,20.0,25.0,0.0,0.0,0.0,1.0
2011,18,18,18094,BELÉN DE LOS ANDAQUÍES,0.0,41.0,22.0,0.0,0.0,0.0,2.0
2011,18,18,18150,CARTAGENA DEL CHAIRÁ,24.0,5.0,24.0,0.0,0.0,0.0,2.0
2011,18,18,18205,CURILLO,0.0,28.0,0.0,0.0,0.0,0.0,1.0
2011,18,18,18247,EL DONCELLO,40.0,70.0,58.0,0.0,0.0,0.0,3.0
2011,18,18,18592,PUERTO RICO,0.0,0.0,0.0,29.0,0.0,0.0,1.0
2011,18,18,18753,SAN VICENTE DEL CAGUÁN,64.0,196.0,181.0,0.0,0.0,0.0,4.0
2011,18,18,18756,SOLANO,0.0,42.0,0.0,0.0,0.0,0.0,1.0
2011,19,19,19001,POPAYÁN,67.0,6479.0,20340.0,710.0,208.0,80.0,16.0
2011,19,19,19050,ARGELIA,0.0,30.0,0.0,0.0,0.0,0.0,1.0
2011,19,19,19075,BALBOA,0.0,0.0,0.0,20.0,0.0,0.0,1.0
2011,19,19,19100,BOLÍVAR,0.0,117.0,0.0,0.0,0.0,0.0,1.0
2011,19,19,19110,BUENOS AIRES,0.0,23.0,0.0,0.0,0.0,0.0,1.0
2011,19,19,19130,CAJIBÍO,0.0,66.0,0.0,0.0,0.0,0.0,1.0
2011,19,19,19137,CALDONO,0.0,22.0,0.0,0.0,0.0,0.0,1.0
2011,19,19,19142,CALOTO,0.0,190.0,0.0,0.0,0.0,0.0,1.0
2011,19,19,19212,CORINTO,0.0,104.0,0.0,0.0,0.0,0.0,1.0
2011,19,19,19256,EL TAMBO,27.0,59.0,0.0,0.0,0.0,0.0,2.0
2011,19,19,19290,FLORENCIA,0.0,13.0,0.0,0.0,0.0,0.0,1.0
2011,19,19,19300,GUACHENÉ,0.0,78.0,0.0,0.0,0.0,0.0,1.0
2011,19,19,19318,GUAPI,0.0,143.0,28.0,0.0,0.0,0.0,3.0
2011,19,19,19355,INZÁ,0.0,92.0,0.0,0.0,0.0,0.0,1.0
2011,19,19,19392,LA SIERRA,0.0,78.0,0.0,0.0,0.0,0.0,1.0
2011,19,19,19397,LA VEGA,0.0,0.0,88.0,0.0,0.0,0.0,1.0
2011,19,19,19418,LÓPEZ DE MICAY,0.0,78.0,0.0,0.0,0.0,0.0,1.0
2011,19,19,19450,MERCADERES,0.0,87.0,0.0,0.0,0.0,0.0,1.0
2011,19,19,19450,MERCADERES,0.0,0.0,45.0,0.0,0.0,0.0,1.0
2011,19,19,19455,MIRANDA,0.0,723.0,30.0,0.0,0.0,0.0,2.0
2011,19,19,19473,MORALES,0.0,80.0,0.0,0.0,0.0,0.0,1.0
2011,19,19,19513,PADILLA,0.0,58.0,0.0,0.0,0.0,0.0,1.0
2011,19,19,19517,PÁEZ,0.0,38.0,0.0,0.0,0.0,0.0,1.0
2011,19,19,19532,PATÍA,0.0,118.0,77.0,0.0,0.0,0.0,2.0
2011,19,19,19533,PIAMONTE,0.0,36.0,0.0,0.0,0.0,0.0,1.0
2011,19,19,19548,PIENDAMÓ - TUNÍA,2.0,167.0,0.0,0.0,0.0,0.0,2.0
2011,19,19,19573,PUERTO TEJADA,110.0,891.0,0.0,0.0,0.0,0.0,2.0
2011,19,19,19585,PURACÉ,0.0,102.0,0.0,0.0,0.0,0.0,1.0
2011,19,19,19622,ROSAS,0.0,21.0,0.0,26.0,0.0,0.0,2.0
2011,19,19,19693,SAN SEBASTIÁN,0.0,90.0,0.0,0.0,0.0,0.0,1.0
2011,19,19,19698,SANTANDER DE QUILICHAO,0.0,678.0,0.0,0.0,0.0,0.0,1.0
2011,19,19,19698,SANTANDER DE QUILICHAO,232.0,582.0,1396.0,5.0,0.0,0.0,3.0
2011,19,19,19701,SANTA ROSA,0.0,64.0,0.0,0.0,0.0,0.0,1.0
2011,19,19,19743,SILVIA,0.0,88.0,0.0,32.0,0.0,0.0,2.0
2011,19,19,19760,SOTARÁ PAISPAMBA,0.0,76.0,0.0,0.0,0.0,0.0,1.0
2011,19,19,19780,SUÁREZ,0.0,47.0,0.0,0.0,0.0,0.0,1.0
2011,19,19,19785,SUCRE,0.0,67.0,0.0,0.0,0.0,0.0,1.0
2011,19,19,19807,TIMBÍO,0.0,209.0,0.0,0.0,0.0,0.0,1.0
2011,19,19,19809,TIMBIQUÍ,0.0,77.0,0.0,0.0,0.0,0.0,1.0
2011,19,19,19821,TORIBÍO,0.0,0.0,281.0,0.0,0.0,0.0,1.0
2011,19,19,19824,TOTORÓ,0.0,61.0,0.0,0.0,0.0,0.0,1.0
2011,19,19,19845,VILLA RICA,0.0,95.0,0.0,0.0,0.0,0.0,1.0
2011,20,20,20001,VALLEDUPAR,0.0,3286.0,0.0,0.0,0.0,0.0,1.0
2011,20,20,20001,VALLEDUPAR,124.0,305.0,18094.0,182.0,0.0,0.0,15.0
2011,20,20,20011,AGUACHICA,0.0,901.0,1048.0,16.0,0.0,0.0,4.0
2011,20,20,20013,AGUSTÍN CODAZZI,62.0,175.0,0.0,23.0,0.0,0.0,3.0
2011,20,20,20045,BECERRIL,0.0,33.0,0.0,0.0,0.0,0.0,1.0
2011,20,20,20060,BOSCONIA,0.0,23.0,0.0,23.0,0.0,0.0,2.0
2011,20,20,20175,CHIMICHAGUA,0.0,14.0,0.0,0.0,0.0,0.0,1.0
2011,20,20,20178,CHIRIGUANÁ,0.0,35.0,0.0,0.0,0.0,0.0,1.0
2011,20,20,20228,CURUMANÍ,1.0,185.0,221.0,0.0,0.0,0.0,2.0
2011,20,20,20238,EL COPEY,0.0,61.0,0.0,22.0,0.0,0.0,2.0
2011,20,20,20250,EL PASO,0.0,32.0,0.0,0.0,0.0,0.0,1.0
2011,20,20,20295,GAMARRA,0.0,0.0,0.0,32.0,0.0,0.0,1.0
2011,20,20,20400,LA JAGUA DE IBIRICO,0.0,292.0,0.0,0.0,0.0,0.0,1.0
2011,20,20,20443,MANAURE BALCÓN DEL CESAR,0.0,25.0,0.0,0.0,0.0,0.0,1.0
2011,20,20,20517,PAILITAS,0.0,35.0,0.0,0.0,0.0,0.0,1.0
2011,20,20,20621,LA PAZ,0.0,23.0,0.0,0.0,0.0,0.0,1.0
2011,20,20,20710,SAN ALBERTO,0.0,46.0,35.0,0.0,0.0,0.0,2.0
2011,20,20,20787,TAMALAMEQUE,0.0,34.0,0.0,0.0,0.0,0.0,1.0
2011,23,23,23001,MONTERÍA,736.0,2347.0,20236.0,546.0,126.0,0.0,17.0
2011,23,23,23068,AYAPEL,0.0,0.0,66.0,0.0,0.0,0.0,1.0
2011,23,23,23162,CERETÉ,57.0,97.0,441.0,22.0,0.0,0.0,3.0
2011,23,23,23182,CHINÚ,0.0,75.0,0.0,0.0,0.0,0.0,1.0
2011,23,23,23189,CIÉNAGA DE ORO,0.0,119.0,240.0,19.0,0.0,0.0,3.0
2011,23,23,23300,COTORRA,0.0,35.0,0.0,0.0,0.0,0.0,1.0
2011,23,23,23417,LORICA,0.0,338.0,0.0,0.0,0.0,0.0,1.0
2011,23,23,23417,LORICA,48.0,39.0,1211.0,11.0,0.0,0.0,7.0
2011,23,23,23419,LOS CÓRDOBAS,0.0,33.0,0.0,0.0,0.0,0.0,1.0
2011,23,23,23466,MONTELÍBANO,0.0,345.0,594.0,25.0,0.0,0.0,6.0
2011,23,23,23500,MOÑITOS,0.0,99.0,0.0,0.0,0.0,0.0,1.0
2011,23,23,23555,PLANETA RICA,0.0,227.0,234.0,20.0,0.0,0.0,3.0
2011,23,23,23570,PUEBLO NUEVO,0.0,0.0,0.0,32.0,0.0,0.0,1.0
2011,23,23,23574,PUERTO ESCONDIDO,0.0,33.0,0.0,0.0,0.0,0.0,1.0
2011,23,23,23580,PUERTO LIBERTADOR,0.0,74.0,0.0,0.0,0.0,0.0,1.0
2011,23,23,23660,SAHAGÚN,5.0,278.0,1156.0,41.0,0.0,0.0,7.0
2011,23,23,23672,SAN ANTERO,0.0,22.0,0.0,0.0,0.0,0.0,1.0
2011,23,23,23678,SAN CARLOS,0.0,0.0,0.0,42.0,0.0,0.0,1.0
2011,23,23,23807,TIERRALTA,0.0,32.0,65.0,0.0,0.0,0.0,3.0
2011,23,23,23855,VALENCIA,0.0,143.0,31.0,0.0,0.0,0.0,2.0
2011,25,25,25001,AGUA DE DIOS,0.0,35.0,0.0,0.0,0.0,0.0,1.0
2011,25,25,25019,ALBÁN,0.0,61.0,0.0,0.0,0.0,0.0,1.0
2011,25,25,25035,ANAPOIMA,0.0,92.0,0.0,0.0,0.0,0.0,1.0
2011,25,25,25040,ANOLAIMA,0.0,23.0,0.0,0.0,0.0,0.0,1.0
2011,25,25,25053,ARBELÁEZ,0.0,197.0,463.0,15.0,2.0,0.0,1.0
2011,25,25,25095,BITUIMA,0.0,23.0,139.0,0.0,0.0,0.0,2.0
2011,25,25,25099,BOJACÁ,9.0,56.0,88.0,0.0,0.0,0.0,2.0
2011,25,25,25120,CABRERA,0.0,16.0,0.0,0.0,0.0,0.0,1.0
2011,25,25,25126,CAJICÁ,0.0,307.0,138.0,0.0,0.0,0.0,2.0
2011,25,25,25148,CAPARRAPÍ,0.0,106.0,0.0,0.0,0.0,0.0,1.0
2011,25,25,25151,CÁQUEZA,0.0,58.0,148.0,0.0,0.0,0.0,2.0
2011,25,25,25175,CHÍA,6.0,1271.0,8248.0,1788.0,687.0,9.0,6.0
2011,25,25,25178,CHIPAQUE,0.0,41.0,0.0,0.0,0.0,0.0,1.0
2011,25,25,25181,CHOACHÍ,0.0,251.0,0.0,0.0,0.0,0.0,1.0
2011,25,25,25183,CHOCONTÁ,0.0,33.0,190.0,0.0,0.0,0.0,3.0
2011,25,25,25200,COGUA,0.0,216.0,72.0,0.0,0.0,0.0,2.0
2011,25,25,25214,COTA,0.0,167.0,0.0,0.0,0.0,0.0,1.0
2011,25,25,25245,EL COLEGIO,110.0,182.0,14.0,0.0,0.0,0.0,2.0
2011,25,25,25260,EL ROSAL,0.0,28.0,0.0,0.0,0.0,0.0,1.0
2011,25,25,25269,FACATATIVÁ,0.0,499.0,3361.0,134.0,2.0,0.0,8.0
2011,25,25,25279,FÓMEQUE,0.0,62.0,0.0,0.0,0.0,0.0,1.0
2011,25,25,25286,FUNZA,0.0,155.0,0.0,0.0,0.0,0.0,1.0
2011,25,25,25290,FUSAGASUGÁ,167.0,859.0,4278.0,9.0,0.0,0.0,7.0
2011,25,25,25293,GACHALÁ,0.0,35.0,0.0,0.0,0.0,0.0,1.0
2011,25,25,25297,GACHETÁ,0.0,115.0,249.0,2.0,0.0,0.0,2.0
2011,25,25,25307,GIRARDOT,14.0,1381.0,3282.0,21.0,0.0,0.0,7.0
2011,25,25,25320,GUADUAS,0.0,253.0,35.0,0.0,0.0,0.0,2.0
2011,25,25,25322,GUASCA,0.0,40.0,0.0,0.0,0.0,0.0,1.0
2011,25,25,25328,GUAYABAL DE SÍQUIMA,0.0,72.0,0.0,0.0,0.0,0.0,1.0
2011,25,25,25335,GUAYABETAL,0.0,93.0,0.0,0.0,0.0,0.0,1.0
2011,25,25,25339,GUTIÉRREZ,0.0,23.0,0.0,0.0,0.0,0.0,1.0
2011,25,25,25372,JUNÍN,0.0,0.0,15.0,0.0,0.0,0.0,1.0
2011,25,25,25377,LA CALERA,0.0,170.0,0.0,0.0,0.0,0.0,1.0
2011,25,25,25386,LA MESA,0.0,86.0,0.0,22.0,0.0,0.0,2.0
2011,25,25,25394,LA PALMA,0.0,48.0,31.0,0.0,0.0,0.0,3.0
2011,25,25,25398,LA PEÑA,0.0,40.0,0.0,0.0,0.0,0.0,1.0
2011,25,25,25402,LA VEGA,0.0,177.0,17.0,0.0,0.0,0.0,2.0
2011,25,25,25426,MACHETÁ,0.0,63.0,0.0,0.0,0.0,0.0,1.0
2011,25,25,25430,MADRID,0.0,638.0,0.0,0.0,0.0,0.0,2.0
2011,25,25,25438,MEDINA,0.0,124.0,0.0,0.0,0.0,0.0,1.0
2011,25,25,25473,MOSQUERA,0.0,2463.0,0.0,0.0,0.0,0.0,1.0
2011,25,25,25488,NILO,0.0,3263.0,0.0,0.0,0.0,0.0,2.0
2011,25,25,25489,NIMAIMA,0.0,87.0,0.0,0.0,0.0,0.0,1.0
2011,25,25,25491,NOCAIMA,0.0,0.0,153.0,0.0,0.0,0.0,1.0
2011,25,25,25513,PACHO,0.0,215.0,9.0,0.0,0.0,0.0,3.0
2011,25,25,25524,PANDI,0.0,19.0,0.0,0.0,0.0,0.0,1.0
2011,25,25,25530,PARATEBUENO,0.0,67.0,0.0,0.0,0.0,0.0,1.0
2011,25,25,25535,PASCA,0.0,0.0,4.0,0.0,0.0,0.0,1.0
2011,25,25,25572,PUERTO SALGAR,0.0,193.0,0.0,0.0,0.0,0.0,1.0
2011,25,25,25580,PULÍ,0.0,54.0,0.0,0.0,0.0,0.0,1.0
2011,25,25,25594,QUETAME,0.0,81.0,111.0,0.0,0.0,0.0,2.0
2011,25,25,25599,APULO,0.0,35.0,1.0,0.0,0.0,0.0,2.0
2011,25,25,25612,RICAURTE,14.0,0.0,0.0,0.0,0.0,0.0,1.0
2011,25,25,25658,SAN FRANCISCO,0.0,42.0,0.0,0.0,0.0,0.0,1.0
2011,25,25,25662,SAN JUAN DE RIOSECO,0.0,80.0,25.0,0.0,0.0,0.0,2.0
2011,25,25,25718,SASAIMA,0.0,66.0,0.0,0.0,0.0,0.0,1.0
2011,25,25,25740,SIBATÉ,0.0,377.0,1281.0,0.0,0.0,0.0,3.0
2011,25,25,25743,SILVANIA,0.0,176.0,0.0,0.0,0.0,0.0,1.0
2011,25,25,25745,SIMIJACA,0.0,67.0,50.0,0.0,0.0,0.0,2.0
2011,25,25,25754,SOACHA,0.0,1758.0,0.0,0.0,0.0,0.0,1.0
2011,25,25,25754,SOACHA,0.0,734.0,976.0,0.0,0.0,0.0,4.0
2011,25,25,25758,SOPÓ,0.0,96.0,0.0,0.0,0.0,0.0,1.0
2011,25,25,25769,SUBACHOQUE,0.0,74.0,0.0,0.0,0.0,0.0,1.0
2011,25,25,25772,SUESCA,0.0,64.0,0.0,0.0,0.0,0.0,2.0
2011,25,25,25785,TABIO,0.0,22.0,0.0,0.0,0.0,0.0,1.0
2011,25,25,25793,TAUSA,0.0,30.0,123.0,0.0,0.0,0.0,2.0
2011,25,25,25799,TENJO,0.0,138.0,0.0,0.0,0.0,0.0,1.0
2011,25,25,25815,TOCAIMA,0.0,104.0,0.0,0.0,0.0,0.0,1.0
2011,25,25,25817,TOCANCIPÁ,0.0,362.0,0.0,3.0,0.0,0.0,2.0
2011,25,25,25839,UBALÁ,0.0,38.0,0.0,0.0,0.0,0.0,1.0
2011,25,25,25841,UBAQUE,0.0,30.0,0.0,0.0,0.0,0.0,1.0
2011,25,25,25843,VILLA DE SAN DIEGO DE UBATÉ,0.0,154.0,588.0,22.0,0.0,0.0,3.0
2011,25,25,25845,UNE,0.0,58.0,0.0,0.0,0.0,0.0,1.0
2011,25,25,25851,ÚTICA,1.0,27.0,17.0,0.0,0.0,0.0,2.0
2011,25,25,25862,VERGARA,0.0,94.0,0.0,0.0,0.0,0.0,1.0
2011,25,25,25867,VIANÍ,0.0,0.0,33.0,0.0,0.0,0.0,1.0
2011,25,25,25873,VILLAPINZÓN,0.0,132.0,0.0,0.0,0.0,0.0,1.0
2011,25,25,25875,VILLETA,0.0,643.0,21.0,0.0,0.0,0.0,2.0
2011,25,25,25878,VIOTÁ,0.0,57.0,0.0,0.0,0.0,0.0,1.0
2011,25,25,25885,YACOPÍ,0.0,0.0,0.0,25.0,0.0,0.0,1.0
2011,25,25,25899,ZIPAQUIRÁ,0.0,1152.0,3939.0,12.0,0.0,0.0,6.0
2011,27,27,27001,QUIBDÓ,0.0,615.0,0.0,0.0,0.0,0.0,1.0
2011,27,27,27001,QUIBDÓ,0.0,203.0,11660.0,219.0,34.0,0.0,9.0
2011,27,27,27006,ACANDÍ,0.0,61.0,0.0,0.0,0.0,0.0,1.0
2011,27,27,27025,ALTO BAUDÓ,0.0,48.0,0.0,0.0,0.0,0.0,1.0
2011,27,27,27150,CARMEN DEL DARIÉN,0.0,34.0,0.0,0.0,0.0,0.0,1.0
2011,27,27,27205,CONDOTO,0.0,56.0,0.0,0.0,0.0,0.0,1.0
2011,27,27,27361,ISTMINA,0.0,68.0,0.0,0.0,0.0,0.0,1.0
2011,27,27,27361,ISTMINA,0.0,0.0,553.0,0.0,0.0,0.0,1.0
2011,27,27,27615,RIOSUCIO,0.0,105.0,0.0,0.0,0.0,0.0,1.0
2011,27,27,27800,UNGUÍA,0.0,58.0,0.0,0.0,0.0,0.0,1.0
2011,41,41,41001,NEIVA,412.0,2897.0,18545.0,624.0,117.0,0.0,16.0
2011,41,41,41006,ACEVEDO,0.0,0.0,6.0,0.0,0.0,0.0,1.0
2011,41,41,41013,AGRADO,0.0,29.0,0.0,0.0,0.0,0.0,1.0
2011,41,41,41016,AIPE,0.0,84.0,0.0,0.0,0.0,0.0,1.0
2011,41,41,41020,ALGECIRAS,0.0,46.0,37.0,0.0,0.0,0.0,2.0
2011,41,41,41026,ALTAMIRA,0.0,22.0,64.0,0.0,0.0,0.0,2.0
2011,41,41,41078,BARAYA,0.0,28.0,16.0,0.0,0.0,0.0,2.0
2011,41,41,41132,CAMPOALEGRE,0.0,650.0,119.0,0.0,0.0,0.0,2.0
2011,41,41,41298,GARZÓN,1.0,801.0,469.0,22.0,0.0,0.0,3.0
2011,41,41,41306,GIGANTE,0.0,103.0,0.0,0.0,0.0,0.0,1.0
2011,41,41,41319,GUADALUPE,0.0,50.0,0.0,0.0,0.0,0.0,1.0
2011,41,41,41357,ÍQUIRA,0.0,71.0,0.0,0.0,0.0,0.0,1.0
2011,41,41,41378,LA ARGENTINA,0.0,52.0,0.0,0.0,0.0,0.0,1.0
2011,41,41,41396,LA PLATA,0.0,857.0,759.0,7.0,0.0,0.0,4.0
2011,41,41,41483,NÁTAGA,0.0,19.0,0.0,0.0,0.0,0.0,1.0
2011,41,41,41518,PAICOL,12.0,50.0,0.0,0.0,0.0,0.0,2.0
2011,41,41,41548,PITAL,0.0,34.0,0.0,0.0,0.0,0.0,1.0
2011,41,41,41551,PITALITO,0.0,1533.0,1622.0,87.0,0.0,0.0,7.0
2011,41,41,41668,SAN AGUSTÍN,0.0,0.0,31.0,0.0,0.0,0.0,1.0
2011,41,41,41676,SANTA MARÍA,0.0,60.0,0.0,0.0,0.0,0.0,1.0
2011,41,41,41770,SUAZA,0.0,73.0,0.0,0.0,0.0,0.0,1.0
2011,41,41,41791,TARQUI,0.0,88.0,0.0,0.0,0.0,0.0,1.0
2011,41,41,41797,TESALIA,0.0,41.0,0.0,0.0,0.0,0.0,1.0
2011,41,41,41801,TERUEL,0.0,42.0,0.0,0.0,0.0,0.0,1.0
2011,44,44,44001,RIOHACHA,0.0,1539.0,0.0,0.0,0.0,0.0,1.0
2011,44,44,44001,RIOHACHA,82.0,85.0,6695.0,108.0,9.0,0.0,6.0
2011,44,44,44035,ALBANIA,0.0,165.0,0.0,0.0,0.0,0.0,1.0
2011,44,44,44090,DIBULLA,0.0,10.0,0.0,0.0,0.0,0.0,1.0
2011,44,44,44098,DISTRACCIÓN,0.0,42.0,92.0,0.0,0.0,0.0,2.0
2011,44,44,44110,EL MOLINO,0.0,36.0,0.0,0.0,0.0,0.0,1.0
2011,44,44,44279,FONSECA,0.0,825.0,0.0,0.0,0.0,0.0,1.0
2011,44,44,44279,FONSECA,0.0,0.0,358.0,0.0,0.0,0.0,1.0
2011,44,44,44378,HATONUEVO,0.0,38.0,0.0,0.0,0.0,0.0,1.0
2011,44,44,44420,LA JAGUA DEL PILAR,0.0,25.0,0.0,0.0,0.0,0.0,1.0
2011,44,44,44430,MAICAO,0.0,484.0,0.0,0.0,0.0,0.0,1.0
2011,44,44,44430,MAICAO,0.0,13.0,1017.0,51.0,0.0,0.0,3.0
2011,44,44,44560,MANAURE,0.0,24.0,41.0,0.0,0.0,0.0,2.0
2011,44,44,44650,SAN JUAN DEL CESAR,552.0,169.0,200.0,0.0,0.0,0.0,3.0
2011,44,44,44847,URIBIA,0.0,40.0,102.0,0.0,0.0,0.0,2.0
2011,44,44,44855,URUMITA,0.0,134.0,0.0,0.0,0.0,0.0,1.0
2011,44,44,44874,VILLANUEVA,0.0,183.0,0.0,0.0,0.0,0.0,1.0
2011,44,44,44874,VILLANUEVA,0.0,9.0,270.0,0.0,0.0,0.0,1.0
2011,47,47,47001,SANTA MARTA,1679.0,5310.0,21176.0,774.0,115.0,0.0,11.0
2011,47,47,47030,ALGARROBO,0.0,26.0,0.0,0.0,0.0,0.0,1.0
2011,47,47,47053,ARACATACA,0.0,57.0,0.0,0.0,0.0,0.0,1.0
2011,47,47,47058,ARIGUANÍ,10.0,0.0,13.0,0.0,0.0,0.0,2.0
2011,47,47,47161,CERRO DE SAN ANTONIO,0.0,0.0,0.0,24.0,0.0,0.0,1.0
2011,47,47,47189,CIÉNAGA,509.0,225.0,233.0,0.0,0.0,0.0,3.0
2011,47,47,47245,EL BANCO,39.0,173.0,71.0,53.0,0.0,0.0,5.0
2011,47,47,47268,EL RETÉN,0.0,0.0,0.0,29.0,0.0,0.0,1.0
2011,47,47,47288,FUNDACIÓN,0.0,355.0,0.0,0.0,0.0,0.0,1.0
2011,47,47,47288,FUNDACIÓN,0.0,0.0,42.0,23.0,0.0,0.0,2.0
2011,47,47,47318,GUAMAL,0.0,34.0,0.0,22.0,0.0,0.0,2.0
2011,47,47,47545,PIJIÑO DEL CARMEN,0.0,0.0,0.0,21.0,0.0,0.0,1.0
2011,47,47,47551,PIVIJAY,0.0,43.0,0.0,0.0,0.0,0.0,1.0
2011,47,47,47551,PIVIJAY,0.0,0.0,5.0,57.0,0.0,0.0,3.0
2011,47,47,47555,PLATO,0.0,131.0,0.0,0.0,0.0,0.0,1.0
2011,47,47,47555,PLATO,8.0,82.0,95.0,29.0,0.0,0.0,4.0
2011,47,47,47570,PUEBLOVIEJO,0.0,27.0,0.0,0.0,0.0,0.0,1.0
2011,47,47,47692,SAN SEBASTIÁN DE BUENAVISTA,0.0,0.0,54.0,32.0,0.0,0.0,2.0
2011,47,47,47980,ZONA BANANERA,0.0,123.0,0.0,0.0,0.0,0.0,1.0
2011,5,5,5001,MEDELLÍN,1375.0,66460.0,120812.0,8383.0,3896.0,696.0,43.0
2011,5,5,5002,ABEJORRAL,0.0,51.0,0.0,0.0,0.0,0.0,1.0
2011,5,5,5030,AMAGÁ,0.0,150.0,0.0,0.0,0.0,0.0,1.0
2011,5,5,5031,AMALFI,0.0,277.0,121.0,0.0,0.0,0.0,3.0
2011,5,5,5034,ANDES,63.0,316.0,417.0,0.0,0.0,0.0,3.0
2011,5,5,5040,ANORÍ,0.0,191.0,15.0,0.0,0.0,0.0,2.0
2011,5,5,5042,SANTA FÉ DE ANTIOQUIA,0.0,582.0,185.0,0.0,0.0,0.0,3.0
2011,5,5,5044,ANZÁ,0.0,33.0,0.0,0.0,0.0,0.0,1.0
2011,5,5,5045,APARTADÓ,124.0,4907.0,1354.0,28.0,0.0,0.0,12.0
2011,5,5,5051,ARBOLETES,21.0,454.0,0.0,0.0,0.0,0.0,1.0
2011,5,5,5051,ARBOLETES,0.0,0.0,0.0,36.0,0.0,0.0,1.0
2011,5,5,5055,ARGELIA,0.0,59.0,0.0,0.0,0.0,0.0,2.0
2011,5,5,5059,ARMENIA,0.0,0.0,449.0,0.0,0.0,0.0,1.0
2011,5,5,5079,BARBOSA,0.0,680.0,0.0,0.0,0.0,0.0,1.0
2011,5,5,5086,BELMIRA,0.0,52.0,0.0,0.0,0.0,0.0,2.0
2011,5,5,5088,BELLO,524.0,3286.0,2383.0,39.0,0.0,0.0,9.0
2011,5,5,5091,BETANIA,0.0,0.0,29.0,0.0,0.0,0.0,1.0
2011,5,5,5093,BETULIA,0.0,50.0,42.0,0.0,0.0,0.0,1.0
2011,5,5,5101,CIUDAD BOLÍVAR,0.0,309.0,74.0,0.0,0.0,0.0,2.0
2011,5,5,5107,BRICEÑO,0.0,43.0,0.0,0.0,0.0,0.0,1.0
2011,5,5,5120,CÁCERES,0.0,16.0,0.0,0.0,0.0,0.0,1.0
2011,5,5,5125,CAICEDO,0.0,39.0,0.0,0.0,0.0,0.0,1.0
2011,5,5,5129,CALDAS,0.0,1827.0,1269.0,28.0,0.0,0.0,2.0
2011,5,5,5134,CAMPAMENTO,0.0,83.0,0.0,0.0,0.0,0.0,1.0
2011,5,5,5138,CAÑASGORDAS,0.0,122.0,70.0,0.0,0.0,0.0,3.0
2011,5,5,5142,CARACOLÍ,0.0,86.0,0.0,0.0,0.0,0.0,1.0
2011,5,5,5147,CAREPA,0.0,351.0,0.0,0.0,0.0,0.0,1.0
2011,5,5,5148,EL CARMEN DE VIBORAL,0.0,562.0,908.0,0.0,0.0,0.0,3.0
2011,5,5,5150,CAROLINA,0.0,0.0,18.0,0.0,0.0,0.0,1.0
2011,5,5,5154,CAUCASIA,160.0,1650.0,754.0,0.0,33.0,0.0,3.0
2011,5,5,5172,CHIGORODÓ,52.0,788.0,107.0,1.0,0.0,0.0,4.0
2011,5,5,5190,CISNEROS,0.0,255.0,0.0,0.0,0.0,0.0,1.0
2011,5,5,5197,COCORNÁ,0.0,31.0,0.0,0.0,0.0,0.0,1.0
2011,5,5,5197,COCORNÁ,0.0,94.0,0.0,0.0,0.0,0.0,1.0
2011,5,5,5206,CONCEPCIÓN,0.0,79.0,0.0,0.0,0.0,0.0,2.0
2011,5,5,5209,CONCORDIA,0.0,23.0,0.0,0.0,0.0,0.0,1.0
2011,5,5,5212,COPACABANA,0.0,520.0,0.0,0.0,0.0,0.0,2.0
2011,5,5,5234,DABEIBA,0.0,67.0,44.0,0.0,0.0,0.0,2.0
2011,5,5,5237,DONMATÍAS,0.0,0.0,35.0,0.0,0.0,0.0,1.0
2011,5,5,5237,DONMATÍAS,0.0,88.0,0.0,0.0,0.0,0.0,1.0
2011,5,5,5240,EBÉJICO,0.0,34.0,5.0,0.0,0.0,0.0,2.0
2011,5,5,5250,EL BAGRE,0.0,594.0,228.0,0.0,0.0,0.0,2.0
2011,5,5,5264,ENTRERRÍOS,0.0,49.0,0.0,0.0,0.0,0.0,1.0
2011,5,5,5266,ENVIGADO,240.0,518.0,4647.0,113.0,0.0,0.0,7.0
2011,5,5,5282,FREDONIA,0.0,256.0,0.0,0.0,0.0,0.0,1.0
2011,5,5,5284,FRONTINO,0.0,252.0,81.0,0.0,0.0,0.0,3.0
2011,5,5,5308,GIRARDOTA,0.0,333.0,0.0,0.0,0.0,0.0,1.0
2011,5,5,5310,GÓMEZ PLATA,0.0,54.0,0.0,0.0,0.0,0.0,1.0
2011,5,5,5315,GUADALUPE,0.0,111.0,0.0,0.0,0.0,0.0,2.0
2011,5,5,5318,GUARNE,0.0,286.0,0.0,0.0,0.0,0.0,1.0
2011,5,5,5321,GUATAPÉ,0.0,58.0,15.0,0.0,0.0,0.0,2.0
2011,5,5,5347,HELICONIA,0.0,27.0,0.0,0.0,0.0,0.0,1.0
2011,5,5,5353,HISPANIA,0.0,28.0,25.0,0.0,0.0,0.0,1.0
2011,5,5,5360,ITAGÜÍ,3.0,4998.0,259.0,0.0,0.0,0.0,3.0
2011,5,5,5361,ITUANGO,0.0,241.0,31.0,0.0,0.0,0.0,2.0
2011,5,5,5364,JARDÍN,0.0,32.0,32.0,0.0,0.0,0.0,2.0
2011,5,5,5368,JERICÓ,0.0,90.0,19.0,21.0,0.0,0.0,3.0
2011,5,5,5376,LA CEJA,0.0,395.0,34.0,24.0,0.0,0.0,3.0
2011,5,5,5380,LA ESTRELLA,19.0,627.0,0.0,0.0,0.0,0.0,2.0
2011,5,5,5390,LA PINTADA,0.0,161.0,0.0,0.0,0.0,0.0,1.0
2011,5,5,5400,LA UNIÓN,0.0,118.0,58.0,0.0,0.0,0.0,2.0
2011,5,5,5411,LIBORINA,0.0,87.0,46.0,0.0,0.0,0.0,2.0
2011,5,5,5425,MACEO,0.0,73.0,0.0,0.0,0.0,0.0,1.0
2011,5,5,5440,MARINILLA,189.0,470.0,0.0,0.0,0.0,0.0,2.0
2011,5,5,5467,MONTEBELLO,0.0,68.0,0.0,0.0,0.0,0.0,1.0
2011,5,5,5475,MURINDÓ,0.0,61.0,0.0,0.0,0.0,0.0,1.0
2011,5,5,5480,MUTATÁ,0.0,92.0,0.0,0.0,0.0,0.0,1.0
2011,5,5,5483,NARIÑO,0.0,22.0,0.0,0.0,0.0,0.0,1.0
2011,5,5,5490,NECOCLÍ,110.0,282.0,94.0,8.0,0.0,0.0,4.0
2011,5,5,5495,NECHÍ,47.0,137.0,26.0,21.0,0.0,0.0,3.0
2011,5,5,5501,OLAYA,0.0,61.0,0.0,0.0,0.0,0.0,1.0
2011,5,5,5541,PEÑOL,0.0,130.0,0.0,0.0,0.0,0.0,2.0
2011,5,5,5543,PEQUE,0.0,69.0,27.0,0.0,0.0,0.0,2.0
2011,5,5,5576,PUEBLORRICO,0.0,31.0,0.0,0.0,0.0,0.0,1.0
2011,5,5,5579,PUERTO BERRÍO,0.0,829.0,176.0,0.0,0.0,0.0,3.0
2011,5,5,5585,PUERTO NARE,0.0,264.0,0.0,0.0,0.0,0.0,1.0
2011,5,5,5591,PUERTO TRIUNFO,0.0,173.0,23.0,0.0,0.0,0.0,2.0
2011,5,5,5604,REMEDIOS,0.0,329.0,97.0,0.0,0.0,0.0,3.0
2011,5,5,5607,RETIRO,0.0,134.0,0.0,0.0,0.0,0.0,1.0
2011,5,5,5615,RIONEGRO,188.0,2778.0,2963.0,85.0,108.0,0.0,7.0
2011,5,5,5628,SABANALARGA,0.0,11.0,0.0,0.0,0.0,0.0,1.0
2011,5,5,5631,SABANETA,0.0,409.0,2742.0,168.0,139.0,0.0,5.0
2011,5,5,5642,SALGAR,0.0,38.0,29.0,0.0,0.0,0.0,1.0
2011,5,5,5647,SAN ANDRÉS DE CUERQUÍA,0.0,109.0,25.0,0.0,0.0,0.0,2.0
2011,5,5,5649,SAN CARLOS,0.0,40.0,0.0,0.0,0.0,0.0,1.0
2011,5,5,5652,SAN FRANCISCO,0.0,29.0,0.0,0.0,0.0,0.0,1.0
2011,5,5,5656,SAN JERÓNIMO,0.0,108.0,42.0,0.0,0.0,0.0,2.0
2011,5,5,5659,SAN JUAN DE URABÁ,0.0,287.0,0.0,0.0,0.0,0.0,1.0
2011,5,5,5660,SAN LUIS,0.0,89.0,0.0,0.0,0.0,0.0,2.0
2011,5,5,5664,SAN PEDRO DE LOS MILAGROS,0.0,33.0,22.0,0.0,0.0,0.0,1.0
2011,5,5,5664,SAN PEDRO DE LOS MILAGROS,0.0,268.0,0.0,0.0,0.0,0.0,1.0
2011,5,5,5665,SAN PEDRO DE URABÁ,0.0,302.0,0.0,0.0,0.0,0.0,1.0
2011,5,5,5667,SAN RAFAEL,0.0,203.0,0.0,0.0,0.0,0.0,2.0
2011,5,5,5670,SAN ROQUE,0.0,304.0,17.0,0.0,0.0,0.0,2.0
2011,5,5,5674,SAN VICENTE FERRER,0.0,0.0,16.0,0.0,0.0,0.0,1.0
2011,5,5,5674,SAN VICENTE FERRER,0.0,74.0,0.0,0.0,0.0,0.0,1.0
2011,5,5,5679,SANTA BÁRBARA,0.0,64.0,0.0,0.0,0.0,0.0,1.0
2011,5,5,5686,SANTA ROSA DE OSOS,1.0,422.0,500.0,0.0,0.0,0.0,4.0
2011,5,5,5690,SANTO DOMINGO,32.0,77.0,0.0,0.0,0.0,0.0,2.0
2011,5,5,5697,EL SANTUARIO,0.0,140.0,21.0,0.0,0.0,0.0,2.0
2011,5,5,5736,SEGOVIA,0.0,473.0,99.0,0.0,0.0,0.0,3.0
2011,5,5,5756,SONSÓN,0.0,229.0,189.0,0.0,0.0,0.0,4.0
2011,5,5,5761,SOPETRÁN,0.0,43.0,22.0,0.0,0.0,0.0,2.0
2011,5,5,5789,TÁMESIS,0.0,27.0,25.0,0.0,0.0,0.0,2.0
2011,5,5,5790,TARAZÁ,0.0,257.0,43.0,0.0,0.0,0.0,2.0
2011,5,5,5809,TITIRIBÍ,0.0,71.0,0.0,0.0,0.0,0.0,1.0
2011,5,5,5819,TOLEDO,0.0,53.0,0.0,0.0,0.0,0.0,2.0
2011,5,5,5837,TURBO,157.0,1766.0,1468.0,71.0,0.0,0.0,7.0
2011,5,5,5842,URAMITA,0.0,46.0,0.0,0.0,0.0,0.0,2.0
2011,5,5,5847,URRAO,0.0,88.0,84.0,0.0,0.0,0.0,2.0
2011,5,5,5854,VALDIVIA,0.0,182.0,36.0,0.0,0.0,0.0,2.0
2011,5,5,5856,VALPARAÍSO,0.0,119.0,0.0,0.0,0.0,0.0,1.0
2011,5,5,5858,VEGACHÍ,0.0,172.0,25.0,0.0,0.0,0.0,2.0
2011,5,5,5861,VENECIA,0.0,79.0,0.0,0.0,0.0,0.0,2.0
2011,5,5,5873,VIGÍA DEL FUERTE,0.0,67.0,0.0,0.0,0.0,0.0,1.0
2011,5,5,5885,YALÍ,0.0,108.0,0.0,0.0,0.0,0.0,2.0
2011,5,5,5887,YARUMAL,22.0,437.0,364.0,0.0,0.0,0.0,4.0
2011,5,5,5890,YOLOMBÓ,0.0,170.0,0.0,39.0,0.0,0.0,3.0
2011,5,5,5893,YONDÓ,0.0,235.0,0.0,0.0,0.0,0.0,1.0
2011,5,5,5895,ZARAGOZA,0.0,177.0,0.0,0.0,0.0,0.0,1.0
2011,50,50,50001,VILLAVICENCIO,215.0,3134.0,16819.0,852.0,44.0,0.0,16.0
2011,50,50,50006,ACACÍAS,33.0,685.0,1513.0,15.0,0.0,0.0,4.0
2011,50,50,50110,BARRANCA DE UPÍA,0.0,76.0,0.0,0.0,0.0,0.0,1.0
2011,50,50,50150,CASTILLA LA NUEVA,0.0,51.0,56.0,0.0,0.0,0.0,4.0
2011,50,50,50226,CUMARAL,0.0,43.0,0.0,0.0,0.0,0.0,1.0
2011,50,50,50226,CUMARAL,1.0,37.0,246.0,0.0,0.0,0.0,3.0
2011,50,50,50245,EL CALVARIO,0.0,62.0,0.0,0.0,0.0,0.0,1.0
2011,50,50,50270,EL DORADO,0.0,25.0,0.0,0.0,0.0,0.0,1.0
2011,50,50,50313,GRANADA,88.0,669.0,26.0,34.0,0.0,0.0,5.0
2011,50,50,50318,GUAMAL,0.0,24.0,0.0,0.0,0.0,0.0,1.0
2011,50,50,50330,MESETAS,0.0,24.0,0.0,0.0,0.0,0.0,1.0
2011,50,50,50350,LA MACARENA,0.0,33.0,0.0,0.0,0.0,0.0,1.0
2011,50,50,50400,LEJANÍAS,0.0,21.0,0.0,0.0,0.0,0.0,1.0
2011,50,50,50450,PUERTO CONCORDIA,0.0,22.0,0.0,0.0,0.0,0.0,1.0
2011,50,50,50568,PUERTO GAITÁN,0.0,145.0,0.0,0.0,0.0,0.0,1.0
2011,50,50,50573,PUERTO LÓPEZ,0.0,204.0,75.0,0.0,0.0,0.0,3.0
2011,50,50,50590,PUERTO RICO,0.0,27.0,0.0,0.0,0.0,0.0,1.0
2011,50,50,50606,RESTREPO,0.0,0.0,25.0,0.0,0.0,0.0,1.0
2011,50,50,50683,SAN JUAN DE ARAMA,0.0,26.0,0.0,0.0,0.0,0.0,1.0
2011,50,50,50689,SAN MARTÍN,0.0,107.0,0.0,0.0,0.0,0.0,1.0
2011,50,50,50711,VISTAHERMOSA,0.0,25.0,0.0,0.0,0.0,0.0,1.0
2011,52,52,52001,PASTO,0.0,2193.0,0.0,0.0,0.0,0.0,1.0
2011,52,52,52001,PASTO,14.0,1713.0,23014.0,887.0,271.0,10.0,15.0
2011,52,52,52019,ALBÁN,0.0,19.0,103.0,56.0,0.0,0.0,2.0
2011,52,52,52022,ALDANA,0.0,24.0,0.0,0.0,0.0,0.0,1.0
2011,52,52,52079,BARBACOAS,0.0,0.0,23.0,0.0,0.0,0.0,1.0
2011,52,52,52083,BELÉN,0.0,0.0,0.0,22.0,0.0,0.0,1.0
2011,52,52,52110,BUESACO,0.0,0.0,0.0,58.0,0.0,0.0,1.0
2011,52,52,52203,COLÓN,0.0,41.0,0.0,40.0,0.0,0.0,3.0
2011,52,52,52207,CONSACÁ,0.0,0.0,0.0,24.0,0.0,0.0,1.0
2011,52,52,52210,CONTADERO,0.0,28.0,0.0,0.0,0.0,0.0,1.0
2011,52,52,52215,CÓRDOBA,0.0,87.0,0.0,0.0,0.0,0.0,1.0
2011,52,52,52224,CUASPUD CARLOSAMA,0.0,97.0,0.0,0.0,0.0,0.0,1.0
2011,52,52,52227,CUMBAL,0.0,139.0,0.0,26.0,0.0,0.0,2.0
2011,52,52,52233,CUMBITARA,0.0,20.0,0.0,0.0,0.0,0.0,1.0
2011,52,52,52250,EL CHARCO,0.0,37.0,0.0,0.0,0.0,0.0,1.0
2011,52,52,52250,EL CHARCO,0.0,0.0,15.0,21.0,0.0,0.0,2.0
2011,52,52,52258,EL TABLÓN DE GÓMEZ,0.0,11.0,42.0,0.0,0.0,0.0,1.0
2011,52,52,52260,EL TAMBO,0.0,0.0,29.0,0.0,0.0,0.0,1.0
2011,52,52,52287,FUNES,0.0,15.0,0.0,0.0,0.0,0.0,1.0
2011,52,52,52317,GUACHUCAL,0.0,66.0,0.0,0.0,0.0,0.0,1.0
2011,52,52,52320,GUAITARILLA,0.0,134.0,0.0,0.0,0.0,0.0,1.0
2011,52,52,52323,GUALMATÁN,0.0,74.0,0.0,0.0,0.0,0.0,1.0
2011,52,52,52352,ILES,0.0,31.0,0.0,0.0,0.0,0.0,1.0
2011,52,52,52356,IPIALES,88.0,968.0,824.0,0.0,0.0,0.0,6.0
2011,52,52,52378,LA CRUZ,0.0,34.0,49.0,21.0,0.0,0.0,3.0
2011,52,52,52399,LA UNIÓN,0.0,40.0,130.0,0.0,0.0,0.0,3.0
2011,52,52,52405,LEIVA,0.0,37.0,0.0,0.0,0.0,0.0,1.0
2011,52,52,52480,NARIÑO,0.0,52.0,0.0,0.0,0.0,0.0,1.0
2011,52,52,52490,OLAYA HERRERA,0.0,35.0,0.0,0.0,0.0,0.0,1.0
2011,52,52,52506,OSPINA,0.0,47.0,0.0,0.0,0.0,0.0,1.0
2011,52,52,52520,FRANCISCO PIZARRO,0.0,36.0,0.0,0.0,0.0,0.0,1.0
2011,52,52,52540,POLICARPA,0.0,0.0,28.0,0.0,0.0,0.0,1.0
2011,52,52,52560,POTOSÍ,0.0,19.0,0.0,0.0,0.0,0.0,1.0
2011,52,52,52573,PUERRES,0.0,83.0,0.0,0.0,0.0,0.0,2.0
2011,52,52,52585,PUPIALES,0.0,59.0,0.0,0.0,0.0,0.0,1.0
2011,52,52,52612,RICAURTE,0.0,0.0,50.0,0.0,0.0,0.0,1.0
2011,52,52,52678,SAMANIEGO,0.0,23.0,50.0,0.0,0.0,0.0,3.0
2011,52,52,52685,SAN BERNARDO,0.0,43.0,0.0,0.0,0.0,0.0,1.0
2011,52,52,52693,SAN PABLO,0.0,0.0,0.0,1.0,0.0,0.0,1.0
2011,52,52,52694,SAN PEDRO DE CARTAGO,0.0,0.0,0.0,27.0,0.0,0.0,1.0
2011,52,52,52720,SAPUYES,0.0,31.0,0.0,0.0,0.0,0.0,1.0
2011,52,52,52835,SAN ANDRÉS DE TUMACO,0.0,807.0,695.0,69.0,27.0,0.0,7.0
2011,52,52,52838,TÚQUERRES,0.0,347.0,0.0,0.0,0.0,0.0,1.0
2011,52,52,52838,TÚQUERRES,0.0,36.0,195.0,33.0,0.0,0.0,4.0
2011,54,54,54001,SAN JOSÉ DE CÚCUTA,20.0,3633.0,0.0,0.0,0.0,0.0,1.0
2011,54,54,54001,SAN JOSÉ DE CÚCUTA,398.0,3646.0,26858.0,637.0,164.0,0.0,15.0
2011,54,54,54003,ÁBREGO,0.0,142.0,0.0,0.0,0.0,0.0,1.0
2011,54,54,54003,ÁBREGO,0.0,0.0,61.0,25.0,0.0,0.0,2.0
2011,54,54,54051,ARBOLEDAS,0.0,28.0,0.0,0.0,0.0,0.0,1.0
2011,54,54,54099,BOCHALEMA,0.0,63.0,0.0,0.0,0.0,0.0,1.0
2011,54,54,54125,CÁCOTA,0.0,34.0,0.0,0.0,0.0,0.0,1.0
2011,54,54,54128,CÁCHIRA,0.0,39.0,0.0,0.0,0.0,0.0,1.0
2011,54,54,54172,CHINÁCOTA,0.0,116.0,0.0,0.0,0.0,0.0,1.0
2011,54,54,54174,CHITAGÁ,0.0,21.0,0.0,0.0,0.0,0.0,1.0
2011,54,54,54206,CONVENCIÓN,0.0,19.0,0.0,0.0,0.0,0.0,1.0
2011,54,54,54223,CUCUTILLA,0.0,23.0,0.0,0.0,0.0,0.0,1.0
2011,54,54,54239,DURANIA,0.0,17.0,0.0,0.0,0.0,0.0,1.0
2011,54,54,54245,EL CARMEN,0.0,111.0,0.0,0.0,0.0,0.0,1.0
2011,54,54,54250,EL TARRA,0.0,48.0,34.0,0.0,0.0,0.0,2.0
2011,54,54,54261,EL ZULIA,0.0,75.0,0.0,0.0,0.0,0.0,1.0
2011,54,54,54313,GRAMALOTE,0.0,42.0,0.0,0.0,0.0,0.0,1.0
2011,54,54,54347,HERRÁN,0.0,52.0,0.0,0.0,0.0,0.0,1.0
2011,54,54,54377,LABATECA,0.0,63.0,0.0,0.0,0.0,0.0,1.0
2011,54,54,54385,LA ESPERANZA,0.0,0.0,0.0,25.0,0.0,0.0,1.0
2011,54,54,54398,LA PLAYA,0.0,18.0,0.0,0.0,0.0,0.0,1.0
2011,54,54,54405,LOS PATIOS,0.0,130.0,0.0,0.0,0.0,0.0,1.0
2011,54,54,54418,LOURDES,0.0,26.0,0.0,0.0,0.0,0.0,1.0
2011,54,54,54480,MUTISCUA,0.0,19.0,0.0,0.0,0.0,0.0,1.0
2011,54,54,54498,OCAÑA,83.0,1402.0,4000.0,207.0,0.0,0.0,8.0
2011,54,54,54518,PAMPLONA,19.0,1603.0,9677.0,274.0,159.0,0.0,5.0
2011,54,54,54520,PAMPLONITA,0.0,44.0,0.0,0.0,0.0,0.0,1.0
2011,54,54,54553,PUERTO SANTANDER,0.0,67.0,0.0,0.0,0.0,0.0,1.0
2011,54,54,54599,RAGONVALIA,0.0,77.0,11.0,0.0,0.0,0.0,2.0
2011,54,54,54660,SALAZAR,0.0,48.0,0.0,30.0,0.0,0.0,2.0
2011,54,54,54670,SAN CALIXTO,0.0,29.0,0.0,0.0,0.0,0.0,1.0
2011,54,54,54673,SAN CAYETANO,0.0,35.0,0.0,0.0,0.0,0.0,1.0
2011,54,54,54720,SARDINATA,0.0,98.0,24.0,0.0,0.0,0.0,2.0
2011,54,54,54800,TEORAMA,0.0,16.0,0.0,0.0,0.0,0.0,1.0
2011,54,54,54810,TIBÚ,0.0,251.0,69.0,0.0,0.0,0.0,2.0
2011,54,54,54820,TOLEDO,0.0,70.0,0.0,0.0,0.0,0.0,1.0
2011,54,54,54871,VILLA CARO,0.0,18.0,0.0,0.0,0.0,0.0,1.0
2011,54,54,54874,VILLA DEL ROSARIO,396.0,266.0,3910.0,27.0,0.0,0.0,3.0
2011,63,63,63001,ARMENIA,1171.0,5372.0,17168.0,363.0,129.0,4.0,17.0
2011,63,63,63111,BUENAVISTA,0.0,19.0,0.0,0.0,0.0,0.0,1.0
2011,63,63,63130,CALARCÁ,0.0,216.0,0.0,42.0,0.0,0.0,2.0
2011,63,63,63190,CIRCASIA,0.0,65.0,297.0,0.0,0.0,0.0,2.0
2011,63,63,63212,CÓRDOBA,0.0,51.0,0.0,0.0,0.0,0.0,1.0
2011,63,63,63272,FILANDIA,0.0,51.0,0.0,0.0,0.0,0.0,1.0
2011,63,63,63302,GÉNOVA,0.0,62.0,0.0,0.0,0.0,0.0,1.0
2011,63,63,63401,LA TEBAIDA,0.0,121.0,0.0,3.0,0.0,0.0,2.0
2011,63,63,63470,MONTENEGRO,0.0,222.0,0.0,0.0,0.0,0.0,2.0
2011,63,63,63548,PIJAO,0.0,22.0,0.0,0.0,0.0,0.0,1.0
2011,63,63,63594,QUIMBAYA,0.0,188.0,169.0,0.0,0.0,0.0,2.0
2011,66,66,66001,PEREIRA,844.0,6589.0,24513.0,1123.0,960.0,46.0,17.0
2011,66,66,66045,APÍA,0.0,48.0,0.0,0.0,0.0,0.0,1.0
2011,66,66,66088,BELÉN DE UMBRÍA,0.0,78.0,0.0,0.0,0.0,0.0,1.0
2011,66,66,66170,DOSQUEBRADAS,0.0,2095.0,225.0,68.0,0.0,0.0,3.0
2011,66,66,66318,GUÁTICA,0.0,73.0,0.0,0.0,0.0,0.0,1.0
2011,66,66,66383,LA CELIA,0.0,80.0,0.0,0.0,0.0,0.0,2.0
2011,66,66,66400,LA VIRGINIA,0.0,180.0,0.0,0.0,0.0,0.0,1.0
2011,66,66,66440,MARSELLA,0.0,145.0,0.0,0.0,0.0,0.0,1.0
2011,66,66,66456,MISTRATÓ,0.0,115.0,96.0,26.0,0.0,0.0,3.0
2011,66,66,66572,PUEBLO RICO,0.0,29.0,0.0,0.0,0.0,0.0,1.0
2011,66,66,66594,QUINCHÍA,0.0,198.0,92.0,0.0,0.0,0.0,2.0
2011,66,66,66682,SANTA ROSA DE CABAL,0.0,989.0,775.0,25.0,0.0,0.0,3.0
2011,66,66,66687,SANTUARIO,0.0,18.0,0.0,0.0,0.0,0.0,1.0
2011,68,68,68001,BUCARAMANGA,2791.0,23808.0,51009.0,14297.0,1124.0,66.0,27.0
2011,68,68,68020,ALBANIA,0.0,66.0,0.0,0.0,0.0,0.0,1.0
2011,68,68,68077,BARBOSA,0.0,445.0,20.0,32.0,0.0,0.0,3.0
2011,68,68,68079,BARICHARA,21.0,103.0,0.0,0.0,0.0,0.0,1.0
2011,68,68,68081,BARRANCABERMEJA,179.0,4209.0,4160.0,221.0,0.0,0.0,12.0
2011,68,68,68147,CAPITANEJO,0.0,62.0,0.0,0.0,0.0,0.0,1.0
2011,68,68,68152,CARCASÍ,0.0,29.0,0.0,0.0,0.0,0.0,1.0
2011,68,68,68162,CERRITO,0.0,92.0,0.0,0.0,0.0,0.0,1.0
2011,68,68,68167,CHARALÁ,0.0,83.0,0.0,0.0,0.0,0.0,1.0
2011,68,68,68179,CHIPATÁ,0.0,41.0,0.0,0.0,0.0,0.0,1.0
2011,68,68,68190,CIMITARRA,0.0,158.0,0.0,0.0,0.0,0.0,2.0
2011,68,68,68207,CONCEPCIÓN,0.0,36.0,0.0,0.0,0.0,0.0,1.0
2011,68,68,68229,CURITÍ,0.0,68.0,0.0,0.0,0.0,0.0,1.0
2011,68,68,68235,EL CARMEN DE CHUCURÍ,0.0,21.0,29.0,0.0,0.0,0.0,2.0
2011,68,68,68245,EL GUACAMAYO,0.0,26.0,0.0,0.0,0.0,0.0,1.0
2011,68,68,68255,EL PLAYÓN,0.0,217.0,0.0,0.0,0.0,0.0,1.0
2011,68,68,68266,ENCISO,0.0,34.0,0.0,0.0,0.0,0.0,1.0
2011,68,68,68271,FLORIÁN,0.0,60.0,0.0,0.0,0.0,0.0,1.0
2011,68,68,68276,FLORIDABLANCA,0.0,1353.0,0.0,0.0,0.0,0.0,1.0
2011,68,68,68296,GALÁN,0.0,29.0,0.0,0.0,0.0,0.0,1.0
2011,68,68,68298,GÁMBITA,0.0,0.0,0.0,7.0,0.0,0.0,1.0
2011,68,68,68307,GIRÓN,0.0,2120.0,15.0,0.0,0.0,0.0,2.0
2011,68,68,68320,GUADALUPE,0.0,40.0,0.0,0.0,0.0,0.0,1.0
2011,68,68,68322,GUAPOTÁ,0.0,21.0,0.0,0.0,0.0,0.0,1.0
2011,68,68,68344,HATO,0.0,31.0,0.0,0.0,0.0,0.0,1.0
2011,68,68,68385,LANDÁZURI,0.0,72.0,46.0,17.0,0.0,0.0,3.0
2011,68,68,68397,LA PAZ,0.0,18.0,0.0,0.0,0.0,0.0,1.0
2011,68,68,68406,LEBRIJA,0.0,66.0,0.0,0.0,0.0,0.0,1.0
2011,68,68,68432,MÁLAGA,0.0,745.0,478.0,24.0,0.0,0.0,6.0
2011,68,68,68464,MOGOTES,0.0,103.0,0.0,0.0,0.0,0.0,1.0
2011,68,68,68500,OIBA,0.0,38.0,70.0,0.0,0.0,0.0,2.0
2011,68,68,68502,ONZAGA,0.0,21.0,0.0,0.0,0.0,0.0,1.0
2011,68,68,68522,PALMAR,0.0,19.0,0.0,0.0,0.0,0.0,1.0
2011,68,68,68524,PALMAS DEL SOCORRO,0.0,0.0,1.0,0.0,0.0,0.0,1.0
2011,68,68,68533,PÁRAMO,0.0,71.0,0.0,0.0,0.0,0.0,1.0
2011,68,68,68547,PIEDECUESTA,0.0,1105.0,91.0,0.0,0.0,0.0,2.0
2011,68,68,68572,PUENTE NACIONAL,0.0,20.0,0.0,2.0,0.0,0.0,2.0
2011,68,68,68575,PUERTO WILCHES,0.0,78.0,0.0,0.0,0.0,0.0,1.0
2011,68,68,68615,RIONEGRO,0.0,63.0,0.0,0.0,0.0,0.0,1.0
2011,68,68,68655,SABANA DE TORRES,0.0,69.0,0.0,0.0,0.0,0.0,1.0
2011,68,68,68669,SAN ANDRÉS,0.0,33.0,10.0,0.0,0.0,0.0,2.0
2011,68,68,68673,SAN BENITO,0.0,20.0,0.0,0.0,0.0,0.0,1.0
2011,68,68,68679,SAN GIL,104.0,1672.0,2130.0,90.0,0.0,0.0,8.0
2011,68,68,68689,SAN VICENTE DE CHUCURÍ,19.0,144.0,0.0,0.0,0.0,0.0,1.0
2011,68,68,68745,SIMACOTA,0.0,21.0,0.0,0.0,0.0,0.0,1.0
2011,68,68,68755,SOCORRO,0.0,582.0,961.0,222.0,0.0,0.0,3.0
2011,68,68,68770,SUAITA,0.0,28.0,0.0,0.0,0.0,0.0,1.0
2011,68,68,68773,SUCRE,0.0,19.0,0.0,0.0,0.0,0.0,1.0
2011,68,68,68780,SURATÁ,0.0,14.0,0.0,0.0,0.0,0.0,1.0
2011,68,68,68855,VALLE DE SAN JOSÉ,0.0,26.0,0.0,0.0,0.0,0.0,1.0
2011,68,68,68861,VÉLEZ,0.0,916.0,293.0,8.0,0.0,0.0,6.0
2011,68,68,68872,VILLANUEVA,23.0,76.0,0.0,0.0,0.0,0.0,1.0
2011,68,68,68895,ZAPATOCA,0.0,43.0,0.0,0.0,0.0,0.0,1.0
2011,70,70,70001,SINCELEJO,2375.0,1161.0,11208.0,855.0,0.0,0.0,13.0
2011,70,70,70215,COROZAL,0.0,109.0,0.0,0.0,0.0,0.0,1.0
2011,70,70,70215,COROZAL,0.0,109.0,859.0,30.0,1.0,0.0,2.0
2011,70,70,70221,COVEÑAS,0.0,609.0,41.0,0.0,0.0,0.0,3.0
2011,70,70,70235,GALERAS,0.0,0.0,18.0,0.0,0.0,0.0,1.0
2011,70,70,70400,LA UNIÓN,0.0,0.0,11.0,0.0,0.0,0.0,1.0
2011,70,70,70429,MAJAGUAL,0.0,0.0,0.0,18.0,0.0,0.0,1.0
2011,70,70,70523,PALMITO,0.0,0.0,41.0,0.0,0.0,0.0,2.0
2011,70,70,70670,SAMPUÉS,0.0,19.0,0.0,16.0,0.0,0.0,2.0
2011,70,70,70708,SAN MARCOS,0.0,0.0,287.0,0.0,0.0,0.0,2.0
2011,70,70,70713,SAN ONOFRE,0.0,19.0,100.0,0.0,0.0,0.0,2.0
2011,70,70,70742,SAN LUIS DE SINCÉ,0.0,0.0,218.0,0.0,0.0,0.0,2.0
2011,70,70,70820,SANTIAGO DE TOLÚ,0.0,26.0,0.0,0.0,0.0,0.0,1.0
2011,70,70,70820,SANTIAGO DE TOLÚ,80.0,0.0,0.0,0.0,0.0,0.0,1.0
2011,70,70,70823,SAN JOSÉ DE TOLUVIEJO,0.0,0.0,0.0,25.0,0.0,0.0,1.0
2011,73,73,73001,IBAGUÉ,628.0,7682.0,20677.0,346.0,169.0,0.0,16.0
2011,73,73,73024,ALPUJARRA,0.0,33.0,0.0,0.0,0.0,0.0,1.0
2011,73,73,73026,ALVARADO,0.0,18.0,0.0,0.0,0.0,0.0,1.0
2011,73,73,73030,AMBALEMA,0.0,69.0,0.0,0.0,0.0,0.0,1.0
2011,73,73,73043,ANZOÁTEGUI,0.0,82.0,0.0,0.0,0.0,0.0,1.0
2011,73,73,73055,ARMERO,0.0,147.0,0.0,0.0,0.0,0.0,1.0
2011,73,73,73067,ATACO,0.0,3.0,6.0,0.0,0.0,0.0,1.0
2011,73,73,73124,CAJAMARCA,0.0,376.0,51.0,0.0,0.0,0.0,2.0
2011,73,73,73148,CARMEN DE APICALÁ,35.0,46.0,28.0,0.0,0.0,0.0,1.0
2011,73,73,73152,CASABIANCA,0.0,37.0,10.0,0.0,0.0,0.0,2.0
2011,73,73,73168,CHAPARRAL,0.0,358.0,203.0,0.0,0.0,0.0,3.0
2011,73,73,73200,COELLO,11.0,51.0,0.0,0.0,0.0,0.0,3.0
2011,73,73,73217,COYAIMA,0.0,15.0,50.0,0.0,0.0,0.0,1.0
2011,73,73,73226,CUNDAY,0.0,50.0,0.0,0.0,0.0,0.0,1.0
2011,73,73,73236,DOLORES,0.0,38.0,0.0,0.0,0.0,0.0,1.0
2011,73,73,73268,ESPINAL,2075.0,1848.0,927.0,60.0,0.0,0.0,7.0
2011,73,73,73270,FALAN,0.0,0.0,13.0,0.0,0.0,0.0,1.0
2011,73,73,73275,FLANDES,94.0,85.0,62.0,22.0,0.0,0.0,4.0
2011,73,73,73283,FRESNO,0.0,92.0,70.0,0.0,0.0,0.0,3.0
2011,73,73,73319,GUAMO,5.0,132.0,11.0,0.0,0.0,0.0,2.0
2011,73,73,73347,HERVEO,0.0,8.0,0.0,0.0,0.0,0.0,1.0
2011,73,73,73349,HONDA,5.0,462.0,255.0,0.0,0.0,0.0,5.0
2011,73,73,73352,ICONONZO,40.0,0.0,28.0,0.0,0.0,0.0,2.0
2011,73,73,73408,LÉRIDA,0.0,431.0,88.0,0.0,0.0,0.0,4.0
2011,73,73,73411,LÍBANO,32.0,404.0,174.0,2.0,0.0,0.0,4.0
2011,73,73,73443,SAN SEBASTIÁN DE MARIQUITA,68.0,290.0,288.0,47.0,0.0,0.0,5.0
2011,73,73,73443,SAN SEBASTIÁN DE MARIQUITA,0.0,371.0,0.0,0.0,0.0,0.0,1.0
2011,73,73,73449,MELGAR,0.0,392.0,221.0,0.0,0.0,0.0,2.0
2011,73,73,73461,MURILLO,0.0,4.0,0.0,0.0,0.0,0.0,1.0
2011,73,73,73483,NATAGAIMA,0.0,0.0,1.0,0.0,0.0,0.0,1.0
2011,73,73,73504,ORTEGA,0.0,82.0,24.0,0.0,0.0,0.0,3.0
2011,73,73,73520,PALOCABILDO,0.0,73.0,0.0,0.0,0.0,0.0,1.0
2011,73,73,73555,PLANADAS,0.0,242.0,17.0,0.0,0.0,0.0,2.0
2011,73,73,73585,PURIFICACIÓN,49.0,154.0,61.0,0.0,0.0,0.0,4.0
2011,73,73,73616,RIOBLANCO,0.0,48.0,24.0,0.0,0.0,0.0,2.0
2011,73,73,73671,SALDAÑA,0.0,88.0,0.0,0.0,0.0,0.0,1.0
2011,73,73,73675,SAN ANTONIO,0.0,31.0,15.0,0.0,0.0,0.0,2.0
2011,73,73,73678,SAN LUIS,0.0,6.0,11.0,0.0,0.0,0.0,1.0
2011,73,73,73686,SANTA ISABEL,0.0,7.0,8.0,0.0,0.0,0.0,1.0
2011,73,73,73854,VALLE DE SAN JUAN,0.0,15.0,0.0,0.0,0.0,0.0,1.0
2011,73,73,73861,VENADILLO,0.0,159.0,27.0,0.0,0.0,0.0,2.0
2011,73,73,73870,VILLAHERMOSA,0.0,0.0,20.0,0.0,0.0,0.0,1.0
2011,73,73,73873,VILLARRICA,0.0,34.0,0.0,0.0,0.0,0.0,1.0
2011,76,76,76001,CALI,5177.0,23872.0,66822.0,2900.0,3508.0,277.0,44.0
2011,76,76,76020,ALCALÁ,0.0,107.0,0.0,0.0,0.0,0.0,1.0
2011,76,76,76036,ANDALUCÍA,0.0,87.0,0.0,0.0,0.0,0.0,1.0
2011,76,76,76041,ANSERMANUEVO,0.0,78.0,0.0,0.0,0.0,0.0,1.0
2011,76,76,76054,ARGELIA,0.0,75.0,0.0,0.0,0.0,0.0,1.0
2011,76,76,76100,BOLÍVAR,0.0,45.0,0.0,0.0,0.0,0.0,1.0
2011,76,76,76109,BUENAVENTURA,332.0,2344.0,2618.0,8.0,0.0,0.0,9.0
2011,76,76,76111,GUADALAJARA DE BUGA,0.0,3182.0,1675.0,78.0,0.0,0.0,5.0
2011,76,76,76113,BUGALAGRANDE,0.0,345.0,0.0,0.0,0.0,0.0,1.0
2011,76,76,76122,CAICEDONIA,0.0,206.0,249.0,0.0,0.0,0.0,2.0
2011,76,76,76126,CALIMA,0.0,182.0,0.0,0.0,0.0,0.0,1.0
2011,76,76,76130,CANDELARIA,0.0,37.0,0.0,0.0,0.0,0.0,1.0
2011,76,76,76147,CARTAGO,0.0,2103.0,1361.0,24.0,0.0,0.0,8.0
2011,76,76,76233,DAGUA,0.0,432.0,0.0,0.0,0.0,0.0,1.0
2011,76,76,76243,EL ÁGUILA,0.0,53.0,0.0,0.0,0.0,0.0,1.0
2011,76,76,76248,EL CERRITO,0.0,133.0,0.0,0.0,0.0,0.0,1.0
2011,76,76,76250,EL DOVIO,61.0,20.0,0.0,0.0,0.0,0.0,2.0
2011,76,76,76275,FLORIDA,0.0,148.0,171.0,0.0,0.0,0.0,2.0
2011,76,76,76306,GINEBRA,0.0,224.0,0.0,0.0,0.0,0.0,1.0
2011,76,76,76318,GUACARÍ,0.0,203.0,0.0,28.0,0.0,0.0,2.0
2011,76,76,76364,JAMUNDÍ,3.0,534.0,232.0,50.0,0.0,0.0,3.0
2011,76,76,76377,LA CUMBRE,0.0,71.0,0.0,0.0,0.0,0.0,1.0
2011,76,76,76400,LA UNIÓN,0.0,366.0,93.0,44.0,0.0,0.0,3.0
2011,76,76,76403,LA VICTORIA,0.0,55.0,0.0,0.0,0.0,0.0,1.0
2011,76,76,76497,OBANDO,0.0,19.0,0.0,0.0,0.0,0.0,1.0
2011,76,76,76520,PALMIRA,501.0,2974.0,9610.0,120.0,203.0,71.0,12.0
2011,76,76,76563,PRADERA,0.0,163.0,0.0,0.0,0.0,0.0,1.0
2011,76,76,76606,RESTREPO,0.0,44.0,0.0,0.0,0.0,0.0,1.0
2011,76,76,76616,RIOFRÍO,0.0,237.0,0.0,0.0,0.0,0.0,1.0
2011,76,76,76622,ROLDANILLO,646.0,425.0,488.0,9.0,0.0,0.0,7.0
2011,76,76,76670,SAN PEDRO,0.0,62.0,0.0,0.0,0.0,0.0,1.0
2011,76,76,76736,SEVILLA,0.0,168.0,43.0,0.0,0.0,0.0,2.0
2011,76,76,76823,TORO,0.0,49.0,0.0,0.0,0.0,0.0,1.0
2011,76,76,76828,TRUJILLO,0.0,131.0,0.0,0.0,0.0,0.0,1.0
2011,76,76,76834,TULUÁ,3.0,3017.0,5222.0,52.0,33.0,0.0,6.0
2011,76,76,76845,ULLOA,0.0,31.0,0.0,0.0,0.0,0.0,1.0
2011,76,76,76863,VERSALLES,0.0,149.0,0.0,0.0,0.0,0.0,1.0
2011,76,76,76892,YUMBO,0.0,865.0,298.0,26.0,0.0,0.0,4.0
2011,76,76,76895,ZARZAL,0.0,536.0,767.0,0.0,0.0,0.0,2.0
2011,8,8,8001,BARRANQUILLA,2403.0,14053.0,65113.0,2711.0,986.0,47.0,31.0
2011,8,8,8078,BARANOA,0.0,135.0,0.0,23.0,0.0,0.0,2.0
2011,8,8,8141,CANDELARIA,0.0,0.0,0.0,25.0,0.0,0.0,1.0
2011,8,8,8296,GALAPA,0.0,92.0,0.0,56.0,0.0,0.0,2.0
2011,8,8,8372,JUAN DE ACOSTA,0.0,0.0,0.0,29.0,0.0,0.0,1.0
2011,8,8,8421,LURUACO,0.0,41.0,0.0,0.0,0.0,0.0,1.0
2011,8,8,8433,MALAMBO,0.0,143.0,0.0,26.0,0.0,0.0,2.0
2011,8,8,8436,MANATÍ,0.0,0.0,0.0,25.0,0.0,0.0,1.0
2011,8,8,8520,PALMAR DE VARELA,0.0,107.0,0.0,0.0,0.0,0.0,1.0
2011,8,8,8558,POLONUEVO,0.0,78.0,0.0,17.0,0.0,0.0,2.0
2011,8,8,8560,PONEDERA,0.0,46.0,0.0,0.0,0.0,0.0,1.0
2011,8,8,8573,PUERTO COLOMBIA,0.0,164.0,302.0,53.0,0.0,0.0,3.0
2011,8,8,8606,REPELÓN,0.0,50.0,0.0,0.0,0.0,0.0,1.0
2011,8,8,8634,SABANAGRANDE,0.0,62.0,0.0,0.0,0.0,0.0,1.0
2011,8,8,8638,SABANALARGA,0.0,349.0,30.0,65.0,0.0,0.0,3.0
2011,8,8,8685,SANTO TOMÁS,0.0,89.0,0.0,47.0,0.0,0.0,2.0
2011,8,8,8758,SOLEDAD,1672.0,700.0,96.0,119.0,0.0,0.0,4.0
2011,8,8,8770,SUAN,0.0,102.0,0.0,0.0,0.0,0.0,1.0
2011,81,81,81001,ARAUCA,56.0,634.0,1978.0,0.0,0.0,0.0,6.0
2011,81,81,81065,ARAUQUITA,0.0,107.0,0.0,23.0,0.0,0.0,2.0
2011,81,81,81220,CRAVO NORTE,0.0,47.0,29.0,0.0,0.0,0.0,2.0
2011,81,81,81300,FORTUL,0.0,24.0,0.0,0.0,0.0,0.0,1.0
2011,81,81,81591,PUERTO RONDÓN,11.0,8.0,1.0,13.0,0.0,0.0,1.0
2011,81,81,81736,SARAVENA,17.0,130.0,267.0,0.0,0.0,0.0,7.0
2011,81,81,81794,TAME,0.0,209.0,0.0,0.0,0.0,0.0,1.0
2011,81,81,81794,TAME,9.0,52.0,36.0,2.0,0.0,0.0,2.0
2011,85,85,85001,YOPAL,14.0,1774.0,5870.0,28.0,0.0,0.0,11.0
2011,85,85,85010,AGUAZUL,18.0,73.0,30.0,22.0,0.0,0.0,3.0
2011,85,85,85139,MANÍ,0.0,69.0,0.0,0.0,0.0,0.0,2.0
2011,85,85,85162,MONTERREY,0.0,152.0,212.0,0.0,0.0,0.0,3.0
2011,85,85,85230,OROCUÉ,0.0,59.0,0.0,0.0,0.0,0.0,1.0
2011,85,85,85250,PAZ DE ARIPORO,16.0,27.0,284.0,0.0,0.0,0.0,3.0
2011,85,85,85400,TÁMARA,0.0,17.0,0.0,0.0,0.0,0.0,1.0
2011,85,85,85410,TAURAMENA,0.0,179.0,43.0,0.0,0.0,0.0,2.0
2011,85,85,85440,VILLANUEVA,16.0,181.0,192.0,0.0,0.0,0.0,3.0
2011,86,86,86001,MOCOA,0.0,533.0,0.0,0.0,0.0,0.0,1.0
2011,86,86,86001,MOCOA,0.0,940.0,541.0,38.0,0.0,0.0,5.0
2011,86,86,86219,COLÓN,0.0,34.0,0.0,0.0,0.0,0.0,1.0
2011,86,86,86320,ORITO,0.0,284.0,0.0,32.0,0.0,0.0,2.0
2011,86,86,86568,PUERTO ASÍS,0.0,416.0,0.0,0.0,0.0,0.0,1.0
2011,86,86,86568,PUERTO ASÍS,0.0,45.0,376.0,22.0,0.0,0.0,4.0
2011,86,86,86569,PUERTO CAICEDO,0.0,34.0,0.0,0.0,0.0,0.0,1.0
2011,86,86,86571,PUERTO GUZMÁN,0.0,74.0,0.0,0.0,0.0,0.0,1.0
2011,86,86,86573,PUERTO LEGUÍZAMO,0.0,82.0,0.0,0.0,0.0,0.0,1.0
2011,86,86,86749,SIBUNDOY,0.0,280.0,12.0,0.0,0.0,0.0,2.0
2011,86,86,86755,SAN FRANCISCO,0.0,59.0,59.0,0.0,0.0,0.0,3.0
2011,86,86,86757,SAN MIGUEL,0.0,69.0,0.0,0.0,0.0,0.0,1.0
2011,86,86,86760,SANTIAGO,0.0,45.0,0.0,0.0,0.0,0.0,1.0
2011,86,86,86865,VALLE DEL GUAMUEZ,0.0,123.0,0.0,0.0,0.0,0.0,1.0
2011,86,86,86865,VALLE DEL GUAMUEZ,0.0,62.0,190.0,0.0,0.0,0.0,2.0
2011,86,86,86885,VILLAGARZÓN,0.0,82.0,0.0,0.0,0.0,0.0,1.0
2011,88,88,88001,SAN ANDRÉS,104.0,849.0,16.0,0.0,14.0,3.0,4.0
2011,88,88,88564,PROVIDENCIA,0.0,85.0,0.0,0.0,0.0,0.0,1.0
2011,91,91,91001,LETICIA,0.0,665.0,307.0,27.0,27.0,0.0,7.0
2011,94,94,94001,INÍRIDA,4.0,360.0,173.0,24.0,0.0,0.0,6.0
2011,95,95,95001,SAN JOSÉ DEL GUAVIARE,0.0,817.0,419.0,8.0,0.0,0.0,6.0
2011,95,95,95015,CALAMAR,0.0,67.0,0.0,0.0,0.0,0.0,1.0
2011,95,95,95025,EL RETORNO,0.0,56.0,0.0,0.0,0.0,0.0,1.0
2011,97,97,97001,MITÚ,0.0,211.0,19.0,0.0,0.0,0.0,2.0
2011,99,99,99001,PUERTO CARREÑO,15.0,358.0,121.0,34.0,0.0,0.0,6.0
2011,99,99,99524,LA PRIMAVERA,0.0,55.0,4.0,0.0,0.0,0.0,2.0
2011,99,99,99773,CUMARIBO,0.0,38.0,0.0,0.0,0.0,0.0,1.0
2012,-,-,-,NO IDENTIFICADO,0.0,139.0,65.0,0.0,0.0,0.0,2.0
2012,11,11,11001,BOGOTÁ D.C.,46763.0,129516.5,381539.3,29105.0,15819.0,1538.0,121.0
2012,13,13,13001,CARTAGENA DE INDIAS,2230.0,22398.0,34145.7,1134.1,87.0,42.0,30.0
2012,13,13,13006,ACHÍ,53.0,0.0,54.0,0.0,0.0,0.0,1.0
2012,13,13,13030,ALTOS DEL ROSARIO,0.0,49.0,0.0,0.0,0.0,0.0,1.0
2012,13,13,13052,ARJONA,0.0,40.0,1.0,0.0,0.0,0.0,2.0
2012,13,13,13062,ARROYOHONDO,0.0,52.0,0.0,0.0,0.0,0.0,1.0
2012,13,13,13074,BARRANCO DE LOBA,0.0,12.0,0.0,0.0,0.0,0.0,1.0
2012,13,13,13160,CANTAGALLO,0.0,41.0,0.0,0.0,0.0,0.0,1.0
2012,13,13,13188,CICUCO,0.0,13.0,0.0,0.0,0.0,0.0,1.0
2012,13,13,13212,CÓRDOBA,0.0,49.0,0.0,0.0,0.0,0.0,1.0
2012,13,13,13244,EL CARMEN DE BOLÍVAR,0.0,178.0,577.0,0.0,0.0,0.0,4.0
2012,13,13,13248,EL GUAMO,0.0,35.0,0.0,0.0,0.0,0.0,1.0
2012,13,13,13268,EL PEÑÓN,0.0,10.0,0.0,0.0,0.0,0.0,1.0
2012,13,13,13300,HATILLO DE LOBA,0.0,9.0,0.0,0.0,0.0,0.0,1.0
2012,13,13,13430,MAGANGUÉ,55.0,254.0,1004.0,0.0,0.0,0.0,6.0
2012,13,13,13433,MAHATES,0.0,49.0,0.0,0.0,0.0,0.0,1.0
2012,13,13,13442,MARÍA LA BAJA,0.0,118.0,133.0,0.0,0.0,0.0,3.0
2012,13,13,13458,MONTECRISTO,0.0,0.0,9.0,0.0,0.0,0.0,1.0
2012,13,13,13468,SANTA CRUZ DE MOMPOX,0.0,226.0,138.0,0.0,0.0,0.0,2.0
2012,13,13,13473,MORALES,0.0,104.0,0.0,0.0,0.0,0.0,1.0
2012,13,13,13549,PINILLOS,0.0,42.0,0.0,0.0,0.0,0.0,1.0
2012,13,13,13600,RÍO VIEJO,0.0,30.0,0.0,0.0,0.0,0.0,1.0
2012,13,13,13647,SAN ESTANISLAO,0.0,0.0,91.0,0.0,0.0,0.0,2.0
2012,13,13,13650,SAN FERNANDO,0.0,0.0,1.0,0.0,0.0,0.0,1.0
2012,13,13,13654,SAN JACINTO,0.0,129.0,0.0,23.0,0.0,0.0,2.0
2012,13,13,13657,SAN JUAN NEPOMUCENO,34.0,68.0,226.0,0.0,0.0,0.0,2.0
2012,13,13,13667,SAN MARTÍN DE LOBA,0.0,39.0,0.0,0.0,0.0,0.0,1.0
2012,13,13,13667,SAN MARTÍN DE LOBA,0.0,0.0,0.0,24.0,0.0,0.0,1.0
2012,13,13,13670,SAN PABLO,0.0,94.0,0.0,0.0,0.0,0.0,1.0
2012,13,13,13670,SAN PABLO,0.0,0.0,20.0,0.0,0.0,0.0,1.0
2012,13,13,13673,SANTA CATALINA,0.0,24.0,0.0,0.0,0.0,0.0,1.0
2012,13,13,13683,SANTA ROSA,0.0,0.0,27.0,0.0,0.0,0.0,1.0
2012,13,13,13688,SANTA ROSA DEL SUR,0.0,99.0,69.0,0.0,0.0,0.0,4.0
2012,13,13,13744,SIMITÍ,0.0,48.0,12.0,0.0,0.0,0.0,2.0
2012,13,13,13780,TALAIGUA NUEVO,0.0,53.0,0.0,0.0,0.0,0.0,1.0
2012,13,13,13836,TURBACO,8.0,73.0,936.0,0.0,0.0,0.0,3.0
2012,13,13,13838,TURBANÁ,0.0,18.0,0.0,0.0,0.0,0.0,1.0
2012,13,13,13873,VILLANUEVA,0.0,85.0,0.0,19.0,0.0,0.0,2.0
2012,13,13,13894,ZAMBRANO,0.0,24.0,0.0,0.0,0.0,0.0,1.0
2012,15,15,15001,TUNJA,21.0,2919.0,24422.0,3668.0,697.0,84.0,14.0
2012,15,15,15047,AQUITANIA,0.0,99.0,0.0,0.0,0.0,0.0,1.0
2012,15,15,15087,BELÉN,0.0,38.0,0.0,0.0,0.0,0.0,1.0
2012,15,15,15097,BOAVITA,0.0,32.0,89.0,0.0,0.0,0.0,2.0
2012,15,15,15109,BUENAVISTA,0.0,30.0,0.0,0.0,0.0,0.0,1.0
2012,15,15,15131,CALDAS,0.0,7.0,29.0,0.0,0.0,0.0,2.0
2012,15,15,15162,CERINZA,0.0,0.0,19.0,0.0,0.0,0.0,1.0
2012,15,15,15176,CHIQUINQUIRÁ,17.0,479.0,2091.0,4.0,26.0,0.0,7.0
2012,15,15,15180,CHISCAS,0.0,43.0,18.0,0.0,0.0,0.0,3.0
2012,15,15,15183,CHITA,0.0,35.0,0.0,0.0,0.0,0.0,1.0
2012,15,15,15204,CÓMBITA,0.0,27.0,0.0,0.0,0.0,0.0,1.0
2012,15,15,15212,COPER,0.0,45.0,0.0,0.0,0.0,0.0,1.0
2012,15,15,15215,CORRALES,0.0,38.0,0.0,0.0,0.0,0.0,1.0
2012,15,15,15223,CUBARÁ,0.0,58.0,143.0,1.0,0.0,0.0,2.0
2012,15,15,15236,CHIVOR,0.0,41.0,0.0,0.0,0.0,0.0,1.0
2012,15,15,15238,DUITAMA,3.0,1564.0,4960.0,165.0,1.0,0.0,8.0
2012,15,15,15244,EL COCUY,0.0,26.0,0.0,0.0,0.0,0.0,1.0
2012,15,15,15276,FLORESTA,0.0,23.0,0.0,0.0,0.0,0.0,1.0
2012,15,15,15293,GACHANTIVÁ,0.0,34.0,0.0,0.0,0.0,0.0,1.0
2012,15,15,15296,GÁMEZA,0.0,0.0,1.0,0.0,0.0,0.0,1.0
2012,15,15,15299,GARAGOA,0.0,237.0,233.0,0.0,1.0,0.0,5.0
2012,15,15,15322,GUATEQUE,0.0,52.0,59.0,0.0,0.0,0.0,3.0
2012,15,15,15325,GUAYATÁ,0.0,18.0,0.0,0.0,0.0,0.0,1.0
2012,15,15,15332,GÜICÁN DE LA SIERRA,0.0,61.0,0.0,0.0,0.0,0.0,1.0
2012,15,15,15332,GÜICÁN DE LA SIERRA,0.0,5.0,48.0,0.0,0.0,0.0,2.0
2012,15,15,15368,JERICÓ,0.0,0.0,1.0,0.0,0.0,0.0,1.0
2012,15,15,15377,LABRANZAGRANDE,0.0,27.0,0.0,0.0,0.0,0.0,1.0
2012,15,15,15425,MACANAL,0.0,28.0,0.0,0.0,0.0,0.0,1.0
2012,15,15,15442,MARIPÍ,0.0,0.0,1.0,0.0,0.0,0.0,1.0
2012,15,15,15455,MIRAFLORES,0.0,52.0,0.0,0.0,0.0,0.0,1.0
2012,15,15,15464,MONGUA,0.0,0.0,1.0,0.0,0.0,0.0,1.0
2012,15,15,15469,MONIQUIRÁ,55.0,80.0,243.0,0.0,0.0,0.0,6.0
2012,15,15,15480,MUZO,0.0,70.0,2.0,0.0,0.0,0.0,2.0
2012,15,15,15491,NOBSA,0.0,226.0,0.0,0.0,0.0,0.0,1.0
2012,15,15,15507,OTANCHE,0.0,49.0,0.0,0.0,0.0,0.0,1.0
2012,15,15,15516,PAIPA,0.0,414.0,1.0,0.0,0.0,0.0,2.0
2012,15,15,15531,PAUNA,0.0,34.0,0.0,0.0,0.0,0.0,1.0
2012,15,15,15533,PAYA,0.0,22.0,0.0,0.0,0.0,0.0,1.0
2012,15,15,15537,PAZ DE RÍO,0.0,25.0,1.0,0.0,0.0,0.0,3.0
2012,15,15,15542,PESCA,0.0,0.0,2.0,0.0,0.0,0.0,1.0
2012,15,15,15550,PISBA,0.0,0.0,1.0,0.0,0.0,0.0,1.0
2012,15,15,15572,PUERTO BOYACÁ,0.0,524.0,23.0,0.0,0.0,0.0,4.0
2012,15,15,15580,QUÍPAMA,0.0,32.0,0.0,0.0,0.0,0.0,1.0
2012,15,15,15599,RAMIRIQUÍ,0.0,33.0,0.0,0.0,0.0,0.0,1.0
2012,15,15,15621,RONDÓN,0.0,66.0,0.0,0.0,0.0,0.0,1.0
2012,15,15,15646,SAMACÁ,0.0,280.0,19.0,0.0,0.0,0.0,4.0
2012,15,15,15667,SAN LUIS DE GACENO,0.0,73.0,0.0,0.0,0.0,0.0,1.0
2012,15,15,15676,SAN MIGUEL DE SEMA,0.0,29.0,0.0,0.0,0.0,0.0,1.0
2012,15,15,15693,SANTA ROSA DE VITERBO,0.0,59.0,0.0,0.0,0.0,0.0,1.0
2012,15,15,15720,SATIVANORTE,0.0,40.0,0.0,0.0,0.0,0.0,1.0
2012,15,15,15753,SOATÁ,0.0,168.0,204.0,1.0,0.0,0.0,3.0
2012,15,15,15757,SOCHA,0.0,64.0,130.0,0.0,0.0,0.0,3.0
2012,15,15,15759,SOGAMOSO,34.0,4270.0,5105.0,518.0,1.0,0.0,8.0
2012,15,15,15764,SORACÁ,0.0,44.0,0.0,0.0,0.0,0.0,1.0
2012,15,15,15774,SUSACÓN,0.0,14.0,0.0,0.0,0.0,0.0,1.0
2012,15,15,15776,SUTAMARCHÁN,0.0,29.0,0.0,0.0,0.0,0.0,1.0
2012,15,15,15778,SUTATENZA,0.0,0.0,105.0,0.0,0.0,0.0,1.0
2012,15,15,15798,TENZA,0.0,0.0,93.0,0.0,0.0,0.0,1.0
2012,15,15,15806,TIBASOSA,0.0,0.0,1.0,0.0,0.0,0.0,1.0
2012,15,15,15820,TÓPAGA,0.0,0.0,1.0,0.0,0.0,0.0,1.0
2012,15,15,15832,TUNUNGUÁ,0.0,25.0,0.0,0.0,0.0,0.0,1.0
2012,15,15,15837,TUTA,0.0,30.0,3.0,0.0,0.0,0.0,2.0
2012,15,15,15861,VENTAQUEMADA,0.0,16.0,0.0,0.0,0.0,0.0,1.0
2012,15,15,15897,ZETAQUIRA,0.0,26.0,0.0,0.0,0.0,0.0,1.0
2012,17,17,17001,MANIZALES,98.0,6758.0,23827.0,1035.0,2116.0,124.0,13.0
2012,17,17,17013,AGUADAS,27.0,117.0,6.0,0.0,0.0,0.0,2.0
2012,17,17,17042,ANSERMA,24.0,138.0,2.0,38.0,0.0,0.0,4.0
2012,17,17,17050,ARANZAZU,0.0,0.0,1.0,0.0,0.0,0.0,1.0
2012,17,17,17088,BELALCÁZAR,0.0,39.0,0.0,0.0,0.0,0.0,1.0
2012,17,17,17174,CHINCHINÁ,0.0,467.0,195.0,0.0,0.0,0.0,3.0
2012,17,17,17272,FILADELFIA,0.0,18.0,23.0,0.0,0.0,0.0,2.0
2012,17,17,17380,LA DORADA,0.0,1380.0,706.0,7.0,1.0,0.0,5.0
2012,17,17,17388,LA MERCED,36.0,28.0,0.0,0.0,0.0,0.0,2.0
2012,17,17,17433,MANZANARES,54.0,60.0,1.0,0.0,0.0,0.0,4.0
2012,17,17,17442,MARMATO,0.0,111.0,0.0,0.0,0.0,0.0,1.0
2012,17,17,17444,MARQUETALIA,26.0,28.0,6.0,0.0,0.0,0.0,3.0
2012,17,17,17446,MARULANDA,0.0,28.0,0.0,0.0,0.0,0.0,1.0
2012,17,17,17486,NEIRA,0.0,135.0,39.0,0.0,0.0,0.0,3.0
2012,17,17,17495,NORCASIA,0.0,104.0,0.0,0.0,0.0,0.0,1.0
2012,17,17,17513,PÁCORA,24.0,33.0,17.0,0.0,0.0,0.0,4.0
2012,17,17,17524,PALESTINA,0.0,74.0,1.0,0.0,0.0,0.0,2.0
2012,17,17,17541,PENSILVANIA,118.0,91.0,2.0,0.0,0.0,0.0,3.0
2012,17,17,17614,RIOSUCIO,33.0,375.0,42.0,0.0,0.0,0.0,5.0
2012,17,17,17616,RISARALDA,34.0,54.0,0.0,0.0,0.0,0.0,2.0
2012,17,17,17653,SALAMINA,58.0,29.0,1.0,0.0,0.0,0.0,3.0
2012,17,17,17662,SAMANÁ,0.0,108.0,0.0,0.0,0.0,0.0,1.0
2012,17,17,17662,SAMANÁ,0.0,0.0,1.0,0.0,0.0,0.0,1.0
2012,17,17,17665,SAN JOSÉ,0.0,25.0,0.0,0.0,0.0,0.0,1.0
2012,17,17,17777,SUPÍA,0.0,45.0,0.0,0.0,0.0,0.0,1.0
2012,17,17,17867,VICTORIA,0.0,109.0,0.0,0.0,0.0,0.0,1.0
2012,17,17,17873,VILLAMARÍA,0.0,37.0,0.0,0.0,0.0,0.0,1.0
2012,17,17,17877,VITERBO,0.0,109.0,0.0,0.0,0.0,0.0,1.0
2012,18,18,18001,FLORENCIA,18.0,861.0,7787.0,172.0,132.0,0.0,7.0
2012,18,18,18029,ALBANIA,24.0,10.0,9.0,0.0,0.0,0.0,1.0
2012,18,18,18094,BELÉN DE LOS ANDAQUÍES,0.0,37.0,19.0,0.0,0.0,0.0,2.0
2012,18,18,18150,CARTAGENA DEL CHAIRÁ,8.0,1.0,13.0,0.0,0.0,0.0,2.0
2012,18,18,18247,EL DONCELLO,31.0,43.0,62.0,0.0,0.0,0.0,4.0
2012,18,18,18256,EL PAUJÍL,0.0,0.0,23.0,0.0,0.0,0.0,1.0
2012,18,18,18410,LA MONTAÑITA,0.0,0.0,1.0,0.0,0.0,0.0,1.0
2012,18,18,18592,PUERTO RICO,0.0,38.0,0.0,0.0,0.0,0.0,1.0
2012,18,18,18753,SAN VICENTE DEL CAGUÁN,47.0,128.0,194.0,2.0,0.0,0.0,5.0
2012,18,18,18756,SOLANO,0.0,19.0,0.0,0.0,0.0,0.0,1.0
2012,19,19,19001,POPAYÁN,41.0,5784.0,19252.0,323.0,32.0,0.0,16.0
2012,19,19,19050,ARGELIA,0.0,22.0,0.0,0.0,0.0,0.0,1.0
2012,19,19,19075,BALBOA,0.0,40.0,0.0,0.0,0.0,0.0,1.0
2012,19,19,19100,BOLÍVAR,0.0,94.0,0.0,0.0,0.0,0.0,1.0
2012,19,19,19110,BUENOS AIRES,0.0,0.0,4.0,0.0,0.0,0.0,1.0
2012,19,19,19130,CAJIBÍO,0.0,95.0,0.0,0.0,0.0,0.0,1.0
2012,19,19,19137,CALDONO,0.0,91.0,0.0,0.0,0.0,0.0,1.0
2012,19,19,19142,CALOTO,0.0,162.0,0.0,0.0,0.0,0.0,1.0
2012,19,19,19212,CORINTO,0.0,61.0,0.0,0.0,0.0,0.0,1.0
2012,19,19,19256,EL TAMBO,0.0,51.0,0.0,0.0,0.0,0.0,1.0
2012,19,19,19300,GUACHENÉ,0.0,112.0,0.0,0.0,0.0,0.0,1.0
2012,19,19,19318,GUAPI,0.0,73.0,1.0,0.0,0.0,0.0,2.0
2012,19,19,19355,INZÁ,0.0,87.0,1.0,0.0,0.0,0.0,2.0
2012,19,19,19392,LA SIERRA,0.0,44.0,0.0,0.0,0.0,0.0,1.0
2012,19,19,19397,LA VEGA,0.0,0.0,40.0,0.0,0.0,0.0,1.0
2012,19,19,19418,LÓPEZ DE MICAY,0.0,45.0,0.0,0.0,0.0,0.0,1.0
2012,19,19,19450,MERCADERES,0.0,70.0,0.0,0.0,0.0,0.0,1.0
2012,19,19,19450,MERCADERES,0.0,0.0,30.0,0.0,0.0,0.0,1.0
2012,19,19,19455,MIRANDA,0.0,411.0,76.0,0.0,0.0,0.0,2.0
2012,19,19,19473,MORALES,0.0,80.0,2.0,0.0,0.0,0.0,2.0
2012,19,19,19513,PADILLA,0.0,33.0,0.0,0.0,0.0,0.0,1.0
2012,19,19,19517,PÁEZ,0.0,33.0,0.0,0.0,0.0,0.0,1.0
2012,19,19,19532,PATÍA,0.0,158.0,121.0,4.0,1.0,0.0,3.0
2012,19,19,19533,PIAMONTE,0.0,58.0,0.0,0.0,0.0,0.0,1.0
2012,19,19,19548,PIENDAMÓ - TUNÍA,0.0,211.0,0.0,0.0,0.0,0.0,1.0
2012,19,19,19573,PUERTO TEJADA,69.0,634.0,0.0,0.0,0.0,0.0,2.0
2012,19,19,19698,SANTANDER DE QUILICHAO,0.0,721.0,0.0,0.0,0.0,0.0,1.0
2012,19,19,19698,SANTANDER DE QUILICHAO,86.0,596.0,1437.0,77.0,1.0,0.0,5.0
2012,19,19,19743,SILVIA,0.0,75.0,0.0,0.0,0.0,0.0,1.0
2012,19,19,19760,SOTARÁ PAISPAMBA,0.0,35.0,0.0,0.0,0.0,0.0,1.0
2012,19,19,19780,SUÁREZ,0.0,49.0,0.0,0.0,0.0,0.0,1.0
2012,19,19,19807,TIMBÍO,0.0,146.0,0.0,0.0,0.0,0.0,1.0
2012,19,19,19821,TORIBÍO,0.0,77.0,246.0,0.0,0.0,0.0,2.0
2012,19,19,19824,TOTORÓ,0.0,20.0,0.0,0.0,0.0,0.0,1.0
2012,19,19,19845,VILLA RICA,0.0,130.0,0.0,0.0,0.0,0.0,1.0
2012,20,20,20001,VALLEDUPAR,0.0,3564.0,0.0,0.0,0.0,0.0,1.0
2012,20,20,20001,VALLEDUPAR,67.0,402.0,19484.0,146.0,0.0,0.0,16.0
2012,20,20,20011,AGUACHICA,0.0,890.0,882.0,14.0,0.0,0.0,4.0
2012,20,20,20013,AGUSTÍN CODAZZI,61.0,181.0,1.0,21.0,0.0,0.0,4.0
2012,20,20,20045,BECERRIL,0.0,33.0,0.0,0.0,0.0,0.0,1.0
2012,20,20,20060,BOSCONIA,0.0,23.0,0.0,0.0,0.0,0.0,1.0
2012,20,20,20175,CHIMICHAGUA,0.0,94.0,0.0,0.0,0.0,0.0,1.0
2012,20,20,20178,CHIRIGUANÁ,0.0,35.0,0.0,0.0,0.0,0.0,1.0
2012,20,20,20228,CURUMANÍ,0.0,177.0,254.0,0.0,0.0,0.0,3.0
2012,20,20,20238,EL COPEY,0.0,98.0,0.0,0.0,0.0,0.0,1.0
2012,20,20,20250,EL PASO,0.0,96.0,0.0,0.0,0.0,0.0,1.0
2012,20,20,20310,GONZÁLEZ,0.0,0.0,2.0,0.0,0.0,0.0,1.0
2012,20,20,20383,LA GLORIA,0.0,42.0,0.0,0.0,0.0,0.0,1.0
2012,20,20,20400,LA JAGUA DE IBIRICO,0.0,303.0,0.0,0.0,0.0,0.0,1.0
2012,20,20,20443,MANAURE BALCÓN DEL CESAR,0.0,25.0,0.0,0.0,0.0,0.0,1.0
2012,20,20,20517,PAILITAS,0.0,34.0,0.0,0.0,0.0,0.0,1.0
2012,20,20,20621,LA PAZ,0.0,23.0,0.0,0.0,0.0,0.0,1.0
2012,20,20,20710,SAN ALBERTO,0.0,33.0,33.0,0.0,0.0,0.0,3.0
2012,20,20,20770,SAN MARTÍN,0.0,0.0,1.0,0.0,0.0,0.0,1.0
2012,20,20,20787,TAMALAMEQUE,0.0,42.0,0.0,0.0,0.0,0.0,1.0
2012,23,23,23001,MONTERÍA,735.0,2462.0,21727.0,548.0,161.0,0.0,15.0
2012,23,23,23068,AYAPEL,0.0,0.0,55.0,0.0,0.0,0.0,2.0
2012,23,23,23090,CANALETE,0.0,0.0,1.0,0.0,0.0,0.0,1.0
2012,23,23,23162,CERETÉ,85.0,66.0,856.0,21.0,0.0,0.0,5.0
2012,23,23,23182,CHINÚ,0.0,25.0,1.0,0.0,0.0,0.0,2.0
2012,23,23,23189,CIÉNAGA DE ORO,0.0,67.0,275.0,0.0,0.0,0.0,2.0
2012,23,23,23300,COTORRA,0.0,34.0,1.0,0.0,0.0,0.0,2.0
2012,23,23,23350,LA APARTADA,0.0,33.0,0.0,0.0,0.0,0.0,1.0
2012,23,23,23417,LORICA,0.0,230.0,0.0,0.0,0.0,0.0,1.0
2012,23,23,23417,LORICA,0.0,30.0,1759.0,0.0,0.0,0.0,8.0
2012,23,23,23419,LOS CÓRDOBAS,0.0,64.0,0.0,0.0,0.0,0.0,1.0
2012,23,23,23466,MONTELÍBANO,0.0,536.0,643.0,0.0,0.0,0.0,6.0
2012,23,23,23500,MOÑITOS,0.0,54.0,0.0,0.0,0.0,0.0,1.0
2012,23,23,23555,PLANETA RICA,0.0,224.0,304.0,0.0,0.0,0.0,3.0
2012,23,23,23570,PUEBLO NUEVO,0.0,34.0,1.0,0.0,0.0,0.0,2.0
2012,23,23,23574,PUERTO ESCONDIDO,0.0,77.0,0.0,0.0,0.0,0.0,1.0
2012,23,23,23580,PUERTO LIBERTADOR,0.0,84.0,2.0,0.0,0.0,0.0,2.0
2012,23,23,23586,PURÍSIMA DE LA CONCEPCIÓN,0.0,30.0,0.0,0.0,0.0,0.0,1.0
2012,23,23,23660,SAHAGÚN,0.0,225.0,1307.0,32.0,4.0,0.0,6.0
2012,23,23,23670,SAN ANDRÉS DE SOTAVENTO,0.0,0.0,1.0,0.0,0.0,0.0,1.0
2012,23,23,23807,TIERRALTA,0.0,102.0,39.0,0.0,0.0,0.0,3.0
2012,23,23,23855,VALENCIA,0.0,174.0,46.0,0.0,0.0,0.0,2.0
2012,25,25,25001,AGUA DE DIOS,0.0,52.0,0.0,0.0,0.0,0.0,1.0
2012,25,25,25019,ALBÁN,0.0,35.0,0.0,0.0,0.0,0.0,1.0
2012,25,25,25035,ANAPOIMA,0.0,105.0,0.0,0.0,0.0,0.0,1.0
2012,25,25,25040,ANOLAIMA,0.0,16.0,1.0,0.0,0.0,0.0,2.0
2012,25,25,25053,ARBELÁEZ,0.0,261.0,689.0,17.0,13.0,0.0,2.0
2012,25,25,25095,BITUIMA,0.0,16.0,132.0,0.0,0.0,0.0,2.0
2012,25,25,25099,BOJACÁ,0.0,10.0,125.0,0.0,0.0,0.0,2.0
2012,25,25,25126,CAJICÁ,0.0,634.0,1246.0,0.0,0.0,0.0,4.0
2012,25,25,25148,CAPARRAPÍ,0.0,152.0,1.0,0.0,0.0,0.0,2.0
2012,25,25,25151,CÁQUEZA,0.0,74.0,99.0,0.0,0.0,0.0,2.0
2012,25,25,25168,CHAGUANÍ,0.0,25.0,1.0,0.0,0.0,0.0,2.0
2012,25,25,25175,CHÍA,0.0,1500.0,8440.0,1452.0,697.0,13.0,7.0
2012,25,25,25178,CHIPAQUE,0.0,35.0,0.0,0.0,0.0,0.0,1.0
2012,25,25,25181,CHOACHÍ,0.0,199.0,0.0,0.0,0.0,0.0,1.0
2012,25,25,25183,CHOCONTÁ,0.0,21.0,30.0,0.0,0.0,0.0,3.0
2012,25,25,25200,COGUA,0.0,331.0,64.0,0.0,0.0,0.0,3.0
2012,25,25,25214,COTA,0.0,239.0,0.0,0.0,0.0,0.0,1.0
2012,25,25,25224,CUCUNUBÁ,0.0,39.0,0.0,0.0,0.0,0.0,1.0
2012,25,25,25245,EL COLEGIO,86.0,256.0,17.0,0.0,0.0,0.0,3.0
2012,25,25,25258,EL PEÑÓN,0.0,21.0,0.0,0.0,0.0,0.0,1.0
2012,25,25,25260,EL ROSAL,0.0,42.0,0.0,0.0,0.0,0.0,1.0
2012,25,25,25269,FACATATIVÁ,0.0,597.0,4070.0,157.0,3.0,0.0,10.0
2012,25,25,25279,FÓMEQUE,0.0,46.0,0.0,0.0,0.0,0.0,1.0
2012,25,25,25281,FOSCA,0.0,14.0,0.0,0.0,0.0,0.0,1.0
2012,25,25,25286,FUNZA,0.0,209.0,0.0,0.0,0.0,0.0,1.0
2012,25,25,25290,FUSAGASUGÁ,227.0,1128.0,4291.0,107.0,0.0,0.0,9.0
2012,25,25,25293,GACHALÁ,0.0,34.0,0.0,0.0,0.0,0.0,1.0
2012,25,25,25297,GACHETÁ,0.0,126.0,269.0,2.0,0.0,0.0,4.0
2012,25,25,25307,GIRARDOT,0.0,1552.0,3825.0,17.0,0.0,0.0,8.0
2012,25,25,25320,GUADUAS,0.0,332.0,5.0,0.0,0.0,0.0,3.0
2012,25,25,25322,GUASCA,0.0,56.0,0.0,0.0,0.0,0.0,1.0
2012,25,25,25328,GUAYABAL DE SÍQUIMA,0.0,71.0,0.0,0.0,0.0,0.0,1.0
2012,25,25,25335,GUAYABETAL,0.0,52.0,0.0,0.0,0.0,0.0,1.0
2012,25,25,25339,GUTIÉRREZ,0.0,18.0,1.0,0.0,0.0,0.0,2.0
2012,25,25,25372,JUNÍN,0.0,0.0,17.0,0.0,0.0,0.0,1.0
2012,25,25,25377,LA CALERA,0.0,93.0,2.0,0.0,0.0,0.0,2.0
2012,25,25,25386,LA MESA,0.0,160.0,0.0,0.0,0.0,0.0,1.0
2012,25,25,25394,LA PALMA,0.0,56.0,42.0,0.0,0.0,0.0,3.0
2012,25,25,25398,LA PEÑA,0.0,98.0,0.0,0.0,0.0,0.0,1.0
2012,25,25,25402,LA VEGA,0.0,163.0,24.0,0.0,0.0,0.0,2.0
2012,25,25,25426,MACHETÁ,0.0,27.0,0.0,0.0,0.0,0.0,1.0
2012,25,25,25430,MADRID,0.0,289.0,1.0,0.0,0.0,0.0,2.0
2012,25,25,25438,MEDINA,0.0,83.0,0.0,0.0,0.0,0.0,1.0
2012,25,25,25473,MOSQUERA,0.0,2745.0,0.0,0.0,0.0,0.0,1.0
2012,25,25,25488,NILO,0.0,4156.0,0.0,0.0,0.0,0.0,2.0
2012,25,25,25489,NIMAIMA,0.0,61.0,0.0,0.0,0.0,0.0,1.0
2012,25,25,25491,NOCAIMA,0.0,32.0,97.0,0.0,0.0,0.0,2.0
2012,25,25,25513,PACHO,0.0,336.0,0.0,0.0,0.0,0.0,2.0
2012,25,25,25518,PAIME,0.0,53.0,0.0,0.0,0.0,0.0,1.0
2012,25,25,25530,PARATEBUENO,0.0,24.0,0.0,0.0,0.0,0.0,1.0
2012,25,25,25535,PASCA,0.0,0.0,4.0,0.0,0.0,0.0,1.0
2012,25,25,25572,PUERTO SALGAR,0.0,253.0,2.0,0.0,0.0,0.0,2.0
2012,25,25,25580,PULÍ,0.0,54.0,0.0,0.0,0.0,0.0,1.0
2012,25,25,25592,QUEBRADANEGRA,0.0,27.0,0.0,0.0,0.0,0.0,1.0
2012,25,25,25594,QUETAME,0.0,91.0,114.0,0.0,0.0,0.0,2.0
2012,25,25,25599,APULO,0.0,20.0,0.0,0.0,0.0,0.0,1.0
2012,25,25,25612,RICAURTE,78.0,0.0,0.0,0.0,0.0,0.0,1.0
2012,25,25,25653,SAN CAYETANO,0.0,22.0,1.0,0.0,0.0,0.0,2.0
2012,25,25,25658,SAN FRANCISCO,0.0,34.0,0.0,0.0,0.0,0.0,1.0
2012,25,25,25662,SAN JUAN DE RIOSECO,0.0,67.0,24.0,0.0,0.0,0.0,2.0
2012,25,25,25718,SASAIMA,0.0,122.0,0.0,0.0,0.0,0.0,1.0
2012,25,25,25740,SIBATÉ,0.0,300.0,1392.0,0.0,0.0,0.0,4.0
2012,25,25,25743,SILVANIA,0.0,82.0,0.0,0.0,0.0,0.0,1.0
2012,25,25,25745,SIMIJACA,0.0,78.0,48.0,0.0,0.0,0.0,2.0
2012,25,25,25754,SOACHA,0.0,1867.0,0.0,0.0,0.0,0.0,1.0
2012,25,25,25754,SOACHA,0.0,912.0,2566.0,0.0,0.0,0.0,5.0
2012,25,25,25758,SOPÓ,0.0,132.0,0.0,0.0,0.0,0.0,1.0
2012,25,25,25769,SUBACHOQUE,0.0,91.0,0.0,0.0,0.0,0.0,1.0
2012,25,25,25772,SUESCA,0.0,93.0,0.0,0.0,0.0,0.0,2.0
2012,25,25,25785,TABIO,0.0,79.0,0.0,0.0,0.0,0.0,1.0
2012,25,25,25793,TAUSA,0.0,0.0,138.0,0.0,0.0,0.0,1.0
2012,25,25,25799,TENJO,0.0,266.0,0.0,0.0,0.0,0.0,1.0
2012,25,25,25815,TOCAIMA,0.0,104.0,1.0,0.0,0.0,0.0,2.0
2012,25,25,25817,TOCANCIPÁ,0.0,473.0,0.0,0.0,0.0,0.0,1.0
2012,25,25,25839,UBALÁ,0.0,37.0,0.0,0.0,0.0,0.0,1.0
2012,25,25,25841,UBAQUE,0.0,43.0,0.0,0.0,0.0,0.0,1.0
2012,25,25,25843,VILLA DE SAN DIEGO DE UBATÉ,0.0,221.0,523.0,0.0,0.0,0.0,2.0
2012,25,25,25851,ÚTICA,0.0,23.0,0.0,0.0,0.0,0.0,1.0
2012,25,25,25862,VERGARA,0.0,115.0,0.0,0.0,0.0,0.0,1.0
2012,25,25,25867,VIANÍ,0.0,0.0,32.0,0.0,0.0,0.0,1.0
2012,25,25,25871,VILLAGÓMEZ,0.0,38.0,0.0,0.0,0.0,0.0,1.0
2012,25,25,25873,VILLAPINZÓN,0.0,94.0,86.0,0.0,0.0,0.0,2.0
2012,25,25,25875,VILLETA,0.0,702.0,0.0,0.0,0.0,0.0,1.0
2012,25,25,25878,VIOTÁ,0.0,37.0,0.0,0.0,0.0,0.0,1.0
2012,25,25,25885,YACOPÍ,0.0,32.0,0.0,0.0,0.0,0.0,1.0
2012,25,25,25899,ZIPAQUIRÁ,0.0,1025.0,2195.0,11.0,9.0,0.0,7.0
2012,27,27,27001,QUIBDÓ,0.0,682.0,0.0,0.0,0.0,0.0,1.0
2012,27,27,27001,QUIBDÓ,0.0,244.0,11080.0,349.0,12.0,0.0,10.0
2012,27,27,27006,ACANDÍ,0.0,20.0,1.0,0.0,0.0,0.0,2.0
2012,27,27,27025,ALTO BAUDÓ,0.0,0.0,1.0,0.0,0.0,0.0,1.0
2012,27,27,27077,BAJO BAUDÓ,0.0,0.0,4.0,0.0,0.0,0.0,1.0
2012,27,27,27099,BOJAYÁ,0.0,89.0,0.0,0.0,0.0,0.0,1.0
2012,27,27,27150,CARMEN DEL DARIÉN,0.0,35.0,0.0,0.0,0.0,0.0,1.0
2012,27,27,27205,CONDOTO,0.0,32.0,0.0,0.0,0.0,0.0,1.0
2012,27,27,27205,CONDOTO,0.0,0.0,2.0,0.0,0.0,0.0,1.0
2012,27,27,27245,EL CARMEN DE ATRATO,0.0,0.0,1.0,0.0,0.0,0.0,1.0
2012,27,27,27361,ISTMINA,0.0,87.0,0.0,0.0,0.0,0.0,1.0
2012,27,27,27361,ISTMINA,4.0,5.0,608.0,0.0,0.0,0.0,3.0
2012,27,27,27413,LLORÓ,0.0,0.0,1.0,0.0,0.0,0.0,1.0
2012,27,27,27491,NÓVITA,0.0,0.0,2.0,0.0,0.0,0.0,1.0
2012,27,27,27615,RIOSUCIO,0.0,109.0,0.0,0.0,0.0,0.0,1.0
2012,27,27,27615,RIOSUCIO,0.0,0.0,1.0,0.0,0.0,0.0,1.0
2012,27,27,27660,SAN JOSÉ DEL PALMAR,0.0,0.0,1.0,0.0,0.0,0.0,1.0
2012,27,27,27745,SIPÍ,0.0,0.0,1.0,0.0,0.0,0.0,1.0
2012,27,27,27787,TADÓ,0.0,26.0,0.0,0.0,0.0,0.0,1.0
2012,27,27,27787,TADÓ,6.0,12.0,15.0,0.0,0.0,0.0,2.0
2012,27,27,27800,UNGUÍA,0.0,113.0,2.0,0.0,0.0,0.0,2.0
2012,41,41,41001,NEIVA,457.0,2924.0,20269.0,602.0,127.0,0.0,17.0
2012,41,41,41006,ACEVEDO,0.0,0.0,18.0,0.0,0.0,0.0,1.0
2012,41,41,41013,AGRADO,0.0,27.0,0.0,0.0,0.0,0.0,1.0
2012,41,41,41016,AIPE,0.0,58.0,1.0,0.0,0.0,0.0,2.0
2012,41,41,41020,ALGECIRAS,0.0,46.0,40.0,0.0,0.0,0.0,3.0
2012,41,41,41026,ALTAMIRA,0.0,34.0,51.0,0.0,0.0,0.0,2.0
2012,41,41,41078,BARAYA,0.0,0.0,18.0,0.0,0.0,0.0,1.0
2012,41,41,41132,CAMPOALEGRE,0.0,681.0,178.0,0.0,0.0,0.0,3.0
2012,41,41,41206,COLOMBIA,0.0,0.0,1.0,0.0,0.0,0.0,1.0
2012,41,41,41298,GARZÓN,0.0,804.0,497.0,0.0,0.0,0.0,4.0
2012,41,41,41306,GIGANTE,0.0,151.0,4.0,0.0,0.0,0.0,2.0
2012,41,41,41319,GUADALUPE,0.0,58.0,2.0,0.0,0.0,0.0,2.0
2012,41,41,41357,ÍQUIRA,0.0,61.0,0.0,0.0,0.0,0.0,1.0
2012,41,41,41359,ISNOS,0.0,0.0,2.0,0.0,0.0,0.0,1.0
2012,41,41,41378,LA ARGENTINA,0.0,105.0,3.0,0.0,0.0,0.0,2.0
2012,41,41,41396,LA PLATA,0.0,831.0,794.0,2.0,0.0,0.0,5.0
2012,41,41,41518,PAICOL,16.0,34.0,1.0,0.0,0.0,0.0,2.0
2012,41,41,41524,PALERMO,0.0,0.0,1.0,0.0,0.0,0.0,1.0
2012,41,41,41548,PITAL,0.0,97.0,0.0,0.0,0.0,0.0,1.0
2012,41,41,41551,PITALITO,0.0,1875.0,1748.0,29.0,2.0,0.0,7.0
2012,41,41,41615,RIVERA,0.0,35.0,0.0,0.0,0.0,0.0,1.0
2012,41,41,41668,SAN AGUSTÍN,0.0,0.0,32.0,0.0,0.0,0.0,2.0
2012,41,41,41676,SANTA MARÍA,0.0,70.0,1.0,0.0,0.0,0.0,2.0
2012,41,41,41770,SUAZA,0.0,57.0,2.0,0.0,0.0,0.0,2.0
2012,41,41,41791,TARQUI,0.0,89.0,3.0,0.0,0.0,0.0,2.0
2012,41,41,41797,TESALIA,0.0,81.0,1.0,0.0,0.0,0.0,2.0
2012,41,41,41801,TERUEL,0.0,27.0,0.0,0.0,0.0,0.0,1.0
2012,41,41,41807,TIMANÁ,0.0,0.0,2.0,0.0,0.0,0.0,1.0
2012,41,41,41872,VILLAVIEJA,0.0,29.0,1.0,0.0,0.0,0.0,2.0
2012,41,41,41885,YAGUARÁ,0.0,0.0,1.0,0.0,0.0,0.0,1.0
2012,44,44,44001,RIOHACHA,0.0,1291.0,0.0,0.0,0.0,0.0,1.0
2012,44,44,44001,RIOHACHA,226.0,75.0,6711.0,254.0,53.0,0.0,7.0
2012,44,44,44035,ALBANIA,49.0,172.0,0.0,0.0,0.0,0.0,2.0
2012,44,44,44078,BARRANCAS,0.0,100.0,0.0,0.0,0.0,0.0,1.0
2012,44,44,44098,DISTRACCIÓN,0.0,22.0,103.0,0.0,0.0,0.0,2.0
2012,44,44,44110,EL MOLINO,0.0,37.0,0.0,0.0,0.0,0.0,1.0
2012,44,44,44279,FONSECA,0.0,1034.0,0.0,0.0,0.0,0.0,1.0
2012,44,44,44279,FONSECA,0.0,0.0,305.0,0.0,0.0,0.0,1.0
2012,44,44,44378,HATONUEVO,0.0,38.0,0.0,0.0,0.0,0.0,1.0
2012,44,44,44420,LA JAGUA DEL PILAR,0.0,61.0,0.0,0.0,0.0,0.0,1.0
2012,44,44,44430,MAICAO,0.0,655.0,0.0,0.0,0.0,0.0,1.0
2012,44,44,44430,MAICAO,0.0,0.0,982.0,0.0,0.0,0.0,3.0
2012,44,44,44560,MANAURE,0.0,48.0,32.0,0.0,0.0,0.0,2.0
2012,44,44,44650,SAN JUAN DEL CESAR,0.0,239.0,94.0,0.0,0.0,0.0,2.0
2012,44,44,44847,URIBIA,0.0,21.0,102.0,0.0,0.0,0.0,2.0
2012,44,44,44855,URUMITA,0.0,35.0,0.0,0.0,0.0,0.0,1.0
2012,44,44,44874,VILLANUEVA,0.0,245.0,0.0,0.0,0.0,0.0,1.0
2012,44,44,44874,VILLANUEVA,0.0,0.0,294.0,0.0,0.0,0.0,1.0
2012,47,47,47001,SANTA MARTA,2076.0,6559.0,22996.0,625.0,120.0,1.0,12.0
2012,47,47,47030,ALGARROBO,0.0,26.0,0.0,0.0,0.0,0.0,1.0
2012,47,47,47053,ARACATACA,0.0,81.0,0.0,0.0,0.0,0.0,1.0
2012,47,47,47058,ARIGUANÍ,0.0,0.0,2.0,0.0,0.0,0.0,1.0
2012,47,47,47189,CIÉNAGA,561.0,316.0,163.0,0.0,0.0,0.0,3.0
2012,47,47,47245,EL BANCO,15.0,128.0,58.0,1.0,0.0,0.0,5.0
2012,47,47,47288,FUNDACIÓN,0.0,361.0,0.0,0.0,0.0,0.0,1.0
2012,47,47,47288,FUNDACIÓN,0.0,0.0,22.0,26.0,0.0,0.0,2.0
2012,47,47,47318,GUAMAL,0.0,0.0,0.0,18.0,0.0,0.0,1.0
2012,47,47,47555,PLATO,0.0,156.0,0.0,0.0,0.0,0.0,1.0
2012,47,47,47555,PLATO,12.0,57.0,88.0,3.0,0.0,0.0,3.0
2012,47,47,47570,PUEBLOVIEJO,0.0,27.0,0.0,0.0,0.0,0.0,1.0
2012,47,47,47660,SABANAS DE SAN ÁNGEL,0.0,0.0,0.0,19.0,0.0,0.0,1.0
2012,47,47,47980,ZONA BANANERA,0.0,148.0,0.0,0.0,0.0,0.0,1.0
2012,5,5,5001,MEDELLÍN,1134.0,62789.0,131025.0,8120.0,3980.0,787.0,43.0
2012,5,5,5002,ABEJORRAL,0.0,52.0,10.0,0.0,0.0,0.0,3.0
2012,5,5,5004,ABRIAQUÍ,0.0,0.0,1.0,0.0,0.0,0.0,1.0
2012,5,5,5021,ALEJANDRÍA,0.0,0.0,2.0,0.0,0.0,0.0,1.0
2012,5,5,5030,AMAGÁ,0.0,96.0,6.0,0.0,0.0,0.0,2.0
2012,5,5,5031,AMALFI,0.0,202.0,62.0,0.0,0.0,0.0,4.0
2012,5,5,5034,ANDES,62.0,393.0,304.0,0.0,32.0,0.0,4.0
2012,5,5,5036,ANGELÓPOLIS,0.0,40.0,3.0,0.0,0.0,0.0,2.0
2012,5,5,5038,ANGOSTURA,0.0,14.0,8.0,0.0,0.0,0.0,2.0
2012,5,5,5040,ANORÍ,0.0,88.0,19.0,0.0,0.0,0.0,3.0
2012,5,5,5042,SANTA FÉ DE ANTIOQUIA,0.0,460.0,245.0,0.0,0.0,0.0,4.0
2012,5,5,5044,ANZÁ,0.0,33.0,0.0,0.0,0.0,0.0,1.0
2012,5,5,5045,APARTADÓ,136.0,5055.0,1941.0,53.0,28.0,0.0,14.0
2012,5,5,5051,ARBOLETES,0.0,424.0,0.0,0.0,0.0,0.0,1.0
2012,5,5,5051,ARBOLETES,0.0,0.0,3.0,0.0,0.0,0.0,1.0
2012,5,5,5055,ARGELIA,0.0,73.0,3.0,0.0,0.0,0.0,3.0
2012,5,5,5059,ARMENIA,0.0,0.0,406.0,0.0,0.0,0.0,1.0
2012,5,5,5079,BARBOSA,0.0,550.0,10.0,7.0,0.0,0.0,3.0
2012,5,5,5086,BELMIRA,0.0,28.0,4.0,0.0,0.0,0.0,2.0
2012,5,5,5088,BELLO,364.0,2180.0,3224.0,25.0,0.0,0.0,7.0
2012,5,5,5091,BETANIA,0.0,0.0,28.0,0.0,0.0,0.0,2.0
2012,5,5,5093,BETULIA,0.0,45.0,28.0,0.0,0.0,0.0,2.0
2012,5,5,5101,CIUDAD BOLÍVAR,0.0,362.0,77.0,0.0,0.0,0.0,3.0
2012,5,5,5107,BRICEÑO,0.0,46.0,12.0,0.0,0.0,0.0,3.0
2012,5,5,5113,BURITICÁ,0.0,0.0,2.0,0.0,0.0,0.0,1.0
2012,5,5,5120,CÁCERES,0.0,27.0,7.0,0.0,0.0,0.0,2.0
2012,5,5,5125,CAICEDO,0.0,46.0,3.0,0.0,0.0,0.0,2.0
2012,5,5,5129,CALDAS,0.0,1584.0,1405.0,39.0,0.0,0.0,3.0
2012,5,5,5134,CAMPAMENTO,0.0,55.0,3.0,0.0,0.0,0.0,2.0
2012,5,5,5138,CAÑASGORDAS,0.0,176.0,75.0,0.0,0.0,0.0,4.0
2012,5,5,5142,CARACOLÍ,0.0,81.0,0.0,0.0,0.0,0.0,2.0
2012,5,5,5145,CARAMANTA,0.0,0.0,2.0,0.0,0.0,0.0,1.0
2012,5,5,5147,CAREPA,0.0,338.0,3.0,0.0,0.0,0.0,2.0
2012,5,5,5148,EL CARMEN DE VIBORAL,0.0,602.0,982.0,0.0,0.0,0.0,4.0
2012,5,5,5150,CAROLINA,0.0,0.0,29.0,0.0,0.0,0.0,2.0
2012,5,5,5154,CAUCASIA,79.0,1186.0,751.0,0.0,27.0,0.0,4.0
2012,5,5,5172,CHIGORODÓ,18.0,1061.0,79.0,0.0,0.0,0.0,4.0
2012,5,5,5190,CISNEROS,0.0,257.0,5.0,0.0,0.0,0.0,2.0
2012,5,5,5197,COCORNÁ,0.0,18.0,0.0,0.0,0.0,0.0,1.0
2012,5,5,5197,COCORNÁ,0.0,62.0,2.0,0.0,0.0,0.0,2.0
2012,5,5,5206,CONCEPCIÓN,0.0,95.0,2.0,0.0,0.0,0.0,3.0
2012,5,5,5209,CONCORDIA,0.0,42.0,3.0,0.0,0.0,0.0,3.0
2012,5,5,5212,COPACABANA,0.0,742.0,6.0,0.0,0.0,0.0,3.0
2012,5,5,5234,DABEIBA,0.0,203.0,72.0,0.0,0.0,0.0,3.0
2012,5,5,5237,DONMATÍAS,0.0,1.0,11.0,0.0,0.0,0.0,1.0
2012,5,5,5237,DONMATÍAS,0.0,42.0,0.0,0.0,0.0,0.0,1.0
2012,5,5,5240,EBÉJICO,1.0,57.0,37.0,0.0,0.0,0.0,3.0
2012,5,5,5250,EL BAGRE,0.0,459.0,190.0,27.0,0.0,0.0,4.0
2012,5,5,5264,ENTRERRÍOS,0.0,60.0,9.0,0.0,0.0,0.0,3.0
2012,5,5,5266,ENVIGADO,318.0,303.0,4737.0,0.0,13.0,0.0,8.0
2012,5,5,5282,FREDONIA,0.0,217.0,0.0,0.0,0.0,0.0,1.0
2012,5,5,5284,FRONTINO,0.0,277.0,83.0,0.0,0.0,0.0,4.0
2012,5,5,5306,GIRALDO,0.0,0.0,1.0,0.0,0.0,0.0,1.0
2012,5,5,5308,GIRARDOTA,0.0,552.0,6.0,0.0,0.0,0.0,2.0
2012,5,5,5310,GÓMEZ PLATA,0.0,65.0,7.0,0.0,0.0,0.0,3.0
2012,5,5,5313,GRANADA,0.0,70.0,0.0,0.0,0.0,0.0,1.0
2012,5,5,5315,GUADALUPE,1.0,55.0,3.0,0.0,0.0,0.0,3.0
2012,5,5,5318,GUARNE,0.0,376.0,2.0,0.0,0.0,0.0,2.0
2012,5,5,5321,GUATAPÉ,0.0,9.0,4.0,0.0,0.0,0.0,2.0
2012,5,5,5347,HELICONIA,0.0,24.0,1.0,0.0,0.0,0.0,2.0
2012,5,5,5353,HISPANIA,0.0,20.0,25.0,0.0,0.0,0.0,1.0
2012,5,5,5360,ITAGÜÍ,14.0,5397.0,524.0,0.0,0.0,0.0,4.0
2012,5,5,5361,ITUANGO,0.0,201.0,39.0,0.0,0.0,0.0,3.0
2012,5,5,5364,JARDÍN,0.0,1.0,4.0,0.0,0.0,0.0,2.0
2012,5,5,5368,JERICÓ,0.0,79.0,21.0,0.0,0.0,0.0,3.0
2012,5,5,5376,LA CEJA,0.0,755.0,19.0,0.0,0.0,0.0,3.0
2012,5,5,5380,LA ESTRELLA,12.0,677.0,5.0,0.0,0.0,0.0,3.0
2012,5,5,5390,LA PINTADA,0.0,213.0,1.0,0.0,0.0,0.0,3.0
2012,5,5,5400,LA UNIÓN,0.0,54.0,64.0,0.0,0.0,0.0,3.0
2012,5,5,5411,LIBORINA,0.0,90.0,49.0,0.0,0.0,0.0,3.0
2012,5,5,5425,MACEO,0.0,65.0,3.0,0.0,0.0,0.0,2.0
2012,5,5,5440,MARINILLA,45.0,270.0,5.0,9.0,0.0,0.0,4.0
2012,5,5,5467,MONTEBELLO,0.0,54.0,0.0,0.0,0.0,0.0,1.0
2012,5,5,5475,MURINDÓ,0.0,92.0,1.0,0.0,0.0,0.0,2.0
2012,5,5,5480,MUTATÁ,0.0,80.0,2.0,0.0,0.0,0.0,2.0
2012,5,5,5483,NARIÑO,0.0,0.0,6.0,0.0,0.0,0.0,1.0
2012,5,5,5490,NECOCLÍ,212.0,218.0,94.0,0.0,0.0,0.0,4.0
2012,5,5,5495,NECHÍ,33.0,98.0,20.0,0.0,0.0,0.0,3.0
2012,5,5,5501,OLAYA,0.0,46.0,0.0,0.0,0.0,0.0,1.0
2012,5,5,5541,PEÑOL,0.0,43.0,3.0,0.0,0.0,0.0,2.0
2012,5,5,5543,PEQUE,0.0,28.0,4.0,0.0,0.0,0.0,2.0
2012,5,5,5576,PUEBLORRICO,0.0,31.0,1.0,0.0,0.0,0.0,2.0
2012,5,5,5579,PUERTO BERRÍO,0.0,764.0,145.0,0.0,0.0,0.0,4.0
2012,5,5,5585,PUERTO NARE,0.0,162.0,11.0,0.0,0.0,0.0,2.0
2012,5,5,5591,PUERTO TRIUNFO,0.0,227.0,2.0,0.0,0.0,0.0,2.0
2012,5,5,5604,REMEDIOS,0.0,217.0,43.0,0.0,0.0,0.0,3.0
2012,5,5,5607,RETIRO,0.0,108.0,1.0,0.0,0.0,0.0,2.0
2012,5,5,5615,RIONEGRO,0.0,2718.0,3230.0,74.0,100.0,0.0,8.0
2012,5,5,5628,SABANALARGA,0.0,51.0,5.0,0.0,0.0,0.0,2.0
2012,5,5,5631,SABANETA,0.0,574.0,2355.0,182.0,0.0,0.0,4.0
2012,5,5,5642,SALGAR,0.0,39.0,26.0,0.0,0.0,0.0,2.0
2012,5,5,5647,SAN ANDRÉS DE CUERQUÍA,0.0,92.0,27.0,0.0,0.0,0.0,3.0
2012,5,5,5649,SAN CARLOS,0.0,105.0,1.0,0.0,0.0,0.0,2.0
2012,5,5,5652,SAN FRANCISCO,0.0,18.0,3.0,0.0,0.0,0.0,2.0
2012,5,5,5656,SAN JERÓNIMO,0.0,96.0,13.0,0.0,0.0,0.0,3.0
2012,5,5,5658,SAN JOSÉ DE LA MONTAÑA,0.0,0.0,20.0,0.0,0.0,0.0,1.0
2012,5,5,5659,SAN JUAN DE URABÁ,0.0,334.0,1.0,0.0,0.0,0.0,2.0
2012,5,5,5660,SAN LUIS,0.0,237.0,1.0,0.0,0.0,0.0,2.0
2012,5,5,5664,SAN PEDRO DE LOS MILAGROS,0.0,48.0,41.0,0.0,0.0,0.0,2.0
2012,5,5,5664,SAN PEDRO DE LOS MILAGROS,0.0,219.0,0.0,0.0,0.0,0.0,1.0
2012,5,5,5665,SAN PEDRO DE URABÁ,0.0,317.0,0.0,0.0,0.0,0.0,1.0
2012,5,5,5667,SAN RAFAEL,0.0,181.0,5.0,0.0,0.0,0.0,3.0
2012,5,5,5670,SAN ROQUE,0.0,319.0,50.0,0.0,0.0,0.0,3.0
2012,5,5,5674,SAN VICENTE FERRER,0.0,0.0,26.0,0.0,0.0,0.0,2.0
2012,5,5,5674,SAN VICENTE FERRER,0.0,86.0,0.0,0.0,0.0,0.0,1.0
2012,5,5,5679,SANTA BÁRBARA,0.0,63.0,2.0,0.0,0.0,0.0,2.0
2012,5,5,5686,SANTA ROSA DE OSOS,10.0,294.0,496.0,0.0,0.0,0.0,4.0
2012,5,5,5690,SANTO DOMINGO,26.0,99.0,3.0,0.0,0.0,0.0,3.0
2012,5,5,5697,EL SANTUARIO,0.0,135.0,26.0,0.0,0.0,0.0,3.0
2012,5,5,5736,SEGOVIA,1.0,333.0,76.0,0.0,0.0,0.0,4.0
2012,5,5,5756,SONSÓN,0.0,134.0,112.0,0.0,0.0,0.0,4.0
2012,5,5,5761,SOPETRÁN,0.0,113.0,8.0,0.0,0.0,0.0,2.0
2012,5,5,5789,TÁMESIS,0.0,24.0,2.0,0.0,0.0,0.0,2.0
2012,5,5,5790,TARAZÁ,0.0,139.0,30.0,0.0,0.0,0.0,3.0
2012,5,5,5809,TITIRIBÍ,0.0,55.0,2.0,0.0,0.0,0.0,2.0
2012,5,5,5819,TOLEDO,0.0,53.0,6.0,0.0,0.0,0.0,3.0
2012,5,5,5837,TURBO,139.0,2134.0,1369.0,14.0,5.0,0.0,7.0
2012,5,5,5842,URAMITA,0.0,0.0,1.0,0.0,0.0,0.0,1.0
2012,5,5,5847,URRAO,0.0,172.0,73.0,0.0,0.0,0.0,3.0
2012,5,5,5854,VALDIVIA,0.0,129.0,40.0,0.0,0.0,0.0,3.0
2012,5,5,5856,VALPARAÍSO,0.0,110.0,0.0,0.0,0.0,0.0,1.0
2012,5,5,5856,VALPARAÍSO,0.0,0.0,1.0,0.0,0.0,0.0,1.0
2012,5,5,5858,VEGACHÍ,0.0,225.0,19.0,0.0,0.0,0.0,3.0
2012,5,5,5861,VENECIA,0.0,97.0,3.0,0.0,0.0,0.0,3.0
2012,5,5,5873,VIGÍA DEL FUERTE,0.0,58.0,3.0,0.0,0.0,0.0,2.0
2012,5,5,5885,YALÍ,0.0,115.0,2.0,0.0,0.0,0.0,3.0
2012,5,5,5887,YARUMAL,17.0,381.0,289.0,0.0,0.0,0.0,4.0
2012,5,5,5890,YOLOMBÓ,0.0,202.0,6.0,0.0,0.0,0.0,2.0
2012,5,5,5893,YONDÓ,0.0,155.0,0.0,0.0,0.0,0.0,1.0
2012,5,5,5895,ZARAGOZA,0.0,177.0,8.0,0.0,0.0,0.0,2.0
2012,50,50,50001,VILLAVICENCIO,278.0,3340.0,18202.0,703.0,63.0,0.0,20.0
2012,50,50,50006,ACACÍAS,15.0,476.0,1735.0,27.0,0.0,0.0,4.0
2012,50,50,50110,BARRANCA DE UPÍA,0.0,25.0,0.0,0.0,0.0,0.0,1.0
2012,50,50,50150,CASTILLA LA NUEVA,0.0,105.0,28.0,0.0,0.0,0.0,3.0
2012,50,50,50223,CUBARRAL,0.0,17.0,0.0,0.0,0.0,0.0,1.0
2012,50,50,50226,CUMARAL,0.0,126.0,0.0,0.0,0.0,0.0,1.0
2012,50,50,50226,CUMARAL,1.0,25.0,185.0,0.0,0.0,0.0,3.0
2012,50,50,50245,EL CALVARIO,0.0,62.0,0.0,0.0,0.0,0.0,1.0
2012,50,50,50270,EL DORADO,0.0,19.0,0.0,0.0,0.0,0.0,1.0
2012,50,50,50287,FUENTE DE ORO,0.0,15.0,0.0,0.0,0.0,0.0,1.0
2012,50,50,50313,GRANADA,118.0,723.0,129.0,0.0,0.0,0.0,3.0
2012,50,50,50318,GUAMAL,0.0,21.0,0.0,0.0,0.0,0.0,1.0
2012,50,50,50330,MESETAS,0.0,12.0,0.0,0.0,0.0,0.0,1.0
2012,50,50,50400,LEJANÍAS,0.0,18.0,0.0,0.0,0.0,0.0,1.0
2012,50,50,50450,PUERTO CONCORDIA,0.0,50.0,0.0,0.0,0.0,0.0,1.0
2012,50,50,50568,PUERTO GAITÁN,0.0,51.0,0.0,0.0,0.0,0.0,1.0
2012,50,50,50573,PUERTO LÓPEZ,4.0,186.0,19.0,0.0,0.0,0.0,4.0
2012,50,50,50577,PUERTO LLERAS,0.0,49.0,0.0,0.0,0.0,0.0,1.0
2012,50,50,50590,PUERTO RICO,0.0,18.0,0.0,0.0,0.0,0.0,1.0
2012,50,50,50683,SAN JUAN DE ARAMA,0.0,26.0,0.0,0.0,0.0,0.0,1.0
2012,50,50,50689,SAN MARTÍN,0.0,118.0,0.0,0.0,0.0,0.0,1.0
2012,50,50,50689,SAN MARTÍN,0.0,0.0,22.0,0.0,0.0,0.0,1.0
2012,50,50,50711,VISTAHERMOSA,0.0,24.0,2.0,0.0,0.0,0.0,2.0
2012,52,52,52001,PASTO,0.0,2247.0,0.0,0.0,0.0,0.0,1.0
2012,52,52,52001,PASTO,604.0,1698.0,24142.0,612.0,435.0,3.0,14.0
2012,52,52,52019,ALBÁN,0.0,0.0,112.0,26.0,0.0,0.0,2.0
2012,52,52,52022,ALDANA,0.0,21.0,0.0,0.0,0.0,0.0,1.0
2012,52,52,52079,BARBACOAS,0.0,0.0,61.0,0.0,0.0,0.0,1.0
2012,52,52,52110,BUESACO,0.0,0.0,1.0,18.0,0.0,0.0,2.0
2012,52,52,52210,CONTADERO,0.0,26.0,0.0,0.0,0.0,0.0,1.0
2012,52,52,52215,CÓRDOBA,0.0,104.0,0.0,0.0,0.0,0.0,1.0
2012,52,52,52224,CUASPUD CARLOSAMA,0.0,66.0,0.0,0.0,0.0,0.0,1.0
2012,52,52,52227,CUMBAL,0.0,73.0,0.0,0.0,0.0,0.0,1.0
2012,52,52,52233,CUMBITARA,0.0,20.0,0.0,0.0,0.0,0.0,1.0
2012,52,52,52250,EL CHARCO,0.0,71.0,0.0,0.0,0.0,0.0,1.0
2012,52,52,52250,EL CHARCO,0.0,0.0,1.0,0.0,0.0,0.0,1.0
2012,52,52,52258,EL TABLÓN DE GÓMEZ,0.0,0.0,42.0,0.0,0.0,0.0,1.0
2012,52,52,52260,EL TAMBO,0.0,0.0,29.0,0.0,0.0,0.0,1.0
2012,52,52,52287,FUNES,0.0,16.0,0.0,0.0,0.0,0.0,1.0
2012,52,52,52317,GUACHUCAL,0.0,141.0,0.0,0.0,0.0,0.0,1.0
2012,52,52,52320,GUAITARILLA,0.0,31.0,0.0,0.0,0.0,0.0,1.0
2012,52,52,52323,GUALMATÁN,0.0,36.0,0.0,0.0,0.0,0.0,1.0
2012,52,52,52352,ILES,0.0,15.0,0.0,0.0,0.0,0.0,1.0
2012,52,52,52354,IMUÉS,0.0,57.0,0.0,0.0,0.0,0.0,1.0
2012,52,52,52356,IPIALES,113.0,959.0,856.0,1.0,0.0,0.0,8.0
2012,52,52,52378,LA CRUZ,0.0,0.0,25.0,0.0,0.0,0.0,2.0
2012,52,52,52399,LA UNIÓN,0.0,74.0,75.0,0.0,0.0,0.0,2.0
2012,52,52,52427,MAGÜÍ,0.0,34.0,0.0,0.0,0.0,0.0,1.0
2012,52,52,52480,NARIÑO,0.0,50.0,0.0,0.0,0.0,0.0,1.0
2012,52,52,52490,OLAYA HERRERA,0.0,31.0,0.0,0.0,0.0,0.0,1.0
2012,52,52,52506,OSPINA,0.0,99.0,0.0,0.0,0.0,0.0,1.0
2012,52,52,52520,FRANCISCO PIZARRO,0.0,63.0,0.0,0.0,0.0,0.0,1.0
2012,52,52,52540,POLICARPA,0.0,0.0,28.0,0.0,0.0,0.0,1.0
2012,52,52,52560,POTOSÍ,0.0,45.0,0.0,0.0,0.0,0.0,1.0
2012,52,52,52573,PUERRES,7.0,73.0,0.0,0.0,0.0,0.0,3.0
2012,52,52,52585,PUPIALES,0.0,43.0,0.0,0.0,0.0,0.0,1.0
2012,52,52,52612,RICAURTE,0.0,17.0,48.0,0.0,0.0,0.0,2.0
2012,52,52,52678,SAMANIEGO,0.0,65.0,54.0,0.0,0.0,0.0,3.0
2012,52,52,52683,SANDONÁ,0.0,55.0,0.0,0.0,0.0,0.0,1.0
2012,52,52,52685,SAN BERNARDO,0.0,37.0,0.0,0.0,0.0,0.0,1.0
2012,52,52,52720,SAPUYES,0.0,52.0,0.0,0.0,0.0,0.0,1.0
2012,52,52,52835,SAN ANDRÉS DE TUMACO,0.0,868.0,713.0,35.0,1.0,0.0,8.0
2012,52,52,52838,TÚQUERRES,0.0,251.0,0.0,0.0,0.0,0.0,1.0
2012,52,52,52838,TÚQUERRES,0.0,12.0,101.0,0.0,0.0,0.0,2.0
2012,54,54,54001,SAN JOSÉ DE CÚCUTA,0.0,3073.0,0.0,0.0,0.0,0.0,1.0
2012,54,54,54001,SAN JOSÉ DE CÚCUTA,156.0,3369.0,23479.0,733.0,190.0,0.0,18.0
2012,54,54,54003,ÁBREGO,0.0,142.0,0.0,0.0,0.0,0.0,1.0
2012,54,54,54051,ARBOLEDAS,0.0,31.0,22.0,0.0,0.0,0.0,2.0
2012,54,54,54099,BOCHALEMA,0.0,55.0,1.0,0.0,0.0,0.0,2.0
2012,54,54,54125,CÁCOTA,0.0,31.0,0.0,0.0,0.0,0.0,1.0
2012,54,54,54128,CÁCHIRA,0.0,32.0,0.0,0.0,0.0,0.0,1.0
2012,54,54,54128,CÁCHIRA,0.0,32.0,17.0,0.0,0.0,0.0,2.0
2012,54,54,54172,CHINÁCOTA,0.0,132.0,1.0,0.0,0.0,0.0,2.0
2012,54,54,54174,CHITAGÁ,0.0,31.0,0.0,0.0,0.0,0.0,1.0
2012,54,54,54223,CUCUTILLA,0.0,21.0,1.0,0.0,0.0,0.0,2.0
2012,54,54,54239,DURANIA,0.0,47.0,12.0,0.0,0.0,0.0,2.0
2012,54,54,54245,EL CARMEN,0.0,78.0,2.0,0.0,0.0,0.0,2.0
2012,54,54,54250,EL TARRA,0.0,25.0,0.0,0.0,0.0,0.0,1.0
2012,54,54,54261,EL ZULIA,0.0,59.0,1.0,0.0,0.0,0.0,3.0
2012,54,54,54313,GRAMALOTE,0.0,0.0,7.0,0.0,0.0,0.0,2.0
2012,54,54,54344,HACARÍ,0.0,0.0,1.0,0.0,0.0,0.0,1.0
2012,54,54,54347,HERRÁN,0.0,30.0,0.0,0.0,0.0,0.0,1.0
2012,54,54,54377,LABATECA,0.0,94.0,0.0,0.0,0.0,0.0,1.0
2012,54,54,54398,LA PLAYA,0.0,15.0,0.0,0.0,0.0,0.0,1.0
2012,54,54,54405,LOS PATIOS,0.0,129.0,0.0,0.0,0.0,0.0,1.0
2012,54,54,54418,LOURDES,0.0,0.0,1.0,0.0,0.0,0.0,1.0
2012,54,54,54480,MUTISCUA,0.0,14.0,0.0,0.0,0.0,0.0,1.0
2012,54,54,54498,OCAÑA,165.0,1496.0,4568.0,76.0,5.0,0.0,7.0
2012,54,54,54518,PAMPLONA,0.0,1547.0,9323.0,104.0,123.0,0.0,5.0
2012,54,54,54520,PAMPLONITA,0.0,25.0,0.0,0.0,0.0,0.0,1.0
2012,54,54,54553,PUERTO SANTANDER,0.0,48.0,0.0,0.0,0.0,0.0,1.0
2012,54,54,54599,RAGONVALIA,0.0,76.0,0.0,0.0,0.0,0.0,1.0
2012,54,54,54660,SALAZAR,0.0,73.0,0.0,0.0,0.0,0.0,1.0
2012,54,54,54673,SAN CAYETANO,0.0,69.0,9.0,0.0,0.0,0.0,2.0
2012,54,54,54680,SANTIAGO,0.0,54.0,0.0,0.0,0.0,0.0,1.0
2012,54,54,54720,SARDINATA,0.0,59.0,17.0,0.0,0.0,0.0,2.0
2012,54,54,54800,TEORAMA,0.0,12.0,0.0,0.0,0.0,0.0,1.0
2012,54,54,54810,TIBÚ,0.0,258.0,79.0,0.0,0.0,0.0,3.0
2012,54,54,54820,TOLEDO,0.0,83.0,0.0,0.0,0.0,0.0,1.0
2012,54,54,54874,VILLA DEL ROSARIO,391.0,287.0,3560.0,0.0,0.0,0.0,2.0
2012,63,63,63001,ARMENIA,1165.0,6133.0,18671.0,368.0,120.0,0.0,17.0
2012,63,63,63111,BUENAVISTA,36.0,16.0,0.0,0.0,0.0,0.0,1.0
2012,63,63,63130,CALARCÁ,35.0,420.0,6.0,19.0,0.0,0.0,3.0
2012,63,63,63190,CIRCASIA,36.0,122.0,293.0,0.0,0.0,0.0,3.0
2012,63,63,63212,CÓRDOBA,22.0,27.0,0.0,0.0,0.0,0.0,1.0
2012,63,63,63272,FILANDIA,23.0,61.0,0.0,0.0,0.0,0.0,1.0
2012,63,63,63302,GÉNOVA,23.0,60.0,0.0,0.0,0.0,0.0,1.0
2012,63,63,63401,LA TEBAIDA,0.0,143.0,0.0,0.0,0.0,0.0,1.0
2012,63,63,63470,MONTENEGRO,41.0,204.0,2.0,0.0,0.0,0.0,3.0
2012,63,63,63548,PIJAO,31.0,21.0,1.0,0.0,0.0,0.0,2.0
2012,63,63,63594,QUIMBAYA,34.0,297.0,178.0,0.0,0.0,0.0,4.0
2012,63,63,63690,SALENTO,25.0,12.0,1.0,0.0,0.0,0.0,2.0
2012,66,66,66001,PEREIRA,911.0,7363.0,25379.0,1277.0,954.0,22.0,17.0
2012,66,66,66045,APÍA,0.0,94.0,1.0,0.0,0.0,0.0,2.0
2012,66,66,66075,BALBOA,0.0,30.0,1.0,0.0,0.0,0.0,2.0
2012,66,66,66088,BELÉN DE UMBRÍA,0.0,141.0,0.0,0.0,0.0,0.0,2.0
2012,66,66,66170,DOSQUEBRADAS,0.0,1806.0,294.0,0.0,0.0,0.0,3.0
2012,66,66,66318,GUÁTICA,0.0,16.0,0.0,0.0,0.0,0.0,1.0
2012,66,66,66383,LA CELIA,0.0,2.0,1.0,0.0,0.0,0.0,2.0
2012,66,66,66400,LA VIRGINIA,0.0,132.0,1.0,0.0,0.0,0.0,2.0
2012,66,66,66440,MARSELLA,0.0,19.0,0.0,0.0,0.0,0.0,1.0
2012,66,66,66456,MISTRATÓ,0.0,49.0,92.0,0.0,0.0,0.0,2.0
2012,66,66,66572,PUEBLO RICO,0.0,11.0,1.0,0.0,0.0,0.0,2.0
2012,66,66,66594,QUINCHÍA,0.0,140.0,86.0,0.0,0.0,0.0,4.0
2012,66,66,66682,SANTA ROSA DE CABAL,0.0,604.0,962.0,17.0,0.0,0.0,3.0
2012,68,68,68001,BUCARAMANGA,1641.0,23113.0,53646.0,19741.0,1382.0,65.0,28.0
2012,68,68,68020,ALBANIA,0.0,1.0,0.0,0.0,0.0,0.0,1.0
2012,68,68,68077,BARBOSA,0.0,290.0,15.0,0.0,0.0,0.0,2.0
2012,68,68,68079,BARICHARA,0.0,78.0,1.0,0.0,0.0,0.0,2.0
2012,68,68,68081,BARRANCABERMEJA,0.0,4449.0,3982.0,329.0,0.0,0.0,12.0
2012,68,68,68092,BETULIA,0.0,0.0,1.0,0.0,0.0,0.0,1.0
2012,68,68,68147,CAPITANEJO,0.0,57.0,0.0,0.0,0.0,0.0,1.0
2012,68,68,68152,CARCASÍ,0.0,22.0,0.0,0.0,0.0,0.0,1.0
2012,68,68,68162,CERRITO,0.0,56.0,0.0,0.0,0.0,0.0,1.0
2012,68,68,68167,CHARALÁ,0.0,62.0,1.0,0.0,0.0,0.0,2.0
2012,68,68,68176,CHIMA,0.0,31.0,0.0,0.0,0.0,0.0,1.0
2012,68,68,68179,CHIPATÁ,0.0,41.0,0.0,0.0,0.0,0.0,1.0
2012,68,68,68190,CIMITARRA,0.0,78.0,0.0,0.0,0.0,0.0,1.0
2012,68,68,68207,CONCEPCIÓN,0.0,32.0,1.0,0.0,0.0,0.0,2.0
2012,68,68,68229,CURITÍ,0.0,93.0,0.0,0.0,0.0,0.0,1.0
2012,68,68,68235,EL CARMEN DE CHUCURÍ,0.0,0.0,42.0,0.0,0.0,0.0,1.0
2012,68,68,68245,EL GUACAMAYO,0.0,26.0,0.0,0.0,0.0,0.0,1.0
2012,68,68,68255,EL PLAYÓN,0.0,283.0,0.0,0.0,0.0,0.0,1.0
2012,68,68,68266,ENCISO,0.0,43.0,0.0,0.0,0.0,0.0,1.0
2012,68,68,68271,FLORIÁN,0.0,37.0,0.0,0.0,0.0,0.0,1.0
2012,68,68,68276,FLORIDABLANCA,0.0,1584.0,3.0,0.0,0.0,0.0,2.0
2012,68,68,68296,GALÁN,0.0,30.0,0.0,0.0,0.0,0.0,1.0
2012,68,68,68307,GIRÓN,0.0,2105.0,16.0,0.0,0.0,0.0,3.0
2012,68,68,68318,GUACA,0.0,59.0,0.0,0.0,0.0,0.0,1.0
2012,68,68,68320,GUADALUPE,0.0,63.0,0.0,0.0,0.0,0.0,1.0
2012,68,68,68322,GUAPOTÁ,0.0,17.0,0.0,0.0,0.0,0.0,1.0
2012,68,68,68344,HATO,0.0,32.0,0.0,0.0,0.0,0.0,1.0
2012,68,68,68377,LA BELLEZA,0.0,30.0,0.0,0.0,0.0,0.0,1.0
2012,68,68,68385,LANDÁZURI,0.0,99.0,0.0,0.0,0.0,0.0,1.0
2012,68,68,68406,LEBRIJA,0.0,33.0,0.0,0.0,0.0,0.0,1.0
2012,68,68,68425,MACARAVITA,0.0,28.0,0.0,0.0,0.0,0.0,1.0
2012,68,68,68432,MÁLAGA,0.0,568.0,502.0,27.0,0.0,0.0,6.0
2012,68,68,68444,MATANZA,0.0,0.0,1.0,0.0,0.0,0.0,1.0
2012,68,68,68464,MOGOTES,0.0,57.0,0.0,0.0,0.0,0.0,1.0
2012,68,68,68500,OIBA,0.0,43.0,65.0,0.0,0.0,0.0,2.0
2012,68,68,68522,PALMAR,0.0,19.0,0.0,0.0,0.0,0.0,1.0
2012,68,68,68533,PÁRAMO,0.0,69.0,0.0,0.0,0.0,0.0,1.0
2012,68,68,68547,PIEDECUESTA,0.0,1185.0,2.0,0.0,0.0,0.0,2.0
2012,68,68,68575,PUERTO WILCHES,0.0,67.0,0.0,20.0,0.0,0.0,2.0
2012,68,68,68615,RIONEGRO,0.0,32.0,0.0,0.0,0.0,0.0,1.0
2012,68,68,68655,SABANA DE TORRES,0.0,132.0,6.0,0.0,0.0,0.0,2.0
2012,68,68,68669,SAN ANDRÉS,0.0,70.0,0.0,0.0,0.0,0.0,1.0
2012,68,68,68679,SAN GIL,60.0,1667.0,2143.0,18.0,0.0,0.0,8.0
2012,68,68,68686,SAN MIGUEL,0.0,35.0,0.0,0.0,0.0,0.0,1.0
2012,68,68,68689,SAN VICENTE DE CHUCURÍ,0.0,60.0,0.0,0.0,0.0,0.0,1.0
2012,68,68,68689,SAN VICENTE DE CHUCURÍ,0.0,0.0,4.0,0.0,0.0,0.0,1.0
2012,68,68,68745,SIMACOTA,0.0,21.0,0.0,0.0,0.0,0.0,1.0
2012,68,68,68755,SOCORRO,0.0,622.0,1031.0,92.0,0.0,0.0,4.0
2012,68,68,68770,SUAITA,0.0,38.0,2.0,0.0,0.0,0.0,2.0
2012,68,68,68855,VALLE DE SAN JOSÉ,0.0,33.0,0.0,0.0,0.0,0.0,1.0
2012,68,68,68861,VÉLEZ,0.0,708.0,264.0,6.0,0.0,0.0,4.0
2012,68,68,68867,VETAS,0.0,43.0,0.0,0.0,0.0,0.0,1.0
2012,68,68,68872,VILLANUEVA,0.0,47.0,0.0,0.0,0.0,0.0,1.0
2012,68,68,68895,ZAPATOCA,0.0,0.0,2.0,0.0,0.0,0.0,1.0
2012,70,70,70001,SINCELEJO,578.0,1049.0,12275.0,674.0,0.0,0.0,12.0
2012,70,70,70215,COROZAL,0.0,47.0,0.0,0.0,0.0,0.0,1.0
2012,70,70,70215,COROZAL,0.0,146.0,896.0,32.0,2.0,0.0,3.0
2012,70,70,70221,COVEÑAS,0.0,212.0,32.0,0.0,0.0,0.0,2.0
2012,70,70,70235,GALERAS,0.0,0.0,18.0,0.0,0.0,0.0,1.0
2012,70,70,70400,LA UNIÓN,0.0,0.0,23.0,0.0,0.0,0.0,1.0
2012,70,70,70418,LOS PALMITOS,0.0,0.0,19.0,0.0,0.0,0.0,1.0
2012,70,70,70429,MAJAGUAL,0.0,0.0,2.0,0.0,0.0,0.0,1.0
2012,70,70,70473,MORROA,0.0,0.0,1.0,0.0,0.0,0.0,1.0
2012,70,70,70523,PALMITO,0.0,0.0,45.0,0.0,0.0,0.0,2.0
2012,70,70,70670,SAMPUÉS,0.0,41.0,0.0,0.0,0.0,0.0,1.0
2012,70,70,70708,SAN MARCOS,0.0,0.0,357.0,0.0,0.0,0.0,3.0
2012,70,70,70713,SAN ONOFRE,0.0,0.0,107.0,0.0,0.0,0.0,2.0
2012,70,70,70742,SAN LUIS DE SINCÉ,0.0,1.0,144.0,0.0,0.0,0.0,3.0
2012,70,70,70771,SUCRE,0.0,0.0,2.0,0.0,0.0,0.0,1.0
2012,70,70,70820,SANTIAGO DE TOLÚ,0.0,184.0,0.0,0.0,0.0,0.0,1.0
2012,73,73,73001,IBAGUÉ,964.0,7952.0,22395.0,270.0,102.0,0.0,20.0
2012,73,73,73024,ALPUJARRA,0.0,30.0,0.0,0.0,0.0,0.0,1.0
2012,73,73,73026,ALVARADO,0.0,46.0,0.0,0.0,0.0,0.0,2.0
2012,73,73,73030,AMBALEMA,0.0,50.0,0.0,0.0,0.0,0.0,1.0
2012,73,73,73043,ANZOÁTEGUI,0.0,32.0,0.0,0.0,0.0,0.0,2.0
2012,73,73,73055,ARMERO,0.0,92.0,0.0,0.0,0.0,0.0,1.0
2012,73,73,73067,ATACO,0.0,6.0,11.0,0.0,0.0,0.0,2.0
2012,73,73,73124,CAJAMARCA,0.0,338.0,92.0,0.0,0.0,0.0,2.0
2012,73,73,73148,CARMEN DE APICALÁ,43.0,61.0,38.0,0.0,0.0,0.0,2.0
2012,73,73,73152,CASABIANCA,0.0,13.0,13.0,0.0,0.0,0.0,2.0
2012,73,73,73168,CHAPARRAL,0.0,335.0,194.0,0.0,0.0,0.0,4.0
2012,73,73,73200,COELLO,0.0,47.0,0.0,0.0,0.0,0.0,1.0
2012,73,73,73217,COYAIMA,0.0,11.0,48.0,0.0,0.0,0.0,1.0
2012,73,73,73226,CUNDAY,0.0,48.0,3.0,0.0,0.0,0.0,2.0
2012,73,73,73236,DOLORES,0.0,30.0,22.0,0.0,0.0,0.0,2.0
2012,73,73,73268,ESPINAL,1864.0,1944.0,943.0,0.0,0.0,0.0,7.0
2012,73,73,73270,FALAN,0.0,0.0,20.0,0.0,0.0,0.0,1.0
2012,73,73,73275,FLANDES,163.0,71.0,54.0,0.0,0.0,0.0,4.0
2012,73,73,73283,FRESNO,0.0,147.0,43.0,0.0,0.0,0.0,3.0
2012,73,73,73319,GUAMO,0.0,142.0,0.0,0.0,0.0,0.0,1.0
2012,73,73,73347,HERVEO,0.0,8.0,4.0,0.0,0.0,0.0,2.0
2012,73,73,73349,HONDA,0.0,434.0,339.0,0.0,0.0,0.0,4.0
2012,73,73,73352,ICONONZO,28.0,0.0,34.0,0.0,0.0,0.0,2.0
2012,73,73,73408,LÉRIDA,0.0,321.0,57.0,0.0,0.0,0.0,4.0
2012,73,73,73411,LÍBANO,33.0,511.0,181.0,0.0,3.0,0.0,6.0
2012,73,73,73443,SAN SEBASTIÁN DE MARIQUITA,69.0,249.0,317.0,8.0,0.0,0.0,5.0
2012,73,73,73443,SAN SEBASTIÁN DE MARIQUITA,0.0,373.0,0.0,0.0,0.0,0.0,1.0
2012,73,73,73449,MELGAR,0.0,293.0,225.0,0.0,0.0,0.0,2.0
2012,73,73,73483,NATAGAIMA,7.0,0.0,29.0,0.0,0.0,0.0,2.0
2012,73,73,73504,ORTEGA,0.0,44.0,45.0,0.0,0.0,0.0,3.0
2012,73,73,73520,PALOCABILDO,0.0,48.0,0.0,0.0,0.0,0.0,1.0
2012,73,73,73555,PLANADAS,0.0,206.0,0.0,0.0,0.0,0.0,2.0
2012,73,73,73563,PRADO,0.0,0.0,11.0,0.0,0.0,0.0,1.0
2012,73,73,73585,PURIFICACIÓN,19.0,510.0,203.0,21.0,0.0,0.0,6.0
2012,73,73,73616,RIOBLANCO,0.0,17.0,88.0,0.0,0.0,0.0,2.0
2012,73,73,73624,ROVIRA,0.0,10.0,1.0,0.0,0.0,0.0,2.0
2012,73,73,73671,SALDAÑA,0.0,94.0,1.0,0.0,0.0,0.0,3.0
2012,73,73,73675,SAN ANTONIO,0.0,1.0,48.0,0.0,0.0,0.0,1.0
2012,73,73,73678,SAN LUIS,0.0,136.0,12.0,0.0,0.0,0.0,3.0
2012,73,73,73686,SANTA ISABEL,0.0,0.0,1.0,0.0,0.0,0.0,1.0
2012,73,73,73861,VENADILLO,0.0,171.0,15.0,0.0,0.0,0.0,3.0
2012,73,73,73870,VILLAHERMOSA,0.0,0.0,22.0,0.0,0.0,0.0,2.0
2012,73,73,73873,VILLARRICA,0.0,0.0,1.0,0.0,0.0,0.0,1.0
2012,76,76,76001,CALI,5111.0,24701.0,67757.0,3665.0,3741.0,294.0,49.0
2012,76,76,76020,ALCALÁ,0.0,49.0,1.0,0.0,0.0,0.0,2.0
2012,76,76,76036,ANDALUCÍA,0.0,156.0,0.0,0.0,0.0,0.0,1.0
2012,76,76,76041,ANSERMANUEVO,0.0,0.0,1.0,0.0,0.0,0.0,1.0
2012,76,76,76054,ARGELIA,0.0,48.0,1.0,0.0,0.0,0.0,2.0
2012,76,76,76100,BOLÍVAR,0.0,52.0,0.0,0.0,0.0,0.0,1.0
2012,76,76,76109,BUENAVENTURA,440.0,1939.0,2692.0,64.0,0.0,0.0,11.0
2012,76,76,76111,GUADALAJARA DE BUGA,0.0,2535.0,1623.0,13.0,0.0,0.0,6.0
2012,76,76,76113,BUGALAGRANDE,0.0,203.0,0.0,0.0,0.0,0.0,1.0
2012,76,76,76122,CAICEDONIA,34.0,228.0,286.0,0.0,0.0,0.0,2.0
2012,76,76,76126,CALIMA,0.0,17.0,0.0,0.0,0.0,0.0,1.0
2012,76,76,76130,CANDELARIA,0.0,121.0,1.0,0.0,0.0,0.0,2.0
2012,76,76,76147,CARTAGO,0.0,1775.0,1279.0,3.0,0.0,0.0,9.0
2012,76,76,76233,DAGUA,0.0,262.0,0.0,0.0,0.0,0.0,1.0
2012,76,76,76243,EL ÁGUILA,0.0,44.0,1.0,0.0,0.0,0.0,2.0
2012,76,76,76248,EL CERRITO,0.0,81.0,0.0,0.0,0.0,0.0,1.0
2012,76,76,76250,EL DOVIO,41.0,0.0,0.0,0.0,0.0,0.0,1.0
2012,76,76,76275,FLORIDA,0.0,316.0,119.0,0.0,0.0,0.0,2.0
2012,76,76,76306,GINEBRA,0.0,40.0,0.0,0.0,0.0,0.0,1.0
2012,76,76,76318,GUACARÍ,0.0,177.0,0.0,0.0,0.0,0.0,1.0
2012,76,76,76364,JAMUNDÍ,2.0,439.0,109.0,0.0,0.0,0.0,3.0
2012,76,76,76377,LA CUMBRE,0.0,38.0,0.0,0.0,0.0,0.0,1.0
2012,76,76,76400,LA UNIÓN,0.0,345.0,53.0,0.0,0.0,0.0,3.0
2012,76,76,76403,LA VICTORIA,0.0,51.0,3.0,0.0,0.0,0.0,2.0
2012,76,76,76520,PALMIRA,129.0,2935.0,10306.0,149.0,199.0,65.0,11.0
2012,76,76,76563,PRADERA,0.0,162.0,0.0,15.0,0.0,0.0,2.0
2012,76,76,76606,RESTREPO,0.0,2.0,39.0,0.0,0.0,0.0,1.0
2012,76,76,76616,RIOFRÍO,0.0,176.0,0.0,0.0,0.0,0.0,1.0
2012,76,76,76622,ROLDANILLO,671.0,382.0,358.0,0.0,0.0,0.0,6.0
2012,76,76,76670,SAN PEDRO,0.0,98.0,0.0,0.0,0.0,0.0,1.0
2012,76,76,76736,SEVILLA,0.0,155.0,40.0,0.0,0.0,0.0,3.0
2012,76,76,76823,TORO,0.0,27.0,0.0,0.0,0.0,0.0,1.0
2012,76,76,76828,TRUJILLO,0.0,31.0,0.0,0.0,0.0,0.0,1.0
2012,76,76,76834,TULUÁ,0.0,2929.0,5174.0,133.0,48.0,0.0,8.0
2012,76,76,76863,VERSALLES,0.0,135.0,0.0,0.0,0.0,0.0,1.0
2012,76,76,76869,VIJES,0.0,28.0,0.0,0.0,0.0,0.0,2.0
2012,76,76,76892,YUMBO,0.0,846.0,265.0,0.0,0.0,0.0,3.0
2012,76,76,76895,ZARZAL,0.0,673.0,743.0,0.0,0.0,0.0,2.0
2012,8,8,8001,BARRANQUILLA,2712.0,14126.0,68593.0,2405.0,1033.0,24.0,30.0
2012,8,8,8078,BARANOA,0.0,37.0,0.0,0.0,0.0,0.0,1.0
2012,8,8,8296,GALAPA,117.0,37.0,0.0,0.0,0.0,0.0,2.0
2012,8,8,8421,LURUACO,0.0,0.0,0.0,29.0,0.0,0.0,1.0
2012,8,8,8433,MALAMBO,0.0,251.0,17.0,21.0,0.0,0.0,3.0
2012,8,8,8436,MANATÍ,0.0,67.0,0.0,0.0,0.0,0.0,1.0
2012,8,8,8520,PALMAR DE VARELA,0.0,45.0,1.0,0.0,0.0,0.0,2.0
2012,8,8,8558,POLONUEVO,0.0,68.0,0.0,0.0,0.0,0.0,1.0
2012,8,8,8560,PONEDERA,0.0,16.0,0.0,0.0,0.0,0.0,1.0
2012,8,8,8573,PUERTO COLOMBIA,0.0,181.0,298.0,0.0,0.0,0.0,2.0
2012,8,8,8606,REPELÓN,0.0,89.0,0.0,0.0,0.0,0.0,1.0
2012,8,8,8634,SABANAGRANDE,77.0,27.0,0.0,0.0,0.0,0.0,2.0
2012,8,8,8638,SABANALARGA,3.0,445.0,1.0,0.0,0.0,0.0,3.0
2012,8,8,8685,SANTO TOMÁS,0.0,31.0,1.0,0.0,0.0,0.0,2.0
2012,8,8,8758,SOLEDAD,1621.0,773.0,147.0,0.0,0.0,0.0,4.0
2012,8,8,8770,SUAN,0.0,93.0,0.0,0.0,0.0,0.0,1.0
2012,81,81,81001,ARAUCA,0.0,726.0,2129.0,0.0,0.0,0.0,7.0
2012,81,81,81065,ARAUQUITA,0.0,145.0,2.0,0.0,0.0,0.0,2.0
2012,81,81,81220,CRAVO NORTE,0.0,46.0,1.0,0.0,0.0,0.0,2.0
2012,81,81,81300,FORTUL,0.0,21.0,1.0,0.0,0.0,0.0,2.0
2012,81,81,81591,PUERTO RONDÓN,11.0,5.0,0.0,0.0,0.0,0.0,1.0
2012,81,81,81736,SARAVENA,0.0,228.0,240.0,0.0,0.0,0.0,7.0
2012,81,81,81794,TAME,0.0,295.0,0.0,0.0,0.0,0.0,1.0
2012,81,81,81794,TAME,0.0,66.0,93.0,0.0,0.0,0.0,4.0
2012,85,85,85001,YOPAL,68.0,1769.0,6206.0,27.0,4.0,0.0,12.0
2012,85,85,85010,AGUAZUL,17.0,213.0,7.0,0.0,0.0,0.0,2.0
2012,85,85,85139,MANÍ,0.0,66.0,0.0,0.0,0.0,0.0,2.0
2012,85,85,85162,MONTERREY,0.0,140.0,179.0,0.0,0.0,0.0,4.0
2012,85,85,85225,NUNCHÍA,0.0,22.0,0.0,0.0,0.0,0.0,1.0
2012,85,85,85230,OROCUÉ,0.0,52.0,0.0,0.0,0.0,0.0,1.0
2012,85,85,85250,PAZ DE ARIPORO,23.0,73.0,244.0,0.0,0.0,0.0,3.0
2012,85,85,85400,TÁMARA,0.0,68.0,0.0,0.0,0.0,0.0,1.0
2012,85,85,85410,TAURAMENA,10.0,235.0,66.0,0.0,0.0,0.0,2.0
2012,85,85,85430,TRINIDAD,6.0,50.0,0.0,0.0,0.0,0.0,2.0
2012,85,85,85440,VILLANUEVA,71.0,200.0,213.0,0.0,0.0,0.0,3.0
2012,86,86,86001,MOCOA,0.0,379.0,0.0,0.0,0.0,0.0,1.0
2012,86,86,86001,MOCOA,0.0,856.0,681.0,29.0,0.0,0.0,6.0
2012,86,86,86320,ORITO,0.0,36.0,0.0,0.0,0.0,0.0,1.0
2012,86,86,86568,PUERTO ASÍS,0.0,467.0,0.0,0.0,0.0,0.0,1.0
2012,86,86,86568,PUERTO ASÍS,0.0,43.0,371.0,2.0,0.0,0.0,5.0
2012,86,86,86571,PUERTO GUZMÁN,8.0,48.0,0.0,0.0,0.0,0.0,2.0
2012,86,86,86573,PUERTO LEGUÍZAMO,0.0,44.0,0.0,0.0,0.0,0.0,1.0
2012,86,86,86749,SIBUNDOY,0.0,276.0,11.0,0.0,0.0,0.0,2.0
2012,86,86,86755,SAN FRANCISCO,0.0,73.0,54.0,0.0,0.0,0.0,4.0
2012,86,86,86757,SAN MIGUEL,0.0,30.0,1.0,0.0,0.0,0.0,2.0
2012,86,86,86760,SANTIAGO,0.0,0.0,2.0,0.0,0.0,0.0,1.0
2012,86,86,86865,VALLE DEL GUAMUEZ,0.0,85.0,0.0,0.0,0.0,0.0,1.0
2012,86,86,86865,VALLE DEL GUAMUEZ,0.0,68.0,213.0,5.0,0.0,0.0,3.0
2012,86,86,86885,VILLAGARZÓN,0.0,132.0,1.0,0.0,0.0,0.0,2.0
2012,88,88,88001,SAN ANDRÉS,148.0,927.0,28.0,51.0,12.0,1.0,7.0
2012,88,88,88564,PROVIDENCIA,0.0,64.0,16.0,0.0,0.0,0.0,3.0
2012,91,91,91001,LETICIA,0.0,642.0,230.0,13.0,27.0,0.0,8.0
2012,91,91,91263,EL ENCANTO,0.0,0.0,1.0,0.0,0.0,0.0,1.0
2012,94,94,94001,INÍRIDA,0.0,345.0,190.0,7.0,0.0,0.0,5.0
2012,95,95,95001,SAN JOSÉ DEL GUAVIARE,0.0,1171.0,396.0,32.0,0.0,0.0,7.0
2012,95,95,95015,CALAMAR,0.0,35.0,0.0,0.0,0.0,0.0,1.0
2012,95,95,95025,EL RETORNO,0.0,124.0,0.0,0.0,0.0,0.0,1.0
2012,95,95,95200,MIRAFLORES,0.0,0.0,1.0,0.0,0.0,0.0,1.0
2012,97,97,97001,MITÚ,0.0,266.0,27.0,0.0,0.0,0.0,3.0
2012,99,99,99001,PUERTO CARREÑO,20.0,531.0,125.0,19.0,0.0,0.0,6.0
2012,99,99,99524,LA PRIMAVERA,0.0,55.0,2.0,0.0,0.0,0.0,2.0
2012,99,99,99624,SANTA ROSALÍA,0.0,34.0,0.0,0.0,0.0,0.0,1.0
2012,99,99,99773,CUMARIBO,0.0,80.0,0.0,0.0,0.0,0.0,1.0
2013,-,-,-,NO IDENTIFICADO,0.0,87.0,24.0,50.0,0.0,0.0,3.0
2013,11,11,11001,BOGOTÁ D.C.,39971.0,150728.0,413636.0,30151.0,17636.0,1758.0,118.0
2013,13,13,13001,CARTAGENA DE INDIAS,1831.0,28890.0,34824.0,1576.0,359.0,55.0,35.0
2013,13,13,13006,ACHÍ,38.0,0.0,63.0,0.0,0.0,0.0,1.0
2013,13,13,13030,ALTOS DEL ROSARIO,0.0,36.0,0.0,0.0,0.0,0.0,1.0
2013,13,13,13052,ARJONA,0.0,61.0,0.0,0.0,0.0,0.0,1.0
2013,13,13,13140,CALAMAR,0.0,0.0,0.0,21.0,0.0,0.0,1.0
2013,13,13,13160,CANTAGALLO,0.0,78.0,0.0,0.0,0.0,0.0,1.0
2013,13,13,13212,CÓRDOBA,0.0,21.0,0.0,0.0,0.0,0.0,1.0
2013,13,13,13244,EL CARMEN DE BOLÍVAR,0.0,207.0,679.0,0.0,0.0,0.0,5.0
2013,13,13,13248,EL GUAMO,0.0,20.0,0.0,0.0,0.0,0.0,1.0
2013,13,13,13430,MAGANGUÉ,83.0,321.0,1034.0,75.0,0.0,0.0,6.0
2013,13,13,13433,MAHATES,0.0,38.0,0.0,0.0,0.0,0.0,1.0
2013,13,13,13442,MARÍA LA BAJA,0.0,50.0,77.0,0.0,0.0,0.0,2.0
2013,13,13,13458,MONTECRISTO,0.0,0.0,1.0,0.0,0.0,0.0,1.0
2013,13,13,13468,SANTA CRUZ DE MOMPOX,0.0,62.0,176.0,1.0,0.0,0.0,5.0
2013,13,13,13473,MORALES,0.0,98.0,0.0,0.0,0.0,0.0,1.0
2013,13,13,13549,PINILLOS,0.0,29.0,0.0,0.0,0.0,0.0,1.0
2013,13,13,13600,RÍO VIEJO,0.0,31.0,0.0,0.0,0.0,0.0,1.0
2013,13,13,13647,SAN ESTANISLAO,0.0,0.0,56.0,0.0,0.0,0.0,2.0
2013,13,13,13650,SAN FERNANDO,0.0,0.0,1.0,0.0,0.0,0.0,1.0
2013,13,13,13654,SAN JACINTO,0.0,79.0,4.0,0.0,0.0,0.0,2.0
2013,13,13,13657,SAN JUAN NEPOMUCENO,0.0,27.0,272.0,21.0,0.0,0.0,3.0
2013,13,13,13667,SAN MARTÍN DE LOBA,0.0,25.0,0.0,0.0,0.0,0.0,1.0
2013,13,13,13670,SAN PABLO,0.0,69.0,0.0,0.0,0.0,0.0,1.0
2013,13,13,13670,SAN PABLO,0.0,0.0,0.0,25.0,0.0,0.0,1.0
2013,13,13,13673,SANTA CATALINA,0.0,18.0,0.0,0.0,0.0,0.0,1.0
2013,13,13,13673,SANTA CATALINA,0.0,0.0,0.0,21.0,0.0,0.0,1.0
2013,13,13,13683,SANTA ROSA,0.0,0.0,4.0,0.0,0.0,0.0,1.0
2013,13,13,13688,SANTA ROSA DEL SUR,0.0,70.0,46.0,0.0,0.0,0.0,4.0
2013,13,13,13744,SIMITÍ,0.0,45.0,0.0,0.0,0.0,0.0,1.0
2013,13,13,13780,TALAIGUA NUEVO,0.0,44.0,0.0,0.0,0.0,0.0,1.0
2013,13,13,13836,TURBACO,7.0,77.0,668.0,0.0,0.0,0.0,2.0
2013,13,13,13838,TURBANÁ,0.0,53.0,0.0,0.0,0.0,0.0,1.0
2013,13,13,13873,VILLANUEVA,23.0,126.0,103.0,0.0,0.0,0.0,2.0
2013,13,13,13894,ZAMBRANO,0.0,15.0,0.0,0.0,0.0,0.0,1.0
2013,15,15,15001,TUNJA,176.0,4163.0,25213.0,5374.0,1043.0,96.0,14.0
2013,15,15,15047,AQUITANIA,0.0,78.0,0.0,0.0,0.0,0.0,1.0
2013,15,15,15087,BELÉN,0.0,35.0,0.0,0.0,0.0,0.0,1.0
2013,15,15,15097,BOAVITA,0.0,16.0,89.0,0.0,0.0,0.0,1.0
2013,15,15,15109,BUENAVISTA,0.0,30.0,0.0,0.0,0.0,0.0,1.0
2013,15,15,15131,CALDAS,0.0,0.0,2.0,0.0,0.0,0.0,1.0
2013,15,15,15162,CERINZA,0.0,0.0,7.0,0.0,0.0,0.0,1.0
2013,15,15,15176,CHIQUINQUIRÁ,40.0,340.0,2253.0,12.0,40.0,0.0,8.0
2013,15,15,15180,CHISCAS,0.0,32.0,17.0,0.0,0.0,0.0,3.0
2013,15,15,15183,CHITA,0.0,35.0,0.0,0.0,0.0,0.0,1.0
2013,15,15,15204,CÓMBITA,0.0,9.0,0.0,0.0,0.0,0.0,1.0
2013,15,15,15212,COPER,0.0,28.0,0.0,0.0,0.0,0.0,1.0
2013,15,15,15215,CORRALES,0.0,32.0,0.0,0.0,0.0,0.0,1.0
2013,15,15,15223,CUBARÁ,0.0,52.0,132.0,2.0,0.0,0.0,2.0
2013,15,15,15226,CUÍTIVA,0.0,0.0,1.0,0.0,0.0,0.0,1.0
2013,15,15,15236,CHIVOR,0.0,25.0,0.0,0.0,0.0,0.0,1.0
2013,15,15,15238,DUITAMA,4.0,1650.0,5229.0,113.0,3.0,0.0,9.0
2013,15,15,15244,EL COCUY,0.0,26.0,0.0,0.0,0.0,0.0,1.0
2013,15,15,15276,FLORESTA,0.0,23.0,0.0,0.0,0.0,0.0,1.0
2013,15,15,15293,GACHANTIVÁ,0.0,18.0,0.0,0.0,0.0,0.0,1.0
2013,15,15,15299,GARAGOA,1.0,216.0,276.0,5.0,1.0,0.0,5.0
2013,15,15,15322,GUATEQUE,5.0,50.0,72.0,3.0,0.0,0.0,3.0
2013,15,15,15332,GÜICÁN DE LA SIERRA,0.0,62.0,0.0,0.0,0.0,0.0,1.0
2013,15,15,15332,GÜICÁN DE LA SIERRA,0.0,3.0,39.0,0.0,0.0,0.0,2.0
2013,15,15,15367,JENESANO,0.0,0.0,1.0,0.0,0.0,0.0,1.0
2013,15,15,15377,LABRANZAGRANDE,0.0,25.0,0.0,0.0,0.0,0.0,1.0
2013,15,15,15425,MACANAL,0.0,17.0,0.0,0.0,0.0,0.0,1.0
2013,15,15,15442,MARIPÍ,0.0,0.0,1.0,0.0,0.0,0.0,1.0
2013,15,15,15455,MIRAFLORES,0.0,44.0,1.0,0.0,0.0,0.0,2.0
2013,15,15,15469,MONIQUIRÁ,62.0,59.0,191.0,0.0,0.0,0.0,5.0
2013,15,15,15480,MUZO,0.0,53.0,1.0,0.0,0.0,0.0,2.0
2013,15,15,15491,NOBSA,0.0,83.0,0.0,0.0,0.0,0.0,1.0
2013,15,15,15507,OTANCHE,0.0,42.0,0.0,0.0,0.0,0.0,1.0
2013,15,15,15516,PAIPA,0.0,412.0,1.0,0.0,0.0,0.0,2.0
2013,15,15,15531,PAUNA,0.0,24.0,0.0,0.0,0.0,0.0,1.0
2013,15,15,15537,PAZ DE RÍO,0.0,0.0,1.0,0.0,0.0,0.0,1.0
2013,15,15,15542,PESCA,0.0,0.0,2.0,0.0,0.0,0.0,1.0
2013,15,15,15572,PUERTO BOYACÁ,0.0,293.0,24.0,0.0,0.0,0.0,4.0
2013,15,15,15580,QUÍPAMA,0.0,29.0,0.0,0.0,0.0,0.0,1.0
2013,15,15,15599,RAMIRIQUÍ,0.0,33.0,0.0,0.0,0.0,0.0,1.0
2013,15,15,15621,RONDÓN,0.0,63.0,0.0,0.0,0.0,0.0,1.0
2013,15,15,15646,SAMACÁ,0.0,347.0,16.0,0.0,0.0,0.0,3.0
2013,15,15,15667,SAN LUIS DE GACENO,0.0,69.0,0.0,0.0,0.0,0.0,1.0
2013,15,15,15676,SAN MIGUEL DE SEMA,0.0,17.0,0.0,0.0,0.0,0.0,1.0
2013,15,15,15693,SANTA ROSA DE VITERBO,346.0,43.0,0.0,0.0,0.0,0.0,2.0
2013,15,15,15720,SATIVANORTE,0.0,45.0,0.0,0.0,0.0,0.0,1.0
2013,15,15,15753,SOATÁ,0.0,141.0,201.0,3.0,0.0,0.0,3.0
2013,15,15,15757,SOCHA,0.0,67.0,130.0,2.0,0.0,0.0,3.0
2013,15,15,15759,SOGAMOSO,37.0,5263.0,4942.0,369.0,3.0,0.0,8.0
2013,15,15,15764,SORACÁ,0.0,28.0,2.0,0.0,0.0,0.0,2.0
2013,15,15,15774,SUSACÓN,0.0,17.0,0.0,0.0,0.0,0.0,1.0
2013,15,15,15776,SUTAMARCHÁN,0.0,29.0,0.0,0.0,0.0,0.0,1.0
2013,15,15,15778,SUTATENZA,0.0,0.0,74.0,0.0,0.0,0.0,2.0
2013,15,15,15798,TENZA,0.0,0.0,68.0,0.0,0.0,0.0,2.0
2013,15,15,15820,TÓPAGA,0.0,0.0,1.0,0.0,0.0,0.0,1.0
2013,15,15,15832,TUNUNGUÁ,0.0,15.0,0.0,0.0,0.0,0.0,1.0
2013,15,15,15837,TUTA,0.0,29.0,1.0,0.0,0.0,0.0,2.0
2013,15,15,15842,ÚMBITA,0.0,41.0,0.0,0.0,0.0,0.0,1.0
2013,15,15,15897,ZETAQUIRA,0.0,25.0,1.0,0.0,0.0,0.0,2.0
2013,17,17,17001,MANIZALES,764.0,9225.0,24517.0,1049.0,2598.0,154.0,16.0
2013,17,17,17013,AGUADAS,0.0,65.0,8.0,0.0,0.0,0.0,2.0
2013,17,17,17042,ANSERMA,0.0,84.0,35.0,0.0,0.0,0.0,3.0
2013,17,17,17050,ARANZAZU,0.0,0.0,1.0,0.0,0.0,0.0,1.0
2013,17,17,17088,BELALCÁZAR,0.0,30.0,0.0,0.0,0.0,0.0,1.0
2013,17,17,17174,CHINCHINÁ,0.0,272.0,2.0,0.0,0.0,0.0,2.0
2013,17,17,17272,FILADELFIA,0.0,0.0,20.0,0.0,0.0,0.0,1.0
2013,17,17,17380,LA DORADA,0.0,1640.0,713.0,6.0,3.0,0.0,5.0
2013,17,17,17433,MANZANARES,19.0,17.0,4.0,0.0,0.0,0.0,3.0
2013,17,17,17442,MARMATO,0.0,63.0,0.0,0.0,0.0,0.0,1.0
2013,17,17,17444,MARQUETALIA,18.0,24.0,21.0,0.0,0.0,0.0,3.0
2013,17,17,17446,MARULANDA,0.0,28.0,0.0,0.0,0.0,0.0,1.0
2013,17,17,17486,NEIRA,0.0,99.0,2.0,0.0,0.0,0.0,2.0
2013,17,17,17495,NORCASIA,0.0,31.0,0.0,0.0,0.0,0.0,1.0
2013,17,17,17513,PÁCORA,0.0,33.0,16.0,0.0,0.0,0.0,3.0
2013,17,17,17524,PALESTINA,0.0,44.0,2.0,0.0,0.0,0.0,2.0
2013,17,17,17541,PENSILVANIA,117.0,54.0,4.0,0.0,0.0,0.0,3.0
2013,17,17,17614,RIOSUCIO,0.0,239.0,39.0,0.0,0.0,0.0,4.0
2013,17,17,17616,RISARALDA,0.0,27.0,0.0,0.0,0.0,0.0,1.0
2013,17,17,17653,SALAMINA,0.0,20.0,3.0,0.0,0.0,0.0,2.0
2013,17,17,17662,SAMANÁ,0.0,75.0,0.0,0.0,0.0,0.0,1.0
2013,17,17,17662,SAMANÁ,0.0,0.0,7.0,0.0,0.0,0.0,1.0
2013,17,17,17665,SAN JOSÉ,0.0,21.0,0.0,0.0,0.0,0.0,1.0
2013,17,17,17777,SUPÍA,0.0,43.0,1.0,0.0,0.0,0.0,2.0
2013,17,17,17867,VICTORIA,0.0,70.0,0.0,0.0,0.0,0.0,1.0
2013,17,17,17877,VITERBO,0.0,61.0,0.0,0.0,0.0,0.0,1.0
2013,18,18,18001,FLORENCIA,52.0,1280.0,7875.0,211.0,124.0,0.0,7.0
2013,18,18,18029,ALBANIA,27.0,7.0,5.0,0.0,0.0,0.0,1.0
2013,18,18,18094,BELÉN DE LOS ANDAQUÍES,0.0,0.0,19.0,0.0,0.0,0.0,1.0
2013,18,18,18150,CARTAGENA DEL CHAIRÁ,17.0,7.0,0.0,0.0,0.0,0.0,1.0
2013,18,18,18247,EL DONCELLO,26.0,40.0,43.0,0.0,0.0,0.0,4.0
2013,18,18,18256,EL PAUJÍL,0.0,0.0,17.0,0.0,0.0,0.0,2.0
2013,18,18,18592,PUERTO RICO,0.0,25.0,0.0,0.0,0.0,0.0,1.0
2013,18,18,18753,SAN VICENTE DEL CAGUÁN,49.0,115.0,193.0,21.0,0.0,0.0,6.0
2013,18,18,18756,SOLANO,0.0,19.0,0.0,0.0,0.0,0.0,1.0
2013,19,19,19001,POPAYÁN,13.0,7557.0,22802.0,570.0,298.0,79.0,19.0
2013,19,19,19050,ARGELIA,0.0,17.0,0.0,0.0,0.0,0.0,1.0
2013,19,19,19075,BALBOA,0.0,40.0,0.0,0.0,0.0,0.0,1.0
2013,19,19,19100,BOLÍVAR,0.0,82.0,0.0,0.0,0.0,0.0,2.0
2013,19,19,19110,BUENOS AIRES,0.0,0.0,3.0,0.0,0.0,0.0,1.0
2013,19,19,19130,CAJIBÍO,0.0,52.0,0.0,0.0,0.0,0.0,1.0
2013,19,19,19137,CALDONO,0.0,77.0,1.0,0.0,0.0,0.0,2.0
2013,19,19,19142,CALOTO,0.0,96.0,0.0,0.0,0.0,0.0,1.0
2013,19,19,19212,CORINTO,0.0,45.0,0.0,19.0,0.0,0.0,2.0
2013,19,19,19256,EL TAMBO,0.0,48.0,0.0,0.0,0.0,0.0,1.0
2013,19,19,19300,GUACHENÉ,0.0,108.0,0.0,0.0,0.0,0.0,1.0
2013,19,19,19318,GUAPI,0.0,82.0,1.0,0.0,0.0,0.0,2.0
2013,19,19,19355,INZÁ,0.0,74.0,0.0,0.0,0.0,0.0,1.0
2013,19,19,19392,LA SIERRA,0.0,42.0,0.0,0.0,0.0,0.0,1.0
2013,19,19,19450,MERCADERES,0.0,59.0,0.0,0.0,0.0,0.0,1.0
2013,19,19,19455,MIRANDA,0.0,424.0,100.0,0.0,0.0,0.0,4.0
2013,19,19,19473,MORALES,0.0,77.0,1.0,0.0,0.0,0.0,2.0
2013,19,19,19513,PADILLA,0.0,22.0,0.0,0.0,0.0,0.0,1.0
2013,19,19,19517,PÁEZ,0.0,33.0,0.0,0.0,0.0,0.0,1.0
2013,19,19,19532,PATÍA,0.0,129.0,177.0,2.0,1.0,0.0,3.0
2013,19,19,19533,PIAMONTE,0.0,46.0,0.0,0.0,0.0,0.0,1.0
2013,19,19,19548,PIENDAMÓ - TUNÍA,0.0,214.0,0.0,0.0,0.0,0.0,2.0
2013,19,19,19573,PUERTO TEJADA,23.0,520.0,0.0,0.0,0.0,0.0,2.0
2013,19,19,19698,SANTANDER DE QUILICHAO,0.0,581.0,0.0,0.0,0.0,0.0,1.0
2013,19,19,19698,SANTANDER DE QUILICHAO,29.0,523.0,1669.0,114.0,2.0,0.0,6.0
2013,19,19,19743,SILVIA,0.0,67.0,0.0,0.0,0.0,0.0,1.0
2013,19,19,19760,SOTARÁ PAISPAMBA,0.0,27.0,0.0,0.0,0.0,0.0,1.0
2013,19,19,19780,SUÁREZ,0.0,48.0,0.0,0.0,0.0,0.0,1.0
2013,19,19,19807,TIMBÍO,0.0,135.0,1.0,0.0,0.0,0.0,2.0
2013,19,19,19821,TORIBÍO,0.0,67.0,227.0,0.0,0.0,0.0,2.0
2013,19,19,19824,TOTORÓ,0.0,16.0,0.0,0.0,0.0,0.0,1.0
2013,19,19,19845,VILLA RICA,0.0,162.0,0.0,0.0,0.0,0.0,1.0
2013,20,20,20001,VALLEDUPAR,0.0,5281.0,0.0,0.0,0.0,0.0,1.0
2013,20,20,20001,VALLEDUPAR,51.0,253.0,20674.0,164.0,3.0,0.0,17.0
2013,20,20,20011,AGUACHICA,0.0,1056.0,646.0,0.0,0.0,0.0,3.0
2013,20,20,20013,AGUSTÍN CODAZZI,75.0,196.0,3.0,0.0,0.0,0.0,3.0
2013,20,20,20045,BECERRIL,0.0,31.0,0.0,0.0,0.0,0.0,1.0
2013,20,20,20060,BOSCONIA,43.0,23.0,0.0,0.0,0.0,0.0,2.0
2013,20,20,20175,CHIMICHAGUA,0.0,94.0,0.0,0.0,0.0,0.0,1.0
2013,20,20,20178,CHIRIGUANÁ,0.0,0.0,1.0,0.0,0.0,0.0,1.0
2013,20,20,20228,CURUMANÍ,0.0,111.0,289.0,1.0,0.0,0.0,3.0
2013,20,20,20238,EL COPEY,0.0,97.0,0.0,0.0,0.0,0.0,1.0
2013,20,20,20250,EL PASO,0.0,64.0,0.0,0.0,0.0,0.0,1.0
2013,20,20,20383,LA GLORIA,0.0,45.0,0.0,0.0,0.0,0.0,1.0
2013,20,20,20400,LA JAGUA DE IBIRICO,0.0,262.0,0.0,0.0,0.0,0.0,1.0
2013,20,20,20443,MANAURE BALCÓN DEL CESAR,0.0,25.0,0.0,0.0,0.0,0.0,1.0
2013,20,20,20517,PAILITAS,5.0,0.0,18.0,0.0,0.0,0.0,1.0
2013,20,20,20614,RÍO DE ORO,0.0,0.0,1.0,0.0,0.0,0.0,1.0
2013,20,20,20710,SAN ALBERTO,0.0,0.0,18.0,0.0,0.0,0.0,2.0
2013,20,20,20770,SAN MARTÍN,0.0,0.0,2.0,0.0,0.0,0.0,1.0
2013,20,20,20787,TAMALAMEQUE,0.0,42.0,0.0,0.0,0.0,0.0,1.0
2013,23,23,23001,MONTERÍA,1138.0,4316.0,22963.0,474.0,56.0,0.0,17.0
2013,23,23,23068,AYAPEL,0.0,0.0,25.0,0.0,0.0,0.0,2.0
2013,23,23,23079,BUENAVISTA,0.0,0.0,1.0,0.0,0.0,0.0,1.0
2013,23,23,23090,CANALETE,0.0,0.0,1.0,0.0,0.0,0.0,1.0
2013,23,23,23162,CERETÉ,71.0,59.0,828.0,0.0,0.0,0.0,3.0
2013,23,23,23182,CHINÚ,0.0,20.0,1.0,0.0,0.0,0.0,2.0
2013,23,23,23189,CIÉNAGA DE ORO,0.0,41.0,397.0,0.0,0.0,0.0,1.0
2013,23,23,23300,COTORRA,0.0,12.0,1.0,0.0,0.0,0.0,2.0
2013,23,23,23350,LA APARTADA,0.0,57.0,1.0,0.0,0.0,0.0,2.0
2013,23,23,23417,LORICA,0.0,60.0,0.0,0.0,0.0,0.0,1.0
2013,23,23,23417,LORICA,94.0,28.0,2010.0,0.0,0.0,0.0,7.0
2013,23,23,23419,LOS CÓRDOBAS,0.0,27.0,0.0,0.0,0.0,0.0,1.0
2013,23,23,23466,MONTELÍBANO,0.0,554.0,613.0,0.0,0.0,0.0,6.0
2013,23,23,23500,MOÑITOS,0.0,54.0,0.0,0.0,0.0,0.0,1.0
2013,23,23,23555,PLANETA RICA,0.0,143.0,310.0,0.0,0.0,0.0,2.0
2013,23,23,23570,PUEBLO NUEVO,0.0,7.0,1.0,0.0,0.0,0.0,2.0
2013,23,23,23574,PUERTO ESCONDIDO,0.0,44.0,0.0,0.0,0.0,0.0,1.0
2013,23,23,23580,PUERTO LIBERTADOR,0.0,82.0,2.0,0.0,0.0,0.0,2.0
2013,23,23,23586,PURÍSIMA DE LA CONCEPCIÓN,0.0,56.0,0.0,0.0,0.0,0.0,1.0
2013,23,23,23660,SAHAGÚN,67.0,258.0,1494.0,86.0,6.0,0.0,7.0
2013,23,23,23672,SAN ANTERO,0.0,0.0,1.0,0.0,0.0,0.0,1.0
2013,23,23,23686,SAN PELAYO,0.0,0.0,74.0,0.0,0.0,0.0,1.0
2013,23,23,23807,TIERRALTA,80.0,162.0,35.0,0.0,0.0,0.0,4.0
2013,23,23,23855,VALENCIA,0.0,43.0,66.0,0.0,0.0,0.0,2.0
2013,25,25,25001,AGUA DE DIOS,0.0,49.0,0.0,0.0,0.0,0.0,1.0
2013,25,25,25019,ALBÁN,0.0,15.0,1.0,0.0,0.0,0.0,2.0
2013,25,25,25035,ANAPOIMA,0.0,52.0,0.0,0.0,0.0,0.0,1.0
2013,25,25,25040,ANOLAIMA,0.0,16.0,1.0,0.0,0.0,0.0,2.0
2013,25,25,25053,ARBELÁEZ,0.0,245.0,854.0,33.0,27.0,0.0,3.0
2013,25,25,25095,BITUIMA,0.0,15.0,99.0,0.0,0.0,0.0,2.0
2013,25,25,25126,CAJICÁ,0.0,468.0,1558.0,0.0,0.0,7.0,3.0
2013,25,25,25148,CAPARRAPÍ,0.0,67.0,2.0,0.0,0.0,0.0,2.0
2013,25,25,25151,CÁQUEZA,0.0,26.0,39.0,0.0,0.0,0.0,2.0
2013,25,25,25168,CHAGUANÍ,0.0,24.0,2.0,0.0,0.0,0.0,2.0
2013,25,25,25175,CHÍA,0.0,4469.0,8257.0,1221.0,622.0,13.0,6.0
2013,25,25,25178,CHIPAQUE,0.0,18.0,0.0,0.0,0.0,0.0,1.0
2013,25,25,25181,CHOACHÍ,0.0,101.0,1.0,0.0,0.0,0.0,2.0
2013,25,25,25183,CHOCONTÁ,0.0,37.0,25.0,0.0,0.0,0.0,2.0
2013,25,25,25200,COGUA,0.0,177.0,70.0,0.0,0.0,0.0,4.0
2013,25,25,25214,COTA,0.0,156.0,0.0,0.0,0.0,0.0,1.0
2013,25,25,25224,CUCUNUBÁ,0.0,66.0,0.0,0.0,0.0,0.0,1.0
2013,25,25,25245,EL COLEGIO,121.0,158.0,8.0,0.0,0.0,0.0,3.0
2013,25,25,25258,EL PEÑÓN,0.0,21.0,0.0,0.0,0.0,0.0,1.0
2013,25,25,25260,EL ROSAL,0.0,34.0,0.0,0.0,0.0,0.0,1.0
2013,25,25,25269,FACATATIVÁ,228.0,396.0,4718.0,148.0,8.0,0.0,12.0
2013,25,25,25279,FÓMEQUE,0.0,17.0,0.0,0.0,0.0,0.0,1.0
2013,25,25,25281,FOSCA,0.0,11.0,0.0,0.0,0.0,0.0,1.0
2013,25,25,25286,FUNZA,0.0,85.0,0.0,0.0,0.0,0.0,1.0
2013,25,25,25290,FUSAGASUGÁ,639.0,1819.0,4518.0,188.0,0.0,0.0,11.0
2013,25,25,25297,GACHETÁ,1.0,121.0,358.0,4.0,0.0,0.0,4.0
2013,25,25,25307,GIRARDOT,0.0,3306.0,4085.0,15.0,10.0,0.0,8.0
2013,25,25,25320,GUADUAS,0.0,203.0,1.0,0.0,0.0,0.0,2.0
2013,25,25,25322,GUASCA,0.0,16.0,0.0,0.0,0.0,0.0,1.0
2013,25,25,25328,GUAYABAL DE SÍQUIMA,0.0,22.0,0.0,0.0,0.0,0.0,1.0
2013,25,25,25339,GUTIÉRREZ,0.0,15.0,1.0,0.0,0.0,0.0,2.0
2013,25,25,25372,JUNÍN,0.0,0.0,7.0,0.0,0.0,0.0,1.0
2013,25,25,25377,LA CALERA,0.0,73.0,0.0,0.0,0.0,0.0,1.0
2013,25,25,25386,LA MESA,0.0,84.0,1.0,0.0,0.0,0.0,2.0
2013,25,25,25394,LA PALMA,0.0,32.0,30.0,0.0,0.0,0.0,2.0
2013,25,25,25398,LA PEÑA,0.0,74.0,0.0,0.0,0.0,0.0,1.0
2013,25,25,25402,LA VEGA,0.0,122.0,16.0,0.0,0.0,0.0,2.0
2013,25,25,25426,MACHETÁ,0.0,27.0,0.0,0.0,0.0,0.0,1.0
2013,25,25,25430,MADRID,0.0,655.0,0.0,0.0,0.0,0.0,2.0
2013,25,25,25438,MEDINA,0.0,39.0,0.0,0.0,0.0,0.0,1.0
2013,25,25,25473,MOSQUERA,0.0,2899.0,0.0,0.0,0.0,0.0,1.0
2013,25,25,25488,NILO,0.0,3215.0,0.0,0.0,0.0,0.0,2.0
2013,25,25,25489,NIMAIMA,0.0,18.0,0.0,0.0,0.0,0.0,1.0
2013,25,25,25491,NOCAIMA,0.0,26.0,32.0,0.0,0.0,0.0,2.0
2013,25,25,25513,PACHO,0.0,139.0,14.0,0.0,0.0,0.0,2.0
2013,25,25,25518,PAIME,0.0,52.0,0.0,0.0,0.0,0.0,1.0
2013,25,25,25530,PARATEBUENO,0.0,23.0,0.0,0.0,0.0,0.0,1.0
2013,25,25,25535,PASCA,0.0,0.0,1.0,0.0,0.0,0.0,1.0
2013,25,25,25572,PUERTO SALGAR,0.0,170.0,1.0,0.0,0.0,0.0,2.0
2013,25,25,25580,PULÍ,0.0,18.0,0.0,0.0,0.0,0.0,1.0
2013,25,25,25592,QUEBRADANEGRA,0.0,34.0,0.0,0.0,0.0,0.0,1.0
2013,25,25,25594,QUETAME,0.0,82.0,103.0,0.0,0.0,0.0,2.0
2013,25,25,25612,RICAURTE,58.0,0.0,0.0,0.0,0.0,0.0,1.0
2013,25,25,25653,SAN CAYETANO,0.0,23.0,0.0,0.0,0.0,0.0,1.0
2013,25,25,25662,SAN JUAN DE RIOSECO,0.0,55.0,40.0,0.0,0.0,0.0,2.0
2013,25,25,25718,SASAIMA,0.0,74.0,0.0,0.0,0.0,0.0,1.0
2013,25,25,25740,SIBATÉ,160.0,243.0,1059.0,0.0,0.0,0.0,3.0
2013,25,25,25743,SILVANIA,0.0,58.0,0.0,0.0,0.0,0.0,1.0
2013,25,25,25745,SIMIJACA,0.0,75.0,27.0,0.0,0.0,0.0,2.0
2013,25,25,25754,SOACHA,0.0,3669.0,0.0,0.0,0.0,0.0,1.0
2013,25,25,25754,SOACHA,0.0,1565.0,2688.0,2.0,2.0,0.0,4.0
2013,25,25,25758,SOPÓ,0.0,84.0,0.0,0.0,0.0,0.0,2.0
2013,25,25,25769,SUBACHOQUE,0.0,54.0,0.0,0.0,0.0,0.0,1.0
2013,25,25,25772,SUESCA,0.0,35.0,0.0,0.0,0.0,0.0,1.0
2013,25,25,25779,SUSA,0.0,0.0,1.0,0.0,0.0,0.0,1.0
2013,25,25,25785,TABIO,0.0,51.0,0.0,0.0,0.0,0.0,1.0
2013,25,25,25793,TAUSA,0.0,0.0,51.0,0.0,0.0,0.0,1.0
2013,25,25,25799,TENJO,0.0,168.0,0.0,0.0,0.0,0.0,1.0
2013,25,25,25815,TOCAIMA,0.0,28.0,1.0,0.0,0.0,0.0,2.0
2013,25,25,25817,TOCANCIPÁ,0.0,281.0,0.0,0.0,0.0,0.0,1.0
2013,25,25,25841,UBAQUE,0.0,13.0,0.0,0.0,0.0,0.0,1.0
2013,25,25,25843,VILLA DE SAN DIEGO DE UBATÉ,0.0,207.0,560.0,0.0,0.0,0.0,3.0
2013,25,25,25851,ÚTICA,8.0,4.0,0.0,0.0,0.0,0.0,1.0
2013,25,25,25862,VERGARA,0.0,53.0,0.0,0.0,0.0,0.0,1.0
2013,25,25,25867,VIANÍ,0.0,0.0,2.0,0.0,0.0,0.0,1.0
2013,25,25,25871,VILLAGÓMEZ,0.0,38.0,0.0,0.0,0.0,0.0,1.0
2013,25,25,25873,VILLAPINZÓN,0.0,75.0,26.0,0.0,0.0,0.0,2.0
2013,25,25,25875,VILLETA,0.0,896.0,0.0,0.0,0.0,0.0,1.0
2013,25,25,25885,YACOPÍ,0.0,19.0,0.0,0.0,0.0,0.0,1.0
2013,25,25,25899,ZIPAQUIRÁ,0.0,1633.0,3713.0,38.0,18.0,0.0,7.0
2013,27,27,27001,QUIBDÓ,0.0,603.0,0.0,0.0,0.0,0.0,1.0
2013,27,27,27001,QUIBDÓ,8.0,222.0,10891.0,90.0,56.0,0.0,10.0
2013,27,27,27025,ALTO BAUDÓ,0.0,0.0,2.0,0.0,0.0,0.0,1.0
2013,27,27,27050,ATRATO,134.0,0.0,0.0,0.0,0.0,0.0,1.0
2013,27,27,27075,BAHÍA SOLANO,0.0,0.0,1.0,0.0,0.0,0.0,1.0
2013,27,27,27077,BAJO BAUDÓ,0.0,0.0,2.0,0.0,0.0,0.0,1.0
2013,27,27,27099,BOJAYÁ,0.0,71.0,0.0,0.0,0.0,0.0,1.0
2013,27,27,27150,CARMEN DEL DARIÉN,0.0,34.0,0.0,0.0,0.0,0.0,1.0
2013,27,27,27205,CONDOTO,0.0,26.0,0.0,0.0,0.0,0.0,1.0
2013,27,27,27205,CONDOTO,0.0,0.0,2.0,0.0,0.0,0.0,1.0
2013,27,27,27245,EL CARMEN DE ATRATO,0.0,0.0,2.0,0.0,0.0,0.0,1.0
2013,27,27,27250,EL LITORAL DEL SAN JUAN,0.0,0.0,1.0,0.0,0.0,0.0,1.0
2013,27,27,27361,ISTMINA,0.0,83.0,0.0,0.0,0.0,0.0,1.0
2013,27,27,27361,ISTMINA,5.0,35.0,611.0,24.0,0.0,0.0,4.0
2013,27,27,27413,LLORÓ,0.0,0.0,1.0,0.0,0.0,0.0,1.0
2013,27,27,27495,NUQUÍ,0.0,0.0,1.0,0.0,0.0,0.0,1.0
2013,27,27,27615,RIOSUCIO,0.0,40.0,0.0,0.0,0.0,0.0,1.0
2013,27,27,27615,RIOSUCIO,0.0,0.0,2.0,0.0,0.0,0.0,1.0
2013,27,27,27660,SAN JOSÉ DEL PALMAR,0.0,0.0,1.0,0.0,0.0,0.0,1.0
2013,27,27,27745,SIPÍ,0.0,0.0,1.0,0.0,0.0,0.0,1.0
2013,27,27,27787,TADÓ,0.0,26.0,0.0,0.0,0.0,0.0,1.0
2013,27,27,27787,TADÓ,4.0,17.0,27.0,0.0,0.0,0.0,2.0
2013,27,27,27800,UNGUÍA,0.0,77.0,3.0,0.0,0.0,0.0,2.0
2013,41,41,41001,NEIVA,670.0,3996.0,19911.0,826.0,98.0,0.0,16.0
2013,41,41,41006,ACEVEDO,0.0,0.0,18.0,0.0,0.0,0.0,1.0
2013,41,41,41013,AGRADO,0.0,27.0,0.0,0.0,0.0,0.0,1.0
2013,41,41,41016,AIPE,0.0,12.0,0.0,0.0,0.0,0.0,1.0
2013,41,41,41020,ALGECIRAS,0.0,31.0,97.0,0.0,0.0,0.0,4.0
2013,41,41,41026,ALTAMIRA,0.0,34.0,45.0,0.0,0.0,0.0,2.0
2013,41,41,41078,BARAYA,0.0,0.0,17.0,0.0,0.0,0.0,1.0
2013,41,41,41132,CAMPOALEGRE,0.0,860.0,118.0,0.0,0.0,0.0,3.0
2013,41,41,41298,GARZÓN,0.0,1106.0,398.0,0.0,0.0,0.0,4.0
2013,41,41,41306,GIGANTE,0.0,132.0,2.0,0.0,0.0,0.0,2.0
2013,41,41,41319,GUADALUPE,0.0,51.0,2.0,0.0,0.0,0.0,2.0
2013,41,41,41357,ÍQUIRA,0.0,14.0,0.0,0.0,0.0,0.0,1.0
2013,41,41,41359,ISNOS,0.0,0.0,1.0,0.0,0.0,0.0,1.0
2013,41,41,41378,LA ARGENTINA,0.0,92.0,2.0,0.0,0.0,0.0,2.0
2013,41,41,41396,LA PLATA,0.0,959.0,833.0,11.0,0.0,0.0,5.0
2013,41,41,41483,NÁTAGA,0.0,0.0,1.0,0.0,0.0,0.0,1.0
2013,41,41,41518,PAICOL,25.0,34.0,2.0,0.0,0.0,0.0,2.0
2013,41,41,41524,PALERMO,0.0,0.0,1.0,0.0,0.0,0.0,1.0
2013,41,41,41548,PITAL,0.0,81.0,0.0,0.0,0.0,0.0,1.0
2013,41,41,41551,PITALITO,0.0,2432.0,1845.0,55.0,6.0,0.0,6.0
2013,41,41,41615,RIVERA,0.0,56.0,0.0,0.0,0.0,0.0,2.0
2013,41,41,41668,SAN AGUSTÍN,0.0,0.0,33.0,0.0,0.0,0.0,2.0
2013,41,41,41676,SANTA MARÍA,0.0,21.0,1.0,0.0,0.0,0.0,2.0
2013,41,41,41770,SUAZA,0.0,57.0,1.0,0.0,0.0,0.0,2.0
2013,41,41,41791,TARQUI,0.0,68.0,5.0,0.0,0.0,0.0,2.0
2013,41,41,41797,TESALIA,0.0,71.0,1.0,0.0,0.0,0.0,2.0
2013,41,41,41799,TELLO,0.0,0.0,1.0,0.0,0.0,0.0,1.0
2013,41,41,41801,TERUEL,22.0,0.0,0.0,0.0,0.0,0.0,1.0
2013,41,41,41807,TIMANÁ,0.0,0.0,2.0,0.0,0.0,0.0,1.0
2013,41,41,41872,VILLAVIEJA,0.0,24.0,0.0,0.0,0.0,0.0,1.0
2013,41,41,41885,YAGUARÁ,0.0,0.0,1.0,0.0,0.0,0.0,1.0
2013,44,44,44001,RIOHACHA,0.0,1010.0,0.0,0.0,0.0,0.0,1.0
2013,44,44,44001,RIOHACHA,106.0,174.0,7071.0,79.0,45.0,0.0,8.0
2013,44,44,44035,ALBANIA,30.0,60.0,0.0,0.0,0.0,0.0,2.0
2013,44,44,44078,BARRANCAS,0.0,117.0,0.0,0.0,0.0,0.0,1.0
2013,44,44,44098,DISTRACCIÓN,0.0,0.0,37.0,0.0,0.0,0.0,1.0
2013,44,44,44110,EL MOLINO,0.0,37.0,0.0,0.0,0.0,0.0,1.0
2013,44,44,44279,FONSECA,0.0,1349.0,0.0,0.0,0.0,0.0,1.0
2013,44,44,44279,FONSECA,0.0,0.0,392.0,0.0,0.0,0.0,2.0
2013,44,44,44378,HATONUEVO,0.0,37.0,0.0,0.0,0.0,0.0,1.0
2013,44,44,44420,LA JAGUA DEL PILAR,0.0,61.0,0.0,0.0,0.0,0.0,1.0
2013,44,44,44430,MAICAO,0.0,404.0,0.0,0.0,0.0,0.0,1.0
2013,44,44,44430,MAICAO,0.0,1.0,1034.0,0.0,0.0,0.0,3.0
2013,44,44,44560,MANAURE,0.0,21.0,27.0,0.0,0.0,0.0,3.0
2013,44,44,44650,SAN JUAN DEL CESAR,778.0,201.0,79.0,1.0,0.0,0.0,4.0
2013,44,44,44847,URIBIA,98.0,17.0,17.0,0.0,0.0,0.0,4.0
2013,44,44,44874,VILLANUEVA,0.0,163.0,0.0,0.0,0.0,0.0,1.0
2013,44,44,44874,VILLANUEVA,0.0,0.0,338.0,0.0,0.0,0.0,1.0
2013,47,47,47001,SANTA MARTA,2711.0,6714.0,24809.0,645.0,74.0,1.0,13.0
2013,47,47,47053,ARACATACA,0.0,27.0,0.0,0.0,0.0,0.0,1.0
2013,47,47,47053,ARACATACA,0.0,0.0,6.0,0.0,0.0,0.0,1.0
2013,47,47,47058,ARIGUANÍ,0.0,0.0,0.0,23.0,0.0,0.0,1.0
2013,47,47,47189,CIÉNAGA,594.0,258.0,134.0,0.0,0.0,0.0,3.0
2013,47,47,47245,EL BANCO,69.0,123.0,82.0,2.0,0.0,0.0,5.0
2013,47,47,47288,FUNDACIÓN,0.0,288.0,0.0,0.0,0.0,0.0,1.0
2013,47,47,47288,FUNDACIÓN,0.0,0.0,17.0,0.0,0.0,0.0,2.0
2013,47,47,47318,GUAMAL,0.0,0.0,1.0,0.0,0.0,0.0,1.0
2013,47,47,47555,PLATO,0.0,144.0,0.0,0.0,0.0,0.0,1.0
2013,47,47,47555,PLATO,85.0,49.0,99.0,2.0,0.0,0.0,3.0
2013,47,47,47570,PUEBLOVIEJO,0.0,27.0,0.0,0.0,0.0,0.0,1.0
2013,47,47,47703,SAN ZENÓN,0.0,0.0,1.0,0.0,0.0,0.0,1.0
2013,47,47,47980,ZONA BANANERA,0.0,76.0,0.0,0.0,0.0,0.0,1.0
2013,5,5,5001,MEDELLÍN,1936.0,72275.0,138555.0,8434.0,4518.0,967.0,48.0
2013,5,5,5002,ABEJORRAL,0.0,113.0,24.0,0.0,0.0,0.0,3.0
2013,5,5,5004,ABRIAQUÍ,0.0,0.0,1.0,0.0,0.0,0.0,1.0
2013,5,5,5021,ALEJANDRÍA,0.0,0.0,2.0,0.0,0.0,0.0,1.0
2013,5,5,5030,AMAGÁ,0.0,84.0,8.0,0.0,0.0,0.0,2.0
2013,5,5,5031,AMALFI,0.0,186.0,109.0,0.0,0.0,0.0,4.0
2013,5,5,5034,ANDES,0.0,358.0,349.0,0.0,30.0,0.0,4.0
2013,5,5,5036,ANGELÓPOLIS,0.0,40.0,4.0,0.0,0.0,0.0,2.0
2013,5,5,5038,ANGOSTURA,0.0,4.0,29.0,0.0,0.0,0.0,3.0
2013,5,5,5040,ANORÍ,0.0,42.0,27.0,0.0,0.0,0.0,3.0
2013,5,5,5042,SANTA FÉ DE ANTIOQUIA,30.0,538.0,249.0,0.0,0.0,0.0,5.0
2013,5,5,5044,ANZÁ,0.0,28.0,0.0,0.0,0.0,0.0,1.0
2013,5,5,5045,APARTADÓ,204.0,6095.0,1230.0,33.0,25.0,0.0,14.0
2013,5,5,5051,ARBOLETES,0.0,370.0,0.0,0.0,0.0,0.0,1.0
2013,5,5,5051,ARBOLETES,0.0,0.0,1.0,20.0,0.0,0.0,2.0
2013,5,5,5055,ARGELIA,0.0,50.0,2.0,0.0,0.0,0.0,3.0
2013,5,5,5059,ARMENIA,0.0,0.0,441.0,0.0,0.0,0.0,1.0
2013,5,5,5079,BARBOSA,11.0,452.0,16.0,0.0,0.0,0.0,3.0
2013,5,5,5086,BELMIRA,0.0,0.0,3.0,0.0,0.0,0.0,1.0
2013,5,5,5088,BELLO,647.0,1762.0,1948.0,40.0,0.0,0.0,6.0
2013,5,5,5091,BETANIA,0.0,0.0,29.0,0.0,0.0,0.0,2.0
2013,5,5,5093,BETULIA,0.0,37.0,45.0,0.0,0.0,0.0,2.0
2013,5,5,5101,CIUDAD BOLÍVAR,0.0,315.0,79.0,0.0,0.0,0.0,4.0
2013,5,5,5107,BRICEÑO,0.0,23.0,9.0,0.0,0.0,0.0,2.0
2013,5,5,5113,BURITICÁ,0.0,0.0,2.0,0.0,0.0,0.0,1.0
2013,5,5,5120,CÁCERES,0.0,26.0,3.0,0.0,0.0,0.0,2.0
2013,5,5,5125,CAICEDO,0.0,41.0,6.0,0.0,0.0,0.0,2.0
2013,5,5,5129,CALDAS,0.0,1850.0,1541.0,62.0,0.0,0.0,3.0
2013,5,5,5134,CAMPAMENTO,0.0,32.0,3.0,0.0,0.0,0.0,2.0
2013,5,5,5138,CAÑASGORDAS,0.0,105.0,7.0,0.0,0.0,0.0,3.0
2013,5,5,5142,CARACOLÍ,0.0,69.0,0.0,0.0,0.0,0.0,2.0
2013,5,5,5145,CARAMANTA,0.0,0.0,2.0,0.0,0.0,0.0,1.0
2013,5,5,5147,CAREPA,0.0,202.0,1.0,0.0,0.0,0.0,2.0
2013,5,5,5148,EL CARMEN DE VIBORAL,0.0,511.0,952.0,23.0,48.0,0.0,4.0
2013,5,5,5150,CAROLINA,0.0,0.0,27.0,0.0,0.0,0.0,2.0
2013,5,5,5154,CAUCASIA,30.0,1456.0,761.0,20.0,24.0,0.0,5.0
2013,5,5,5172,CHIGORODÓ,94.0,693.0,17.0,0.0,0.0,0.0,3.0
2013,5,5,5190,CISNEROS,0.0,247.0,4.0,0.0,0.0,0.0,2.0
2013,5,5,5197,COCORNÁ,0.0,41.0,3.0,0.0,0.0,0.0,2.0
2013,5,5,5206,CONCEPCIÓN,0.0,56.0,0.0,0.0,0.0,0.0,2.0
2013,5,5,5209,CONCORDIA,0.0,39.0,3.0,0.0,0.0,0.0,3.0
2013,5,5,5212,COPACABANA,0.0,679.0,11.0,0.0,0.0,0.0,3.0
2013,5,5,5234,DABEIBA,0.0,196.0,49.0,0.0,0.0,0.0,3.0
2013,5,5,5237,DONMATÍAS,0.0,0.0,37.0,0.0,0.0,0.0,2.0
2013,5,5,5237,DONMATÍAS,0.0,13.0,0.0,0.0,0.0,0.0,1.0
2013,5,5,5240,EBÉJICO,0.0,52.0,39.0,0.0,0.0,0.0,3.0
2013,5,5,5250,EL BAGRE,0.0,335.0,6.0,0.0,0.0,0.0,2.0
2013,5,5,5264,ENTRERRÍOS,0.0,41.0,13.0,0.0,0.0,0.0,3.0
2013,5,5,5266,ENVIGADO,363.0,250.0,4896.0,0.0,25.0,0.0,8.0
2013,5,5,5282,FREDONIA,0.0,101.0,5.0,0.0,0.0,0.0,2.0
2013,5,5,5284,FRONTINO,0.0,140.0,15.0,0.0,0.0,0.0,3.0
2013,5,5,5306,GIRALDO,0.0,0.0,1.0,0.0,0.0,0.0,1.0
2013,5,5,5308,GIRARDOTA,0.0,523.0,7.0,0.0,0.0,0.0,2.0
2013,5,5,5310,GÓMEZ PLATA,0.0,42.0,8.0,0.0,0.0,0.0,2.0
2013,5,5,5313,GRANADA,0.0,115.0,3.0,0.0,0.0,0.0,3.0
2013,5,5,5315,GUADALUPE,1.0,39.0,8.0,0.0,0.0,0.0,3.0
2013,5,5,5318,GUARNE,0.0,298.0,2.0,0.0,0.0,0.0,2.0
2013,5,5,5321,GUATAPÉ,0.0,43.0,1.0,0.0,0.0,0.0,2.0
2013,5,5,5347,HELICONIA,0.0,0.0,2.0,0.0,0.0,0.0,1.0
2013,5,5,5353,HISPANIA,0.0,0.0,24.0,0.0,0.0,0.0,2.0
2013,5,5,5360,ITAGÜÍ,62.0,6783.0,486.0,0.0,0.0,0.0,4.0
2013,5,5,5361,ITUANGO,0.0,129.0,44.0,0.0,0.0,0.0,3.0
2013,5,5,5364,JARDÍN,0.0,17.0,32.0,0.0,0.0,0.0,2.0
2013,5,5,5368,JERICÓ,0.0,121.0,3.0,0.0,0.0,0.0,3.0
2013,5,5,5376,LA CEJA,0.0,676.0,26.0,19.0,0.0,0.0,4.0
2013,5,5,5380,LA ESTRELLA,439.0,409.0,4.0,0.0,0.0,0.0,4.0
2013,5,5,5390,LA PINTADA,0.0,285.0,0.0,0.0,0.0,0.0,2.0
2013,5,5,5400,LA UNIÓN,0.0,87.0,67.0,0.0,0.0,0.0,3.0
2013,5,5,5411,LIBORINA,0.0,58.0,52.0,0.0,0.0,0.0,3.0
2013,5,5,5425,MACEO,0.0,57.0,5.0,0.0,0.0,0.0,2.0
2013,5,5,5440,MARINILLA,64.0,271.0,8.0,0.0,0.0,0.0,3.0
2013,5,5,5475,MURINDÓ,0.0,52.0,2.0,0.0,0.0,0.0,2.0
2013,5,5,5480,MUTATÁ,0.0,56.0,1.0,0.0,0.0,0.0,2.0
2013,5,5,5483,NARIÑO,1.0,14.0,7.0,0.0,0.0,0.0,2.0
2013,5,5,5490,NECOCLÍ,214.0,122.0,59.0,0.0,0.0,0.0,4.0
2013,5,5,5495,NECHÍ,0.0,180.0,15.0,0.0,0.0,0.0,3.0
2013,5,5,5501,OLAYA,0.0,45.0,0.0,0.0,0.0,0.0,1.0
2013,5,5,5541,PEÑOL,0.0,85.0,5.0,0.0,0.0,0.0,3.0
2013,5,5,5543,PEQUE,0.0,1.0,9.0,0.0,0.0,0.0,1.0
2013,5,5,5576,PUEBLORRICO,0.0,22.0,2.0,0.0,0.0,0.0,2.0
2013,5,5,5579,PUERTO BERRÍO,0.0,961.0,156.0,0.0,11.0,0.0,5.0
2013,5,5,5585,PUERTO NARE,0.0,47.0,17.0,0.0,0.0,0.0,3.0
2013,5,5,5591,PUERTO TRIUNFO,0.0,141.0,2.0,0.0,0.0,0.0,2.0
2013,5,5,5604,REMEDIOS,0.0,156.0,24.0,0.0,0.0,0.0,3.0
2013,5,5,5607,RETIRO,0.0,85.0,2.0,0.0,0.0,0.0,2.0
2013,5,5,5615,RIONEGRO,0.0,3436.0,3714.0,48.0,33.0,0.0,9.0
2013,5,5,5628,SABANALARGA,0.0,1.0,7.0,0.0,0.0,0.0,1.0
2013,5,5,5631,SABANETA,0.0,370.0,5128.0,308.0,142.0,0.0,6.0
2013,5,5,5642,SALGAR,0.0,0.0,25.0,0.0,0.0,0.0,2.0
2013,5,5,5647,SAN ANDRÉS DE CUERQUÍA,0.0,48.0,31.0,0.0,0.0,0.0,3.0
2013,5,5,5649,SAN CARLOS,0.0,171.0,4.0,0.0,0.0,0.0,2.0
2013,5,5,5652,SAN FRANCISCO,0.0,0.0,3.0,0.0,0.0,0.0,1.0
2013,5,5,5656,SAN JERÓNIMO,0.0,40.0,25.0,0.0,0.0,0.0,3.0
2013,5,5,5658,SAN JOSÉ DE LA MONTAÑA,0.0,1.0,20.0,0.0,0.0,0.0,1.0
2013,5,5,5659,SAN JUAN DE URABÁ,0.0,177.0,1.0,0.0,0.0,0.0,3.0
2013,5,5,5660,SAN LUIS,0.0,285.0,4.0,0.0,0.0,0.0,3.0
2013,5,5,5664,SAN PEDRO DE LOS MILAGROS,0.0,22.0,29.0,0.0,0.0,0.0,2.0
2013,5,5,5664,SAN PEDRO DE LOS MILAGROS,0.0,137.0,0.0,0.0,0.0,0.0,1.0
2013,5,5,5665,SAN PEDRO DE URABÁ,0.0,199.0,0.0,0.0,0.0,0.0,1.0
2013,5,5,5667,SAN RAFAEL,0.0,176.0,11.0,0.0,0.0,0.0,3.0
2013,5,5,5670,SAN ROQUE,0.0,251.0,36.0,0.0,0.0,0.0,3.0
2013,5,5,5674,SAN VICENTE FERRER,0.0,0.0,28.0,0.0,0.0,0.0,2.0
2013,5,5,5674,SAN VICENTE FERRER,0.0,108.0,0.0,0.0,0.0,0.0,1.0
2013,5,5,5679,SANTA BÁRBARA,0.0,18.0,3.0,0.0,0.0,0.0,2.0
2013,5,5,5686,SANTA ROSA DE OSOS,3.0,243.0,496.0,0.0,0.0,0.0,4.0
2013,5,5,5690,SANTO DOMINGO,0.0,68.0,7.0,0.0,0.0,0.0,3.0
2013,5,5,5697,EL SANTUARIO,0.0,63.0,22.0,0.0,0.0,0.0,3.0
2013,5,5,5736,SEGOVIA,0.0,269.0,34.0,21.0,0.0,0.0,5.0
2013,5,5,5756,SONSÓN,1.0,170.0,188.0,0.0,0.0,0.0,4.0
2013,5,5,5761,SOPETRÁN,0.0,72.0,5.0,0.0,0.0,0.0,2.0
2013,5,5,5789,TÁMESIS,0.0,20.0,30.0,0.0,0.0,0.0,3.0
2013,5,5,5790,TARAZÁ,0.0,27.0,41.0,0.0,0.0,0.0,3.0
2013,5,5,5809,TITIRIBÍ,0.0,65.0,2.0,0.0,0.0,0.0,3.0
2013,5,5,5819,TOLEDO,0.0,21.0,11.0,0.0,0.0,0.0,2.0
2013,5,5,5837,TURBO,168.0,1644.0,1117.0,23.0,6.0,0.0,6.0
2013,5,5,5842,URAMITA,0.0,25.0,1.0,0.0,0.0,0.0,2.0
2013,5,5,5847,URRAO,0.0,142.0,40.0,0.0,0.0,0.0,3.0
2013,5,5,5854,VALDIVIA,0.0,50.0,27.0,0.0,0.0,0.0,3.0
2013,5,5,5856,VALPARAÍSO,0.0,68.0,0.0,0.0,0.0,0.0,1.0
2013,5,5,5856,VALPARAÍSO,0.0,0.0,1.0,0.0,0.0,0.0,1.0
2013,5,5,5858,VEGACHÍ,0.0,134.0,23.0,0.0,0.0,0.0,3.0
2013,5,5,5861,VENECIA,0.0,86.0,4.0,0.0,0.0,0.0,3.0
2013,5,5,5873,VIGÍA DEL FUERTE,0.0,34.0,3.0,0.0,0.0,0.0,2.0
2013,5,5,5885,YALÍ,0.0,98.0,4.0,0.0,0.0,0.0,3.0
2013,5,5,5887,YARUMAL,1.0,244.0,284.0,0.0,0.0,0.0,4.0
2013,5,5,5890,YOLOMBÓ,0.0,161.0,7.0,0.0,0.0,0.0,2.0
2013,5,5,5893,YONDÓ,0.0,71.0,0.0,0.0,0.0,0.0,1.0
2013,5,5,5895,ZARAGOZA,0.0,142.0,29.0,0.0,0.0,0.0,3.0
2013,50,50,50001,VILLAVICENCIO,577.0,3745.0,20085.0,760.0,89.0,0.0,24.0
2013,50,50,50006,ACACÍAS,16.0,392.0,2157.0,27.0,1.0,0.0,6.0
2013,50,50,50110,BARRANCA DE UPÍA,0.0,22.0,0.0,0.0,0.0,0.0,1.0
2013,50,50,50150,CASTILLA LA NUEVA,0.0,121.0,121.0,0.0,0.0,0.0,2.0
2013,50,50,50223,CUBARRAL,0.0,17.0,0.0,0.0,0.0,0.0,1.0
2013,50,50,50226,CUMARAL,0.0,116.0,0.0,0.0,0.0,0.0,1.0
2013,50,50,50226,CUMARAL,1.0,34.0,249.0,5.0,0.0,0.0,2.0
2013,50,50,50270,EL DORADO,0.0,12.0,45.0,0.0,0.0,0.0,2.0
2013,50,50,50287,FUENTE DE ORO,0.0,9.0,0.0,0.0,0.0,0.0,1.0
2013,50,50,50313,GRANADA,166.0,527.0,129.0,22.0,0.0,0.0,6.0
2013,50,50,50318,GUAMAL,0.0,19.0,1.0,30.0,0.0,0.0,3.0
2013,50,50,50330,MESETAS,0.0,11.0,0.0,0.0,0.0,0.0,1.0
2013,50,50,50400,LEJANÍAS,0.0,13.0,0.0,0.0,0.0,0.0,1.0
2013,50,50,50450,PUERTO CONCORDIA,0.0,31.0,0.0,0.0,0.0,0.0,1.0
2013,50,50,50568,PUERTO GAITÁN,0.0,30.0,21.0,0.0,0.0,0.0,2.0
2013,50,50,50573,PUERTO LÓPEZ,2.0,143.0,32.0,0.0,0.0,0.0,5.0
2013,50,50,50577,PUERTO LLERAS,0.0,32.0,0.0,0.0,0.0,0.0,1.0
2013,50,50,50590,PUERTO RICO,0.0,18.0,0.0,0.0,0.0,0.0,1.0
2013,50,50,50606,RESTREPO,0.0,0.0,88.0,0.0,0.0,0.0,1.0
2013,50,50,50683,SAN JUAN DE ARAMA,0.0,10.0,37.0,0.0,0.0,0.0,2.0
2013,50,50,50689,SAN MARTÍN,0.0,67.0,0.0,0.0,0.0,0.0,1.0
2013,50,50,50689,SAN MARTÍN,0.0,0.0,57.0,0.0,0.0,0.0,3.0
2013,50,50,50711,VISTAHERMOSA,0.0,18.0,1.0,0.0,0.0,0.0,2.0
2013,52,52,52001,PASTO,0.0,2607.0,0.0,0.0,0.0,0.0,1.0
2013,52,52,52001,PASTO,295.0,1700.0,26241.0,740.0,434.0,34.0,18.0
2013,52,52,52019,ALBÁN,0.0,0.0,20.0,0.0,0.0,0.0,1.0
2013,52,52,52079,BARBACOAS,0.0,0.0,14.0,0.0,0.0,0.0,1.0
2013,52,52,52210,CONTADERO,0.0,13.0,0.0,0.0,0.0,0.0,1.0
2013,52,52,52215,CÓRDOBA,0.0,98.0,0.0,0.0,0.0,0.0,1.0
2013,52,52,52224,CUASPUD CARLOSAMA,0.0,61.0,0.0,0.0,0.0,0.0,1.0
2013,52,52,52227,CUMBAL,0.0,64.0,0.0,29.0,0.0,0.0,2.0
2013,52,52,52250,EL CHARCO,0.0,64.0,0.0,0.0,0.0,0.0,1.0
2013,52,52,52250,EL CHARCO,0.0,0.0,1.0,0.0,0.0,0.0,1.0
2013,52,52,52317,GUACHUCAL,0.0,127.0,0.0,0.0,0.0,0.0,1.0
2013,52,52,52320,GUAITARILLA,0.0,19.0,0.0,0.0,0.0,0.0,1.0
2013,52,52,52323,GUALMATÁN,0.0,11.0,0.0,0.0,0.0,0.0,1.0
2013,52,52,52352,ILES,0.0,13.0,0.0,0.0,0.0,0.0,1.0
2013,52,52,52354,IMUÉS,0.0,49.0,0.0,0.0,0.0,0.0,1.0
2013,52,52,52356,IPIALES,218.0,657.0,915.0,10.0,0.0,0.0,7.0
2013,52,52,52378,LA CRUZ,0.0,0.0,1.0,0.0,0.0,0.0,1.0
2013,52,52,52399,LA UNIÓN,0.0,33.0,74.0,0.0,0.0,0.0,2.0
2013,52,52,52427,MAGÜÍ,0.0,34.0,0.0,0.0,0.0,0.0,1.0
2013,52,52,52480,NARIÑO,0.0,48.0,0.0,0.0,0.0,0.0,1.0
2013,52,52,52490,OLAYA HERRERA,0.0,29.0,0.0,0.0,0.0,0.0,1.0
2013,52,52,52506,OSPINA,0.0,92.0,0.0,0.0,0.0,0.0,1.0
2013,52,52,52520,FRANCISCO PIZARRO,0.0,61.0,0.0,16.0,0.0,0.0,2.0
2013,52,52,52540,POLICARPA,0.0,0.0,27.0,0.0,0.0,0.0,1.0
2013,52,52,52560,POTOSÍ,0.0,26.0,0.0,0.0,0.0,0.0,1.0
2013,52,52,52573,PUERRES,0.0,46.0,1.0,0.0,0.0,0.0,2.0
2013,52,52,52585,PUPIALES,0.0,41.0,0.0,0.0,0.0,0.0,1.0
2013,52,52,52612,RICAURTE,0.0,47.0,49.0,0.0,0.0,0.0,2.0
2013,52,52,52678,SAMANIEGO,0.0,53.0,73.0,0.0,0.0,0.0,2.0
2013,52,52,52683,SANDONÁ,0.0,55.0,0.0,0.0,0.0,0.0,1.0
2013,52,52,52720,SAPUYES,0.0,40.0,0.0,0.0,0.0,0.0,1.0
2013,52,52,52835,SAN ANDRÉS DE TUMACO,0.0,818.0,548.0,3.0,1.0,0.0,7.0
2013,52,52,52838,TÚQUERRES,0.0,194.0,0.0,0.0,0.0,0.0,1.0
2013,52,52,52838,TÚQUERRES,0.0,26.0,164.0,1.0,0.0,0.0,2.0
2013,54,54,54001,SAN JOSÉ DE CÚCUTA,0.0,4905.0,0.0,0.0,0.0,0.0,1.0
2013,54,54,54001,SAN JOSÉ DE CÚCUTA,274.0,3598.0,28018.0,888.0,223.0,0.0,22.0
2013,54,54,54003,ÁBREGO,0.0,80.0,0.0,0.0,0.0,0.0,1.0
2013,54,54,54003,ÁBREGO,0.0,0.0,0.0,28.0,0.0,0.0,1.0
2013,54,54,54051,ARBOLEDAS,0.0,29.0,20.0,0.0,0.0,0.0,2.0
2013,54,54,54099,BOCHALEMA,0.0,77.0,2.0,0.0,0.0,0.0,2.0
2013,54,54,54125,CÁCOTA,0.0,22.0,0.0,0.0,0.0,0.0,1.0
2013,54,54,54128,CÁCHIRA,0.0,19.0,0.0,0.0,0.0,0.0,1.0
2013,54,54,54128,CÁCHIRA,0.0,15.0,19.0,0.0,0.0,0.0,2.0
2013,54,54,54172,CHINÁCOTA,0.0,60.0,6.0,0.0,0.0,0.0,2.0
2013,54,54,54174,CHITAGÁ,0.0,24.0,0.0,0.0,0.0,0.0,1.0
2013,54,54,54223,CUCUTILLA,0.0,21.0,1.0,0.0,0.0,0.0,2.0
2013,54,54,54239,DURANIA,0.0,11.0,13.0,0.0,0.0,0.0,2.0
2013,54,54,54245,EL CARMEN,0.0,33.0,1.0,15.0,0.0,0.0,3.0
2013,54,54,54250,EL TARRA,0.0,17.0,0.0,0.0,0.0,0.0,1.0
2013,54,54,54261,EL ZULIA,0.0,55.0,0.0,0.0,0.0,0.0,2.0
2013,54,54,54313,GRAMALOTE,0.0,0.0,8.0,0.0,0.0,0.0,2.0
2013,54,54,54344,HACARÍ,0.0,51.0,1.0,0.0,0.0,0.0,2.0
2013,54,54,54347,HERRÁN,0.0,12.0,0.0,0.0,0.0,0.0,1.0
2013,54,54,54377,LABATECA,0.0,78.0,0.0,0.0,0.0,0.0,1.0
2013,54,54,54385,LA ESPERANZA,0.0,18.0,0.0,40.0,0.0,0.0,2.0
2013,54,54,54405,LOS PATIOS,0.0,160.0,1.0,0.0,0.0,0.0,2.0
2013,54,54,54418,LOURDES,0.0,0.0,1.0,0.0,0.0,0.0,1.0
2013,54,54,54480,MUTISCUA,0.0,33.0,0.0,0.0,0.0,0.0,1.0
2013,54,54,54498,OCAÑA,271.0,1164.0,5022.0,42.0,6.0,0.0,9.0
2013,54,54,54518,PAMPLONA,0.0,1220.0,8717.0,201.0,300.0,0.0,5.0
2013,54,54,54599,RAGONVALIA,0.0,62.0,0.0,0.0,0.0,0.0,1.0
2013,54,54,54660,SALAZAR,0.0,67.0,8.0,0.0,0.0,0.0,2.0
2013,54,54,54673,SAN CAYETANO,0.0,44.0,0.0,0.0,0.0,0.0,2.0
2013,54,54,54680,SANTIAGO,0.0,14.0,1.0,0.0,0.0,0.0,2.0
2013,54,54,54720,SARDINATA,0.0,24.0,21.0,0.0,0.0,0.0,2.0
2013,54,54,54800,TEORAMA,0.0,26.0,0.0,0.0,0.0,0.0,1.0
2013,54,54,54810,TIBÚ,0.0,212.0,33.0,0.0,0.0,0.0,3.0
2013,54,54,54820,TOLEDO,0.0,82.0,0.0,0.0,0.0,0.0,1.0
2013,54,54,54874,VILLA DEL ROSARIO,579.0,253.0,3449.0,26.0,0.0,0.0,2.0
2013,63,63,63001,ARMENIA,1242.0,7025.0,19925.0,364.0,105.0,15.0,19.0
2013,63,63,63111,BUENAVISTA,0.0,10.0,0.0,0.0,0.0,0.0,1.0
2013,63,63,63130,CALARCÁ,0.0,191.0,6.0,22.0,0.0,0.0,3.0
2013,63,63,63190,CIRCASIA,0.0,46.0,279.0,0.0,0.0,0.0,3.0
2013,63,63,63272,FILANDIA,0.0,24.0,1.0,0.0,0.0,0.0,2.0
2013,63,63,63302,GÉNOVA,0.0,21.0,18.0,0.0,0.0,0.0,2.0
2013,63,63,63401,LA TEBAIDA,0.0,99.0,1.0,0.0,0.0,0.0,2.0
2013,63,63,63470,MONTENEGRO,0.0,107.0,1.0,0.0,0.0,0.0,3.0
2013,63,63,63548,PIJAO,0.0,0.0,1.0,0.0,0.0,0.0,1.0
2013,63,63,63594,QUIMBAYA,0.0,69.0,162.0,0.0,0.0,0.0,3.0
2013,66,66,66001,PEREIRA,1325.0,8264.0,27374.0,1414.0,1012.0,43.0,19.0
2013,66,66,66045,APÍA,0.0,57.0,1.0,0.0,0.0,0.0,2.0
2013,66,66,66075,BALBOA,0.0,30.0,1.0,0.0,0.0,0.0,2.0
2013,66,66,66088,BELÉN DE UMBRÍA,0.0,114.0,0.0,0.0,0.0,0.0,1.0
2013,66,66,66170,DOSQUEBRADAS,0.0,2293.0,354.0,63.0,0.0,0.0,4.0
2013,66,66,66318,GUÁTICA,0.0,15.0,0.0,0.0,0.0,0.0,1.0
2013,66,66,66383,LA CELIA,0.0,2.0,1.0,0.0,0.0,0.0,2.0
2013,66,66,66400,LA VIRGINIA,0.0,64.0,1.0,0.0,0.0,0.0,2.0
2013,66,66,66456,MISTRATÓ,0.0,52.0,63.0,0.0,0.0,0.0,2.0
2013,66,66,66572,PUEBLO RICO,0.0,0.0,2.0,0.0,0.0,0.0,1.0
2013,66,66,66594,QUINCHÍA,0.0,83.0,118.0,0.0,0.0,0.0,4.0
2013,66,66,66682,SANTA ROSA DE CABAL,0.0,749.0,950.0,5.0,0.0,0.0,3.0
2013,68,68,68001,BUCARAMANGA,1312.0,26691.0,53872.0,14854.0,3027.0,88.0,26.0
2013,68,68,68020,ALBANIA,0.0,0.0,1.0,0.0,0.0,0.0,1.0
2013,68,68,68077,BARBOSA,0.0,327.0,25.0,0.0,0.0,0.0,2.0
2013,68,68,68079,BARICHARA,0.0,44.0,1.0,0.0,0.0,0.0,2.0
2013,68,68,68081,BARRANCABERMEJA,0.0,5697.0,4956.0,270.0,0.0,0.0,13.0
2013,68,68,68092,BETULIA,0.0,0.0,1.0,0.0,0.0,0.0,1.0
2013,68,68,68147,CAPITANEJO,0.0,41.0,0.0,0.0,0.0,0.0,1.0
2013,68,68,68152,CARCASÍ,0.0,11.0,0.0,0.0,0.0,0.0,1.0
2013,68,68,68162,CERRITO,0.0,52.0,0.0,0.0,0.0,0.0,1.0
2013,68,68,68167,CHARALÁ,0.0,37.0,1.0,0.0,0.0,0.0,2.0
2013,68,68,68176,CHIMA,0.0,21.0,0.0,0.0,0.0,0.0,1.0
2013,68,68,68179,CHIPATÁ,0.0,29.0,0.0,0.0,0.0,0.0,1.0
2013,68,68,68190,CIMITARRA,0.0,25.0,3.0,0.0,0.0,0.0,2.0
2013,68,68,68207,CONCEPCIÓN,0.0,23.0,1.0,0.0,0.0,0.0,2.0
2013,68,68,68229,CURITÍ,0.0,86.0,0.0,0.0,0.0,0.0,1.0
2013,68,68,68245,EL GUACAMAYO,0.0,20.0,0.0,0.0,0.0,0.0,1.0
2013,68,68,68255,EL PLAYÓN,0.0,266.0,2.0,0.0,0.0,0.0,2.0
2013,68,68,68266,ENCISO,0.0,35.0,0.0,0.0,0.0,0.0,1.0
2013,68,68,68271,FLORIÁN,0.0,22.0,0.0,0.0,0.0,0.0,1.0
2013,68,68,68276,FLORIDABLANCA,0.0,1782.0,1.0,0.0,0.0,0.0,2.0
2013,68,68,68296,GALÁN,0.0,18.0,0.0,0.0,0.0,0.0,1.0
2013,68,68,68307,GIRÓN,0.0,2577.0,1.0,0.0,0.0,0.0,2.0
2013,68,68,68318,GUACA,0.0,41.0,0.0,0.0,0.0,0.0,1.0
2013,68,68,68320,GUADALUPE,0.0,55.0,0.0,0.0,0.0,0.0,1.0
2013,68,68,68344,HATO,0.0,32.0,0.0,0.0,0.0,0.0,1.0
2013,68,68,68377,LA BELLEZA,0.0,17.0,0.0,0.0,0.0,0.0,1.0
2013,68,68,68385,LANDÁZURI,0.0,84.0,0.0,0.0,0.0,0.0,1.0
2013,68,68,68406,LEBRIJA,0.0,32.0,0.0,0.0,0.0,0.0,1.0
2013,68,68,68425,MACARAVITA,0.0,18.0,0.0,0.0,0.0,0.0,1.0
2013,68,68,68432,MÁLAGA,0.0,817.0,570.0,11.0,1.0,0.0,5.0
2013,68,68,68444,MATANZA,0.0,0.0,1.0,0.0,0.0,0.0,1.0
2013,68,68,68464,MOGOTES,0.0,20.0,2.0,0.0,0.0,0.0,2.0
2013,68,68,68468,MOLAGAVITA,0.0,19.0,1.0,0.0,0.0,0.0,2.0
2013,68,68,68500,OIBA,0.0,25.0,62.0,0.0,0.0,0.0,3.0
2013,68,68,68533,PÁRAMO,0.0,50.0,0.0,0.0,0.0,0.0,1.0
2013,68,68,68547,PIEDECUESTA,0.0,1717.0,1.0,0.0,0.0,0.0,2.0
2013,68,68,68572,PUENTE NACIONAL,0.0,0.0,1.0,0.0,0.0,0.0,1.0
2013,68,68,68575,PUERTO WILCHES,0.0,62.0,0.0,0.0,0.0,0.0,1.0
2013,68,68,68655,SABANA DE TORRES,0.0,94.0,8.0,0.0,0.0,0.0,2.0
2013,68,68,68669,SAN ANDRÉS,0.0,44.0,1.0,0.0,0.0,0.0,2.0
2013,68,68,68679,SAN GIL,78.0,2490.0,2454.0,58.0,0.0,0.0,9.0
2013,68,68,68684,SAN JOSÉ DE MIRANDA,0.0,22.0,0.0,0.0,0.0,0.0,1.0
2013,68,68,68686,SAN MIGUEL,0.0,27.0,0.0,0.0,0.0,0.0,1.0
2013,68,68,68689,SAN VICENTE DE CHUCURÍ,0.0,54.0,0.0,0.0,0.0,0.0,1.0
2013,68,68,68689,SAN VICENTE DE CHUCURÍ,0.0,0.0,2.0,0.0,0.0,0.0,1.0
2013,68,68,68745,SIMACOTA,0.0,20.0,0.0,0.0,0.0,0.0,1.0
2013,68,68,68755,SOCORRO,0.0,489.0,1065.0,202.0,0.0,0.0,4.0
2013,68,68,68770,SUAITA,0.0,67.0,1.0,0.0,0.0,0.0,2.0
2013,68,68,68780,SURATÁ,95.0,0.0,0.0,0.0,0.0,0.0,1.0
2013,68,68,68855,VALLE DE SAN JOSÉ,0.0,20.0,0.0,0.0,0.0,0.0,1.0
2013,68,68,68861,VÉLEZ,217.0,961.0,365.0,12.0,0.0,0.0,5.0
2013,68,68,68867,VETAS,0.0,29.0,0.0,0.0,0.0,0.0,1.0
2013,68,68,68872,VILLANUEVA,0.0,42.0,0.0,0.0,0.0,0.0,1.0
2013,68,68,68895,ZAPATOCA,0.0,0.0,2.0,0.0,0.0,0.0,1.0
2013,70,70,70001,SINCELEJO,1275.0,1278.0,13360.0,917.0,55.0,0.0,15.0
2013,70,70,70215,COROZAL,215.0,133.0,1065.0,12.0,4.0,0.0,5.0
2013,70,70,70221,COVEÑAS,0.0,134.0,71.0,0.0,0.0,0.0,3.0
2013,70,70,70235,GALERAS,0.0,0.0,0.0,19.0,0.0,0.0,1.0
2013,70,70,70400,LA UNIÓN,0.0,0.0,16.0,0.0,0.0,0.0,2.0
2013,70,70,70418,LOS PALMITOS,0.0,0.0,1.0,0.0,0.0,0.0,1.0
2013,70,70,70429,MAJAGUAL,0.0,0.0,2.0,0.0,0.0,0.0,1.0
2013,70,70,70523,PALMITO,0.0,0.0,12.0,0.0,0.0,0.0,1.0
2013,70,70,70670,SAMPUÉS,0.0,41.0,5.0,0.0,0.0,0.0,3.0
2013,70,70,70708,SAN MARCOS,0.0,0.0,374.0,0.0,0.0,0.0,2.0
2013,70,70,70713,SAN ONOFRE,0.0,0.0,121.0,0.0,0.0,0.0,1.0
2013,70,70,70742,SAN LUIS DE SINCÉ,0.0,1.0,173.0,29.0,0.0,0.0,4.0
2013,70,70,70771,SUCRE,0.0,0.0,2.0,0.0,0.0,0.0,1.0
2013,70,70,70820,SANTIAGO DE TOLÚ,0.0,0.0,0.0,20.0,0.0,0.0,1.0
2013,70,70,70823,SAN JOSÉ DE TOLUVIEJO,0.0,0.0,1.0,0.0,0.0,0.0,1.0
2013,73,73,73001,IBAGUÉ,1518.0,9147.0,24268.0,1124.0,428.0,10.0,20.0
2013,73,73,73024,ALPUJARRA,0.0,19.0,0.0,0.0,0.0,0.0,1.0
2013,73,73,73026,ALVARADO,0.0,35.0,0.0,0.0,0.0,0.0,1.0
2013,73,73,73030,AMBALEMA,0.0,0.0,1.0,0.0,0.0,0.0,1.0
2013,73,73,73043,ANZOÁTEGUI,0.0,19.0,1.0,0.0,0.0,0.0,2.0
2013,73,73,73055,ARMERO,0.0,91.0,1.0,0.0,0.0,0.0,2.0
2013,73,73,73067,ATACO,0.0,0.0,16.0,0.0,0.0,0.0,2.0
2013,73,73,73124,CAJAMARCA,0.0,258.0,101.0,0.0,0.0,0.0,2.0
2013,73,73,73148,CARMEN DE APICALÁ,76.0,58.0,8.0,0.0,0.0,0.0,2.0
2013,73,73,73152,CASABIANCA,0.0,1.0,23.0,0.0,0.0,0.0,2.0
2013,73,73,73168,CHAPARRAL,0.0,70.0,189.0,0.0,0.0,0.0,3.0
2013,73,73,73200,COELLO,0.0,24.0,50.0,0.0,0.0,0.0,2.0
2013,73,73,73217,COYAIMA,0.0,11.0,46.0,0.0,0.0,0.0,1.0
2013,73,73,73226,CUNDAY,0.0,20.0,2.0,0.0,0.0,0.0,2.0
2013,73,73,73236,DOLORES,0.0,30.0,17.0,0.0,0.0,0.0,3.0
2013,73,73,73268,ESPINAL,1938.0,2146.0,1331.0,38.0,0.0,0.0,10.0
2013,73,73,73270,FALAN,0.0,0.0,21.0,0.0,0.0,0.0,2.0
2013,73,73,73275,FLANDES,19.0,18.0,29.0,0.0,0.0,0.0,3.0
2013,73,73,73283,FRESNO,0.0,109.0,29.0,0.0,0.0,0.0,3.0
2013,73,73,73319,GUAMO,0.0,46.0,1.0,0.0,0.0,0.0,2.0
2013,73,73,73347,HERVEO,0.0,0.0,11.0,0.0,0.0,0.0,2.0
2013,73,73,73349,HONDA,0.0,395.0,282.0,0.0,0.0,0.0,5.0
2013,73,73,73352,ICONONZO,0.0,0.0,31.0,0.0,0.0,0.0,1.0
2013,73,73,73408,LÉRIDA,27.0,134.0,1.0,0.0,0.0,0.0,5.0
2013,73,73,73411,LÍBANO,68.0,315.0,182.0,2.0,3.0,0.0,6.0
2013,73,73,73443,SAN SEBASTIÁN DE MARIQUITA,114.0,197.0,335.0,6.0,1.0,0.0,5.0
2013,73,73,73443,SAN SEBASTIÁN DE MARIQUITA,0.0,226.0,0.0,0.0,0.0,0.0,1.0
2013,73,73,73449,MELGAR,0.0,270.0,189.0,0.0,0.0,0.0,3.0
2013,73,73,73461,MURILLO,0.0,0.0,6.0,0.0,0.0,0.0,1.0
2013,73,73,73483,NATAGAIMA,0.0,0.0,29.0,0.0,0.0,0.0,1.0
2013,73,73,73504,ORTEGA,0.0,0.0,24.0,0.0,0.0,0.0,1.0
2013,73,73,73520,PALOCABILDO,0.0,18.0,0.0,0.0,0.0,0.0,1.0
2013,73,73,73555,PLANADAS,0.0,54.0,41.0,0.0,0.0,0.0,3.0
2013,73,73,73563,PRADO,0.0,55.0,11.0,0.0,0.0,0.0,2.0
2013,73,73,73585,PURIFICACIÓN,0.0,686.0,151.0,0.0,0.0,0.0,3.0
2013,73,73,73616,RIOBLANCO,0.0,0.0,60.0,0.0,0.0,0.0,2.0
2013,73,73,73622,RONCESVALLES,0.0,0.0,14.0,0.0,0.0,0.0,1.0
2013,73,73,73624,ROVIRA,0.0,0.0,7.0,0.0,0.0,0.0,2.0
2013,73,73,73671,SALDAÑA,0.0,0.0,21.0,0.0,0.0,0.0,2.0
2013,73,73,73675,SAN ANTONIO,0.0,0.0,28.0,0.0,0.0,0.0,1.0
2013,73,73,73678,SAN LUIS,0.0,108.0,10.0,0.0,0.0,0.0,3.0
2013,73,73,73686,SANTA ISABEL,0.0,9.0,10.0,0.0,0.0,0.0,2.0
2013,73,73,73854,VALLE DE SAN JUAN,0.0,0.0,22.0,0.0,0.0,0.0,1.0
2013,73,73,73861,VENADILLO,0.0,134.0,1.0,0.0,0.0,0.0,2.0
2013,73,73,73870,VILLAHERMOSA,0.0,0.0,22.0,0.0,0.0,0.0,2.0
2013,73,73,73873,VILLARRICA,0.0,0.0,1.0,0.0,0.0,0.0,1.0
2013,76,76,76001,CALI,5428.0,29065.0,70712.0,3257.0,3887.0,345.0,49.0
2013,76,76,76020,ALCALÁ,0.0,41.0,0.0,0.0,0.0,0.0,1.0
2013,76,76,76036,ANDALUCÍA,0.0,100.0,0.0,0.0,0.0,0.0,1.0
2013,76,76,76041,ANSERMANUEVO,0.0,0.0,1.0,0.0,0.0,0.0,1.0
2013,76,76,76054,ARGELIA,0.0,48.0,1.0,0.0,0.0,0.0,2.0
2013,76,76,76100,BOLÍVAR,0.0,47.0,0.0,0.0,0.0,0.0,1.0
2013,76,76,76109,BUENAVENTURA,913.0,1636.0,2429.0,1.0,0.0,0.0,10.0
2013,76,76,76111,GUADALAJARA DE BUGA,531.0,3693.0,1416.0,3.0,0.0,0.0,6.0
2013,76,76,76113,BUGALAGRANDE,0.0,174.0,88.0,0.0,0.0,0.0,2.0
2013,76,76,76122,CAICEDONIA,0.0,204.0,358.0,0.0,0.0,0.0,3.0
2013,76,76,76130,CANDELARIA,0.0,114.0,2.0,0.0,0.0,0.0,2.0
2013,76,76,76147,CARTAGO,0.0,2303.0,1317.0,31.0,0.0,0.0,8.0
2013,76,76,76233,DAGUA,0.0,211.0,0.0,0.0,0.0,0.0,1.0
2013,76,76,76243,EL ÁGUILA,0.0,0.0,2.0,0.0,0.0,0.0,1.0
2013,76,76,76246,EL CAIRO,0.0,0.0,3.0,0.0,0.0,0.0,1.0
2013,76,76,76248,EL CERRITO,0.0,96.0,0.0,0.0,0.0,0.0,1.0
2013,76,76,76250,EL DOVIO,54.0,42.0,0.0,0.0,0.0,0.0,2.0
2013,76,76,76275,FLORIDA,0.0,347.0,1.0,0.0,0.0,0.0,2.0
2013,76,76,76306,GINEBRA,0.0,35.0,0.0,0.0,0.0,0.0,1.0
2013,76,76,76318,GUACARÍ,0.0,98.0,0.0,0.0,0.0,0.0,1.0
2013,76,76,76364,JAMUNDÍ,4.0,643.0,126.0,52.0,0.0,0.0,5.0
2013,76,76,76377,LA CUMBRE,0.0,27.0,0.0,0.0,0.0,0.0,1.0
2013,76,76,76400,LA UNIÓN,0.0,194.0,29.0,0.0,0.0,0.0,3.0
2013,76,76,76403,LA VICTORIA,0.0,41.0,4.0,0.0,0.0,0.0,2.0
2013,76,76,76497,OBANDO,0.0,0.0,2.0,0.0,0.0,0.0,1.0
2013,76,76,76520,PALMIRA,113.0,3059.0,11012.0,134.0,233.0,74.0,12.0
2013,76,76,76563,PRADERA,0.0,116.0,0.0,0.0,0.0,0.0,1.0
2013,76,76,76606,RESTREPO,0.0,7.0,39.0,0.0,0.0,0.0,1.0
2013,76,76,76616,RIOFRÍO,0.0,99.0,1.0,0.0,0.0,0.0,2.0
2013,76,76,76622,ROLDANILLO,725.0,309.0,284.0,0.0,0.0,0.0,7.0
2013,76,76,76670,SAN PEDRO,0.0,72.0,0.0,0.0,0.0,0.0,1.0
2013,76,76,76736,SEVILLA,0.0,147.0,38.0,0.0,0.0,0.0,2.0
2013,76,76,76828,TRUJILLO,0.0,31.0,1.0,0.0,0.0,0.0,2.0
2013,76,76,76834,TULUÁ,75.0,3675.0,5338.0,106.0,69.0,0.0,8.0
2013,76,76,76845,ULLOA,0.0,0.0,1.0,0.0,0.0,0.0,1.0
2013,76,76,76863,VERSALLES,0.0,68.0,0.0,0.0,0.0,0.0,1.0
2013,76,76,76869,VIJES,0.0,24.0,0.0,0.0,0.0,0.0,2.0
2013,76,76,76892,YUMBO,0.0,1013.0,140.0,0.0,0.0,0.0,4.0
2013,76,76,76895,ZARZAL,0.0,548.0,719.0,0.0,0.0,0.0,2.0
2013,8,8,8001,BARRANQUILLA,4692.0,23891.0,72855.0,3329.0,1534.0,54.0,34.0
2013,8,8,8078,BARANOA,0.0,37.0,0.0,0.0,0.0,0.0,1.0
2013,8,8,8296,GALAPA,175.0,78.0,4.0,0.0,0.0,0.0,3.0
2013,8,8,8421,LURUACO,0.0,0.0,1.0,0.0,0.0,0.0,1.0
2013,8,8,8433,MALAMBO,0.0,207.0,8.0,0.0,0.0,0.0,2.0
2013,8,8,8436,MANATÍ,0.0,67.0,0.0,0.0,0.0,0.0,1.0
2013,8,8,8520,PALMAR DE VARELA,0.0,42.0,2.0,0.0,0.0,0.0,2.0
2013,8,8,8549,PIOJÓ,0.0,0.0,1.0,0.0,0.0,0.0,1.0
2013,8,8,8558,POLONUEVO,0.0,68.0,0.0,0.0,0.0,0.0,1.0
2013,8,8,8573,PUERTO COLOMBIA,0.0,190.0,303.0,4.0,0.0,0.0,2.0
2013,8,8,8606,REPELÓN,0.0,63.0,0.0,0.0,0.0,0.0,1.0
2013,8,8,8634,SABANAGRANDE,100.0,0.0,3.0,0.0,0.0,0.0,2.0
2013,8,8,8638,SABANALARGA,0.0,842.0,1.0,0.0,0.0,0.0,2.0
2013,8,8,8685,SANTO TOMÁS,0.0,15.0,1.0,0.0,0.0,0.0,2.0
2013,8,8,8758,SOLEDAD,1471.0,694.0,121.0,0.0,0.0,0.0,4.0
2013,8,8,8770,SUAN,0.0,37.0,0.0,0.0,0.0,0.0,1.0
2013,81,81,81001,ARAUCA,0.0,629.0,2026.0,39.0,0.0,0.0,7.0
2013,81,81,81065,ARAUQUITA,7.0,127.0,17.0,0.0,0.0,0.0,3.0
2013,81,81,81300,FORTUL,0.0,14.0,0.0,0.0,0.0,0.0,1.0
2013,81,81,81591,PUERTO RONDÓN,0.0,9.0,0.0,0.0,0.0,0.0,1.0
2013,81,81,81736,SARAVENA,0.0,141.0,99.0,32.0,0.0,0.0,6.0
2013,81,81,81794,TAME,0.0,182.0,0.0,0.0,0.0,0.0,1.0
2013,81,81,81794,TAME,0.0,46.0,97.0,14.0,0.0,0.0,4.0
2013,85,85,85001,YOPAL,74.0,1480.0,6154.0,45.0,27.0,0.0,14.0
2013,85,85,85010,AGUAZUL,0.0,156.0,8.0,20.0,0.0,0.0,3.0
2013,85,85,85139,MANÍ,14.0,9.0,0.0,0.0,0.0,0.0,1.0
2013,85,85,85162,MONTERREY,0.0,38.0,15.0,26.0,0.0,0.0,4.0
2013,85,85,85225,NUNCHÍA,0.0,22.0,0.0,0.0,0.0,0.0,1.0
2013,85,85,85250,PAZ DE ARIPORO,37.0,63.0,128.0,0.0,0.0,0.0,5.0
2013,85,85,85400,TÁMARA,0.0,66.0,0.0,0.0,0.0,0.0,1.0
2013,85,85,85410,TAURAMENA,30.0,121.0,57.0,0.0,0.0,0.0,2.0
2013,85,85,85430,TRINIDAD,12.0,51.0,18.0,0.0,0.0,0.0,2.0
2013,85,85,85440,VILLANUEVA,0.0,163.0,6.0,0.0,0.0,0.0,3.0
2013,86,86,86001,MOCOA,0.0,196.0,0.0,0.0,0.0,0.0,1.0
2013,86,86,86001,MOCOA,78.0,941.0,542.0,38.0,0.0,0.0,6.0
2013,86,86,86219,COLÓN,0.0,0.0,1.0,0.0,0.0,0.0,1.0
2013,86,86,86320,ORITO,0.0,33.0,1.0,15.0,0.0,0.0,3.0
2013,86,86,86568,PUERTO ASÍS,0.0,491.0,0.0,0.0,0.0,0.0,1.0
2013,86,86,86568,PUERTO ASÍS,0.0,0.0,289.0,0.0,0.0,0.0,3.0
2013,86,86,86571,PUERTO GUZMÁN,41.0,84.0,2.0,21.0,0.0,0.0,3.0
2013,86,86,86573,PUERTO LEGUÍZAMO,0.0,31.0,0.0,0.0,0.0,0.0,1.0
2013,86,86,86749,SIBUNDOY,0.0,259.0,26.0,0.0,0.0,0.0,3.0
2013,86,86,86755,SAN FRANCISCO,0.0,83.0,48.0,0.0,0.0,0.0,2.0
2013,86,86,86757,SAN MIGUEL,0.0,61.0,0.0,0.0,0.0,0.0,1.0
2013,86,86,86760,SANTIAGO,0.0,21.0,2.0,0.0,0.0,0.0,2.0
2013,86,86,86865,VALLE DEL GUAMUEZ,0.0,61.0,0.0,0.0,0.0,0.0,1.0
2013,86,86,86865,VALLE DEL GUAMUEZ,0.0,41.0,215.0,4.0,1.0,0.0,2.0
2013,86,86,86885,VILLAGARZÓN,0.0,120.0,1.0,0.0,0.0,0.0,2.0
2013,88,88,88001,SAN ANDRÉS,194.0,967.0,68.0,0.0,23.0,4.0,6.0
2013,88,88,88564,PROVIDENCIA,0.0,44.0,1.0,0.0,0.0,0.0,2.0
2013,91,91,91001,LETICIA,82.0,292.0,315.0,10.0,17.0,3.0,10.0
2013,91,91,91263,EL ENCANTO,0.0,0.0,14.0,0.0,0.0,0.0,1.0
2013,94,94,94001,INÍRIDA,2.0,221.0,204.0,13.0,3.0,0.0,4.0
2013,95,95,95001,SAN JOSÉ DEL GUAVIARE,0.0,1385.0,502.0,21.0,0.0,0.0,8.0
2013,95,95,95015,CALAMAR,0.0,35.0,0.0,0.0,0.0,0.0,1.0
2013,95,95,95025,EL RETORNO,0.0,98.0,0.0,0.0,0.0,0.0,1.0
2013,97,97,97001,MITÚ,0.0,344.0,15.0,0.0,0.0,0.0,2.0
2013,99,99,99001,PUERTO CARREÑO,21.0,467.0,153.0,11.0,0.0,0.0,6.0
2013,99,99,99524,LA PRIMAVERA,0.0,0.0,1.0,0.0,0.0,0.0,1.0
2013,99,99,99624,SANTA ROSALÍA,0.0,33.0,0.0,0.0,0.0,0.0,1.0
2013,99,99,99773,CUMARIBO,0.0,81.0,0.0,0.0,0.0,0.0,1.0
2014,11,11,11001,BOGOTÁ D.C.,42224.0,160226.0,442999.0,39324.0,21581.0,1891.0,122.0
2014,13,13,13001,CARTAGENA DE INDIAS,1815.0,29424.0,35425.0,1644.0,327.0,73.0,34.0
2014,13,13,13006,ACHÍ,8.0,12.0,28.0,0.0,0.0,0.0,1.0
2014,13,13,13030,ALTOS DEL ROSARIO,0.0,29.0,0.0,0.0,0.0,0.0,1.0
2014,13,13,13052,ARJONA,0.0,43.0,0.0,0.0,0.0,0.0,1.0
2014,13,13,13160,CANTAGALLO,0.0,72.0,0.0,0.0,0.0,0.0,1.0
2014,13,13,13212,CÓRDOBA,0.0,20.0,0.0,0.0,0.0,0.0,1.0
2014,13,13,13244,EL CARMEN DE BOLÍVAR,0.0,128.0,632.0,0.0,0.0,0.0,3.0
2014,13,13,13248,EL GUAMO,0.0,20.0,0.0,0.0,0.0,0.0,1.0
2014,13,13,13430,MAGANGUÉ,116.0,247.0,985.0,26.0,0.0,0.0,4.0
2014,13,13,13433,MAHATES,0.0,27.0,0.0,0.0,0.0,0.0,1.0
2014,13,13,13442,MARÍA LA BAJA,0.0,49.0,75.0,0.0,0.0,0.0,2.0
2014,13,13,13458,MONTECRISTO,0.0,0.0,3.0,0.0,0.0,0.0,1.0
2014,13,13,13468,SANTA CRUZ DE MOMPOX,0.0,19.0,197.0,0.0,0.0,0.0,3.0
2014,13,13,13473,MORALES,0.0,39.0,0.0,0.0,0.0,0.0,1.0
2014,13,13,13549,PINILLOS,0.0,18.0,0.0,0.0,0.0,0.0,1.0
2014,13,13,13600,RÍO VIEJO,0.0,19.0,0.0,0.0,0.0,0.0,1.0
2014,13,13,13647,SAN ESTANISLAO,1.0,0.0,53.0,0.0,0.0,0.0,1.0
2014,13,13,13654,SAN JACINTO,0.0,60.0,0.0,0.0,0.0,0.0,1.0
2014,13,13,13657,SAN JUAN NEPOMUCENO,0.0,49.0,257.0,0.0,0.0,0.0,2.0
2014,13,13,13667,SAN MARTÍN DE LOBA,0.0,22.0,0.0,0.0,0.0,0.0,1.0
2014,13,13,13670,SAN PABLO,0.0,44.0,0.0,0.0,0.0,0.0,1.0
2014,13,13,13688,SANTA ROSA DEL SUR,0.0,44.0,15.0,0.0,0.0,0.0,2.0
2014,13,13,13744,SIMITÍ,0.0,22.0,0.0,0.0,0.0,0.0,1.0
2014,13,13,13780,TALAIGUA NUEVO,0.0,30.0,0.0,0.0,0.0,0.0,1.0
2014,13,13,13836,TURBACO,2.0,76.0,545.0,0.0,0.0,0.0,3.0
2014,13,13,13838,TURBANÁ,0.0,48.0,0.0,0.0,0.0,0.0,1.0
2014,13,13,13873,VILLANUEVA,22.0,67.0,116.0,0.0,0.0,0.0,1.0
2014,13,13,13894,ZAMBRANO,0.0,11.0,0.0,0.0,0.0,0.0,1.0
2014,15,15,15001,TUNJA,248.0,4805.0,26811.0,2318.0,1151.0,99.0,13.0
2014,15,15,15047,AQUITANIA,0.0,49.0,0.0,0.0,0.0,0.0,1.0
2014,15,15,15087,BELÉN,0.0,34.0,0.0,0.0,0.0,0.0,1.0
2014,15,15,15097,BOAVITA,0.0,17.0,70.0,1.0,0.0,0.0,1.0
2014,15,15,15162,CERINZA,0.0,0.0,3.0,0.0,0.0,0.0,1.0
2014,15,15,15176,CHIQUINQUIRÁ,67.0,221.0,2625.0,7.0,45.0,0.0,7.0
2014,15,15,15180,CHISCAS,0.0,11.0,19.0,0.0,0.0,0.0,2.0
2014,15,15,15212,COPER,0.0,14.0,0.0,0.0,0.0,0.0,1.0
2014,15,15,15223,CUBARÁ,0.0,52.0,131.0,2.0,0.0,0.0,2.0
2014,15,15,15238,DUITAMA,3.0,1517.0,5254.0,116.0,3.0,0.0,8.0
2014,15,15,15244,EL COCUY,0.0,11.0,0.0,0.0,0.0,0.0,1.0
2014,15,15,15276,FLORESTA,0.0,13.0,0.0,0.0,0.0,0.0,1.0
2014,15,15,15293,GACHANTIVÁ,0.0,16.0,0.0,0.0,0.0,0.0,1.0
2014,15,15,15299,GARAGOA,1.0,118.0,306.0,5.0,1.0,0.0,4.0
2014,15,15,15322,GUATEQUE,9.0,30.0,61.0,3.0,0.0,0.0,3.0
2014,15,15,15332,GÜICÁN DE LA SIERRA,0.0,39.0,26.0,0.0,0.0,0.0,3.0
2014,15,15,15425,MACANAL,0.0,13.0,0.0,0.0,0.0,0.0,1.0
2014,15,15,15455,MIRAFLORES,0.0,40.0,0.0,0.0,0.0,0.0,1.0
2014,15,15,15469,MONIQUIRÁ,24.0,56.0,234.0,1.0,0.0,0.0,4.0
2014,15,15,15480,MUZO,0.0,26.0,1.0,0.0,0.0,0.0,2.0
2014,15,15,15491,NOBSA,0.0,29.0,0.0,0.0,0.0,0.0,1.0
2014,15,15,15507,OTANCHE,0.0,19.0,0.0,0.0,0.0,0.0,1.0
2014,15,15,15516,PAIPA,0.0,326.0,0.0,0.0,0.0,0.0,1.0
2014,15,15,15537,PAZ DE RÍO,0.0,0.0,1.0,0.0,0.0,0.0,1.0
2014,15,15,15542,PESCA,0.0,0.0,1.0,0.0,0.0,0.0,1.0
2014,15,15,15572,PUERTO BOYACÁ,0.0,139.0,50.0,0.0,0.0,0.0,3.0
2014,15,15,15599,RAMIRIQUÍ,0.0,29.0,0.0,0.0,0.0,0.0,1.0
2014,15,15,15621,RONDÓN,0.0,44.0,0.0,0.0,0.0,0.0,1.0
2014,15,15,15646,SAMACÁ,0.0,209.0,10.0,0.0,0.0,0.0,3.0
2014,15,15,15667,SAN LUIS DE GACENO,0.0,55.0,0.0,0.0,0.0,0.0,1.0
2014,15,15,15693,SANTA ROSA DE VITERBO,798.0,38.0,0.0,0.0,0.0,0.0,2.0
2014,15,15,15720,SATIVANORTE,0.0,31.0,0.0,0.0,0.0,0.0,1.0
2014,15,15,15753,SOATÁ,0.0,68.0,201.0,0.0,0.0,0.0,3.0
2014,15,15,15757,SOCHA,0.0,14.0,133.0,0.0,0.0,0.0,2.0
2014,15,15,15759,SOGAMOSO,2.0,5659.0,5150.0,392.0,31.0,0.0,7.0
2014,15,15,15774,SUSACÓN,0.0,12.0,0.0,0.0,0.0,0.0,1.0
2014,15,15,15776,SUTAMARCHÁN,0.0,13.0,0.0,0.0,0.0,0.0,1.0
2014,15,15,15778,SUTATENZA,0.0,0.0,135.0,0.0,0.0,0.0,1.0
2014,15,15,15837,TUTA,0.0,22.0,0.0,0.0,0.0,0.0,1.0
2014,15,15,15842,ÚMBITA,0.0,25.0,0.0,0.0,0.0,0.0,1.0
2014,17,17,17001,MANIZALES,1512.0,9639.0,25668.0,1268.0,2741.0,266.0,16.0
2014,17,17,17013,AGUADAS,0.0,24.0,0.0,0.0,11.0,0.0,2.0
2014,17,17,17042,ANSERMA,0.0,32.0,23.0,0.0,0.0,0.0,2.0
2014,17,17,17088,BELALCÁZAR,0.0,27.0,0.0,0.0,0.0,0.0,1.0
2014,17,17,17174,CHINCHINÁ,0.0,103.0,0.0,0.0,0.0,0.0,1.0
2014,17,17,17272,FILADELFIA,0.0,0.0,19.0,0.0,0.0,0.0,1.0
2014,17,17,17380,LA DORADA,0.0,1684.0,702.0,8.0,9.0,0.0,5.0
2014,17,17,17388,LA MERCED,0.0,26.0,0.0,0.0,0.0,0.0,1.0
2014,17,17,17433,MANZANARES,15.0,0.0,0.0,0.0,0.0,0.0,1.0
2014,17,17,17442,MARMATO,0.0,50.0,0.0,0.0,0.0,0.0,1.0
2014,17,17,17444,MARQUETALIA,6.0,0.0,0.0,0.0,0.0,0.0,1.0
2014,17,17,17446,MARULANDA,0.0,28.0,0.0,0.0,0.0,0.0,1.0
2014,17,17,17486,NEIRA,0.0,52.0,0.0,0.0,0.0,0.0,1.0
2014,17,17,17513,PÁCORA,0.0,31.0,46.0,0.0,0.0,0.0,3.0
2014,17,17,17524,PALESTINA,0.0,18.0,0.0,0.0,0.0,0.0,1.0
2014,17,17,17541,PENSILVANIA,97.0,62.0,0.0,0.0,0.0,0.0,2.0
2014,17,17,17614,RIOSUCIO,0.0,126.0,29.0,0.0,0.0,0.0,2.0
2014,17,17,17616,RISARALDA,0.0,21.0,0.0,0.0,0.0,0.0,1.0
2014,17,17,17653,SALAMINA,0.0,15.0,0.0,0.0,0.0,0.0,1.0
2014,17,17,17662,SAMANÁ,0.0,73.0,0.0,0.0,0.0,0.0,2.0
2014,17,17,17777,SUPÍA,0.0,13.0,0.0,0.0,0.0,0.0,1.0
2014,17,17,17867,VICTORIA,0.0,27.0,0.0,0.0,0.0,0.0,1.0
2014,17,17,17873,VILLAMARÍA,0.0,0.0,533.0,0.0,0.0,0.0,1.0
2014,17,17,17877,VITERBO,0.0,38.0,0.0,0.0,0.0,0.0,1.0
2014,18,18,18001,FLORENCIA,105.0,1345.0,8587.0,165.0,176.0,0.0,5.0
2014,18,18,18029,ALBANIA,42.0,3.0,5.0,0.0,0.0,0.0,1.0
2014,18,18,18094,BELÉN DE LOS ANDAQUÍES,0.0,0.0,19.0,0.0,0.0,0.0,1.0
2014,18,18,18150,CARTAGENA DEL CHAIRÁ,28.0,7.0,0.0,0.0,0.0,0.0,1.0
2014,18,18,18247,EL DONCELLO,56.0,5.0,28.0,0.0,0.0,0.0,2.0
2014,18,18,18256,EL PAUJÍL,0.0,0.0,19.0,0.0,0.0,0.0,1.0
2014,18,18,18592,PUERTO RICO,0.0,23.0,0.0,0.0,0.0,0.0,1.0
2014,18,18,18753,SAN VICENTE DEL CAGUÁN,65.0,57.0,172.0,2.0,0.0,0.0,4.0
2014,19,19,19001,POPAYÁN,2.0,9043.0,25066.0,748.0,431.0,88.0,17.0
2014,19,19,19075,BALBOA,0.0,27.0,0.0,0.0,0.0,0.0,1.0
2014,19,19,19100,BOLÍVAR,0.0,58.0,0.0,0.0,0.0,0.0,1.0
2014,19,19,19130,CAJIBÍO,0.0,40.0,0.0,0.0,0.0,0.0,1.0
2014,19,19,19137,CALDONO,0.0,59.0,0.0,0.0,0.0,0.0,1.0
2014,19,19,19142,CALOTO,0.0,22.0,0.0,0.0,0.0,0.0,1.0
2014,19,19,19212,CORINTO,0.0,20.0,0.0,0.0,0.0,0.0,1.0
2014,19,19,19256,EL TAMBO,0.0,17.0,0.0,0.0,0.0,0.0,1.0
2014,19,19,19300,GUACHENÉ,0.0,33.0,0.0,0.0,0.0,0.0,1.0
2014,19,19,19318,GUAPI,0.0,32.0,0.0,0.0,0.0,0.0,1.0
2014,19,19,19355,INZÁ,0.0,16.0,0.0,0.0,0.0,0.0,1.0
2014,19,19,19450,MERCADERES,0.0,10.0,0.0,0.0,0.0,0.0,1.0
2014,19,19,19455,MIRANDA,38.0,289.0,193.0,0.0,0.0,0.0,4.0
2014,19,19,19473,MORALES,0.0,58.0,0.0,0.0,0.0,0.0,1.0
2014,19,19,19517,PÁEZ,0.0,29.0,0.0,0.0,0.0,0.0,1.0
2014,19,19,19532,PATÍA,0.0,103.0,263.0,4.0,0.0,0.0,3.0
2014,19,19,19533,PIAMONTE,0.0,18.0,0.0,0.0,0.0,0.0,1.0
2014,19,19,19548,PIENDAMÓ - TUNÍA,0.0,129.0,0.0,0.0,0.0,0.0,2.0
2014,19,19,19573,PUERTO TEJADA,8.0,366.0,0.0,0.0,0.0,0.0,2.0
2014,19,19,19698,SANTANDER DE QUILICHAO,109.0,815.0,1712.0,13.0,1.0,0.0,5.0
2014,19,19,19743,SILVIA,0.0,40.0,0.0,0.0,0.0,0.0,1.0
2014,19,19,19760,SOTARÁ PAISPAMBA,0.0,27.0,0.0,0.0,0.0,0.0,1.0
2014,19,19,19807,TIMBÍO,0.0,75.0,0.0,0.0,0.0,0.0,1.0
2014,19,19,19821,TORIBÍO,0.0,48.0,159.0,0.0,0.0,0.0,2.0
2014,19,19,19845,VILLA RICA,0.0,120.0,0.0,0.0,0.0,0.0,1.0
2014,20,20,20001,VALLEDUPAR,46.0,6805.0,21326.0,188.0,4.0,0.0,17.0
2014,20,20,20011,AGUACHICA,24.0,1064.0,495.0,0.0,0.0,0.0,3.0
2014,20,20,20013,AGUSTÍN CODAZZI,133.0,139.0,0.0,0.0,0.0,0.0,2.0
2014,20,20,20060,BOSCONIA,93.0,0.0,0.0,0.0,0.0,0.0,1.0
2014,20,20,20175,CHIMICHAGUA,0.0,75.0,0.0,0.0,0.0,0.0,1.0
2014,20,20,20228,CURUMANÍ,0.0,103.0,288.0,2.0,0.0,0.0,2.0
2014,20,20,20238,EL COPEY,0.0,37.0,0.0,0.0,0.0,0.0,1.0
2014,20,20,20250,EL PASO,0.0,40.0,0.0,0.0,0.0,0.0,1.0
2014,20,20,20383,LA GLORIA,0.0,45.0,0.0,0.0,0.0,0.0,1.0
2014,20,20,20400,LA JAGUA DE IBIRICO,0.0,129.0,0.0,0.0,0.0,0.0,1.0
2014,20,20,20517,PAILITAS,0.0,0.0,21.0,0.0,0.0,0.0,1.0
2014,20,20,20787,TAMALAMEQUE,0.0,42.0,0.0,0.0,0.0,0.0,1.0
2014,23,23,23001,MONTERÍA,1516.0,4021.0,24726.0,601.0,65.0,0.0,16.0
2014,23,23,23068,AYAPEL,0.0,0.0,18.0,0.0,0.0,0.0,1.0
2014,23,23,23162,CERETÉ,72.0,53.0,832.0,0.0,0.0,0.0,2.0
2014,23,23,23168,CHIMÁ,0.0,0.0,0.0,1.0,0.0,0.0,1.0
2014,23,23,23182,CHINÚ,0.0,15.0,0.0,0.0,0.0,0.0,1.0
2014,23,23,23189,CIÉNAGA DE ORO,0.0,24.0,436.0,0.0,0.0,0.0,1.0
2014,23,23,23300,COTORRA,0.0,7.0,0.0,0.0,0.0,0.0,1.0
2014,23,23,23350,LA APARTADA,0.0,53.0,0.0,0.0,0.0,0.0,1.0
2014,23,23,23417,LORICA,164.0,88.0,2052.0,0.0,0.0,0.0,7.0
2014,23,23,23419,LOS CÓRDOBAS,0.0,24.0,0.0,0.0,0.0,0.0,1.0
2014,23,23,23466,MONTELÍBANO,0.0,436.0,433.0,0.0,0.0,0.0,5.0
2014,23,23,23500,MOÑITOS,0.0,13.0,0.0,0.0,0.0,0.0,1.0
2014,23,23,23555,PLANETA RICA,0.0,125.0,269.0,0.0,0.0,0.0,2.0
2014,23,23,23570,PUEBLO NUEVO,0.0,7.0,0.0,0.0,0.0,0.0,1.0
2014,23,23,23574,PUERTO ESCONDIDO,0.0,44.0,0.0,0.0,0.0,0.0,1.0
2014,23,23,23580,PUERTO LIBERTADOR,0.0,68.0,0.0,0.0,0.0,0.0,1.0
2014,23,23,23586,PURÍSIMA DE LA CONCEPCIÓN,0.0,38.0,0.0,0.0,0.0,0.0,1.0
2014,23,23,23660,SAHAGÚN,155.0,248.0,1485.0,32.0,11.0,0.0,6.0
2014,23,23,23670,SAN ANDRÉS DE SOTAVENTO,0.0,0.0,0.0,39.0,0.0,0.0,1.0
2014,23,23,23686,SAN PELAYO,0.0,0.0,106.0,0.0,0.0,0.0,1.0
2014,23,23,23807,TIERRALTA,145.0,110.0,215.0,0.0,0.0,0.0,4.0
2014,23,23,23815,TUCHÍN,107.0,38.0,0.0,0.0,0.0,0.0,2.0
2014,23,23,23855,VALENCIA,0.0,33.0,58.0,0.0,0.0,0.0,2.0
2014,25,25,25035,ANAPOIMA,0.0,20.0,0.0,0.0,0.0,0.0,1.0
2014,25,25,25040,ANOLAIMA,0.0,9.0,0.0,0.0,0.0,0.0,1.0
2014,25,25,25053,ARBELÁEZ,0.0,179.0,776.0,30.0,21.0,0.0,2.0
2014,25,25,25126,CAJICÁ,0.0,385.0,1579.0,0.0,0.0,13.0,3.0
2014,25,25,25148,CAPARRAPÍ,0.0,30.0,0.0,0.0,0.0,0.0,1.0
2014,25,25,25151,CÁQUEZA,0.0,26.0,41.0,0.0,0.0,0.0,2.0
2014,25,25,25168,CHAGUANÍ,0.0,20.0,0.0,0.0,0.0,0.0,1.0
2014,25,25,25175,CHÍA,53.0,5636.0,8487.0,1424.0,1347.0,14.0,6.0
2014,25,25,25178,CHIPAQUE,0.0,0.0,27.0,0.0,0.0,0.0,1.0
2014,25,25,25181,CHOACHÍ,0.0,61.0,0.0,0.0,0.0,0.0,1.0
2014,25,25,25183,CHOCONTÁ,0.0,37.0,21.0,0.0,0.0,0.0,2.0
2014,25,25,25200,COGUA,0.0,129.0,57.0,0.0,0.0,0.0,3.0
2014,25,25,25214,COTA,0.0,76.0,0.0,0.0,0.0,0.0,1.0
2014,25,25,25224,CUCUNUBÁ,0.0,60.0,0.0,0.0,0.0,0.0,1.0
2014,25,25,25245,EL COLEGIO,5.0,96.0,0.0,0.0,0.0,0.0,2.0
2014,25,25,25258,EL PEÑÓN,0.0,21.0,0.0,0.0,0.0,0.0,1.0
2014,25,25,25260,EL ROSAL,0.0,32.0,0.0,0.0,0.0,0.0,1.0
2014,25,25,25269,FACATATIVÁ,616.0,265.0,5319.0,92.0,6.0,0.0,11.0
2014,25,25,25279,FÓMEQUE,0.0,15.0,0.0,0.0,0.0,0.0,1.0
2014,25,25,25286,FUNZA,0.0,43.0,0.0,0.0,0.0,0.0,1.0
2014,25,25,25290,FUSAGASUGÁ,798.0,2312.0,4754.0,147.0,0.0,0.0,9.0
2014,25,25,25297,GACHETÁ,0.0,108.0,480.0,5.0,1.0,0.0,3.0
2014,25,25,25307,GIRARDOT,0.0,3751.0,4784.0,42.0,10.0,0.0,7.0
2014,25,25,25320,GUADUAS,0.0,83.0,0.0,0.0,0.0,0.0,1.0
2014,25,25,25322,GUASCA,0.0,16.0,0.0,0.0,0.0,0.0,1.0
2014,25,25,25328,GUAYABAL DE SÍQUIMA,0.0,22.0,0.0,0.0,0.0,0.0,1.0
2014,25,25,25372,JUNÍN,0.0,0.0,1.0,0.0,0.0,0.0,1.0
2014,25,25,25377,LA CALERA,0.0,52.0,0.0,0.0,0.0,0.0,1.0
2014,25,25,25386,LA MESA,143.0,80.0,1.0,0.0,0.0,0.0,2.0
2014,25,25,25394,LA PALMA,0.0,13.0,25.0,0.0,0.0,0.0,2.0
2014,25,25,25398,LA PEÑA,0.0,39.0,0.0,0.0,0.0,0.0,1.0
2014,25,25,25402,LA VEGA,0.0,31.0,0.0,0.0,0.0,0.0,1.0
2014,25,25,25430,MADRID,0.0,536.0,0.0,0.0,0.0,0.0,2.0
2014,25,25,25473,MOSQUERA,0.0,4033.0,0.0,0.0,0.0,0.0,1.0
2014,25,25,25488,NILO,0.0,5070.0,0.0,0.0,0.0,0.0,1.0
2014,25,25,25491,NOCAIMA,0.0,19.0,16.0,0.0,0.0,0.0,2.0
2014,25,25,25513,PACHO,0.0,103.0,14.0,0.0,0.0,0.0,2.0
2014,25,25,25518,PAIME,0.0,33.0,0.0,0.0,0.0,0.0,1.0
2014,25,25,25530,PARATEBUENO,0.0,15.0,0.0,0.0,0.0,0.0,1.0
2014,25,25,25535,PASCA,0.0,0.0,1.0,0.0,0.0,0.0,1.0
2014,25,25,25572,PUERTO SALGAR,0.0,105.0,0.0,0.0,0.0,0.0,1.0
2014,25,25,25592,QUEBRADANEGRA,0.0,13.0,0.0,0.0,0.0,0.0,1.0
2014,25,25,25594,QUETAME,0.0,30.0,116.0,0.0,0.0,0.0,2.0
2014,25,25,25612,RICAURTE,50.0,0.0,0.0,0.0,0.0,0.0,1.0
2014,25,25,25662,SAN JUAN DE RIOSECO,0.0,26.0,37.0,0.0,0.0,0.0,2.0
2014,25,25,25718,SASAIMA,0.0,41.0,0.0,0.0,0.0,0.0,1.0
2014,25,25,25740,SIBATÉ,0.0,169.0,936.0,0.0,0.0,0.0,2.0
2014,25,25,25743,SILVANIA,0.0,20.0,0.0,0.0,0.0,0.0,1.0
2014,25,25,25745,SIMIJACA,0.0,20.0,23.0,0.0,0.0,0.0,2.0
2014,25,25,25754,SOACHA,0.0,6346.0,3220.0,1.0,1.0,0.0,4.0
2014,25,25,25758,SOPÓ,0.0,38.0,0.0,0.0,0.0,0.0,1.0
2014,25,25,25769,SUBACHOQUE,0.0,47.0,0.0,0.0,0.0,0.0,1.0
2014,25,25,25772,SUESCA,0.0,34.0,0.0,0.0,0.0,0.0,1.0
2014,25,25,25785,TABIO,0.0,44.0,0.0,0.0,0.0,0.0,1.0
2014,25,25,25793,TAUSA,0.0,0.0,49.0,0.0,0.0,0.0,1.0
2014,25,25,25799,TENJO,0.0,112.0,0.0,0.0,0.0,0.0,1.0
2014,25,25,25815,TOCAIMA,0.0,22.0,0.0,0.0,0.0,0.0,1.0
2014,25,25,25817,TOCANCIPÁ,0.0,240.0,0.0,0.0,0.0,0.0,1.0
2014,25,25,25841,UBAQUE,0.0,10.0,0.0,0.0,0.0,0.0,1.0
2014,25,25,25843,VILLA DE SAN DIEGO DE UBATÉ,0.0,94.0,660.0,0.0,0.0,0.0,2.0
2014,25,25,25862,VERGARA,0.0,22.0,0.0,0.0,0.0,0.0,1.0
2014,25,25,25871,VILLAGÓMEZ,0.0,29.0,0.0,0.0,0.0,0.0,1.0
2014,25,25,25873,VILLAPINZÓN,0.0,45.0,0.0,0.0,0.0,0.0,1.0
2014,25,25,25875,VILLETA,0.0,1054.0,0.0,0.0,0.0,0.0,1.0
2014,25,25,25885,YACOPÍ,0.0,19.0,0.0,0.0,0.0,0.0,1.0
2014,25,25,25899,ZIPAQUIRÁ,0.0,1459.0,3707.0,40.0,17.0,0.0,6.0
2014,27,27,27001,QUIBDÓ,12.0,847.0,11356.0,153.0,89.0,0.0,11.0
2014,27,27,27050,ATRATO,150.0,0.0,0.0,0.0,0.0,0.0,1.0
2014,27,27,27099,BOJAYÁ,0.0,70.0,0.0,0.0,0.0,0.0,1.0
2014,27,27,27150,CARMEN DEL DARIÉN,0.0,34.0,0.0,0.0,0.0,0.0,1.0
2014,27,27,27205,CONDOTO,0.0,22.0,0.0,0.0,0.0,0.0,1.0
2014,27,27,27361,ISTMINA,0.0,39.0,384.0,0.0,0.0,0.0,2.0
2014,27,27,27615,RIOSUCIO,0.0,40.0,0.0,0.0,0.0,0.0,1.0
2014,27,27,27787,TADÓ,0.0,26.0,0.0,0.0,0.0,0.0,1.0
2014,41,41,41001,NEIVA,807.0,4023.0,20085.0,720.0,262.0,0.0,17.0
2014,41,41,41013,AGRADO,0.0,22.0,0.0,0.0,0.0,0.0,1.0
2014,41,41,41020,ALGECIRAS,0.0,0.0,87.0,0.0,0.0,0.0,2.0
2014,41,41,41026,ALTAMIRA,0.0,21.0,44.0,0.0,0.0,0.0,2.0
2014,41,41,41078,BARAYA,0.0,0.0,17.0,0.0,0.0,0.0,1.0
2014,41,41,41132,CAMPOALEGRE,0.0,830.0,73.0,0.0,0.0,0.0,2.0
2014,41,41,41298,GARZÓN,0.0,1357.0,379.0,30.0,0.0,0.0,3.0
2014,41,41,41306,GIGANTE,85.0,75.0,0.0,0.0,0.0,0.0,2.0
2014,41,41,41319,GUADALUPE,46.0,31.0,0.0,0.0,0.0,0.0,2.0
2014,41,41,41359,ISNOS,0.0,31.0,0.0,0.0,0.0,0.0,1.0
2014,41,41,41378,LA ARGENTINA,0.0,20.0,0.0,0.0,0.0,0.0,1.0
2014,41,41,41396,LA PLATA,0.0,1046.0,787.0,11.0,3.0,0.0,3.0
2014,41,41,41518,PAICOL,0.0,14.0,0.0,0.0,0.0,0.0,1.0
2014,41,41,41548,PITAL,0.0,45.0,0.0,0.0,0.0,0.0,1.0
2014,41,41,41551,PITALITO,2.0,2323.0,2232.0,93.0,7.0,0.0,10.0
2014,41,41,41615,RIVERA,25.0,102.0,0.0,0.0,0.0,0.0,2.0
2014,41,41,41668,SAN AGUSTÍN,56.0,0.0,0.0,0.0,0.0,0.0,1.0
2014,41,41,41676,SANTA MARÍA,0.0,9.0,0.0,0.0,0.0,0.0,1.0
2014,41,41,41770,SUAZA,0.0,29.0,0.0,0.0,0.0,0.0,1.0
2014,41,41,41791,TARQUI,0.0,14.0,0.0,0.0,0.0,0.0,1.0
2014,41,41,41797,TESALIA,0.0,33.0,0.0,0.0,0.0,0.0,1.0
2014,41,41,41801,TERUEL,14.0,0.0,0.0,0.0,0.0,0.0,1.0
2014,41,41,41872,VILLAVIEJA,0.0,17.0,0.0,0.0,0.0,0.0,1.0
2014,44,44,44001,RIOHACHA,189.0,1915.0,7978.0,141.0,23.0,0.0,8.0
2014,44,44,44035,ALBANIA,3.0,40.0,0.0,0.0,0.0,0.0,2.0
2014,44,44,44078,BARRANCAS,0.0,85.0,0.0,0.0,0.0,0.0,1.0
2014,44,44,44110,EL MOLINO,0.0,20.0,0.0,0.0,0.0,0.0,1.0
2014,44,44,44279,FONSECA,0.0,2113.0,654.0,0.0,0.0,0.0,2.0
2014,44,44,44420,LA JAGUA DEL PILAR,0.0,24.0,0.0,0.0,0.0,0.0,1.0
2014,44,44,44430,MAICAO,0.0,273.0,1398.0,0.0,0.0,0.0,3.0
2014,44,44,44560,MANAURE,0.0,12.0,208.0,0.0,0.0,0.0,2.0
2014,44,44,44650,SAN JUAN DEL CESAR,703.0,73.0,95.0,0.0,0.0,0.0,2.0
2014,44,44,44847,URIBIA,89.0,0.0,0.0,0.0,0.0,0.0,1.0
2014,44,44,44874,VILLANUEVA,0.0,109.0,525.0,0.0,0.0,0.0,2.0
2014,47,47,47001,SANTA MARTA,3037.0,6158.0,25586.0,706.0,89.0,32.0,12.0
2014,47,47,47053,ARACATACA,0.0,27.0,0.0,1.0,0.0,0.0,2.0
2014,47,47,47058,ARIGUANÍ,0.0,0.0,0.0,1.0,0.0,0.0,1.0
2014,47,47,47170,CHIVOLO,0.0,0.0,0.0,29.0,0.0,0.0,1.0
2014,47,47,47189,CIÉNAGA,204.0,207.0,24.0,1.0,0.0,0.0,4.0
2014,47,47,47205,CONCORDIA,0.0,0.0,0.0,12.0,0.0,0.0,1.0
2014,47,47,47245,EL BANCO,100.0,74.0,65.0,2.0,0.0,0.0,3.0
2014,47,47,47288,FUNDACIÓN,0.0,109.0,6.0,0.0,0.0,0.0,2.0
2014,47,47,47460,NUEVA GRANADA,0.0,38.0,0.0,0.0,0.0,0.0,1.0
2014,47,47,47555,PLATO,175.0,155.0,86.0,56.0,0.0,0.0,4.0
2014,47,47,47980,ZONA BANANERA,0.0,26.0,0.0,0.0,0.0,0.0,1.0
2014,5,5,5001,MEDELLÍN,2271.0,75329.0,144797.0,8323.0,4822.0,1147.0,47.0
2014,5,5,5002,ABEJORRAL,0.0,74.0,0.0,0.0,0.0,0.0,2.0
2014,5,5,5030,AMAGÁ,0.0,21.0,0.0,0.0,0.0,0.0,1.0
2014,5,5,5031,AMALFI,0.0,76.0,229.0,0.0,0.0,0.0,3.0
2014,5,5,5034,ANDES,0.0,309.0,342.0,0.0,21.0,0.0,3.0
2014,5,5,5036,ANGELÓPOLIS,0.0,26.0,0.0,0.0,0.0,0.0,1.0
2014,5,5,5038,ANGOSTURA,0.0,0.0,18.0,0.0,0.0,0.0,1.0
2014,5,5,5042,SANTA FÉ DE ANTIOQUIA,3.0,728.0,273.0,0.0,0.0,0.0,4.0
2014,5,5,5045,APARTADÓ,222.0,6702.0,1193.0,15.0,45.0,0.0,12.0
2014,5,5,5051,ARBOLETES,0.0,142.0,0.0,0.0,0.0,0.0,1.0
2014,5,5,5055,ARGELIA,0.0,17.0,0.0,0.0,0.0,0.0,1.0
2014,5,5,5059,ARMENIA,0.0,0.0,331.0,0.0,0.0,0.0,2.0
2014,5,5,5079,BARBOSA,0.0,115.0,3.0,0.0,0.0,0.0,2.0
2014,5,5,5088,BELLO,492.0,1281.0,2202.0,0.0,0.0,0.0,5.0
2014,5,5,5091,BETANIA,0.0,0.0,28.0,0.0,0.0,0.0,1.0
2014,5,5,5093,BETULIA,0.0,15.0,24.0,0.0,0.0,0.0,1.0
2014,5,5,5101,CIUDAD BOLÍVAR,0.0,104.0,66.0,0.0,0.0,0.0,2.0
2014,5,5,5120,CÁCERES,0.0,26.0,0.0,0.0,0.0,0.0,1.0
2014,5,5,5125,CAICEDO,0.0,12.0,0.0,0.0,0.0,0.0,1.0
2014,5,5,5129,CALDAS,0.0,1699.0,1586.0,33.0,20.0,0.0,3.0
2014,5,5,5138,CAÑASGORDAS,0.0,37.0,0.0,0.0,0.0,0.0,2.0
2014,5,5,5142,CARACOLÍ,0.0,31.0,0.0,0.0,0.0,0.0,1.0
2014,5,5,5147,CAREPA,0.0,99.0,31.0,0.0,0.0,0.0,2.0
2014,5,5,5148,EL CARMEN DE VIBORAL,0.0,369.0,1220.0,14.0,84.0,0.0,3.0
2014,5,5,5150,CAROLINA,0.0,0.0,21.0,0.0,0.0,0.0,1.0
2014,5,5,5154,CAUCASIA,21.0,1831.0,787.0,14.0,21.0,0.0,4.0
2014,5,5,5172,CHIGORODÓ,38.0,411.0,1.0,0.0,0.0,0.0,2.0
2014,5,5,5190,CISNEROS,0.0,123.0,0.0,0.0,0.0,0.0,1.0
2014,5,5,5197,COCORNÁ,0.0,14.0,0.0,0.0,0.0,0.0,1.0
2014,5,5,5206,CONCEPCIÓN,0.0,45.0,0.0,0.0,0.0,0.0,2.0
2014,5,5,5209,CONCORDIA,0.0,12.0,0.0,0.0,0.0,0.0,1.0
2014,5,5,5212,COPACABANA,0.0,405.0,28.0,0.0,0.0,0.0,2.0
2014,5,5,5234,DABEIBA,0.0,105.0,17.0,0.0,0.0,0.0,2.0
2014,5,5,5237,DONMATÍAS,0.0,35.0,30.0,0.0,0.0,0.0,2.0
2014,5,5,5240,EBÉJICO,0.0,24.0,35.0,0.0,0.0,0.0,1.0
2014,5,5,5250,EL BAGRE,0.0,100.0,0.0,0.0,0.0,0.0,1.0
2014,5,5,5264,ENTRERRÍOS,0.0,15.0,0.0,0.0,0.0,0.0,1.0
2014,5,5,5266,ENVIGADO,380.0,116.0,4604.0,0.0,16.0,0.0,6.0
2014,5,5,5282,FREDONIA,0.0,32.0,0.0,0.0,0.0,0.0,1.0
2014,5,5,5284,FRONTINO,0.0,59.0,0.0,0.0,0.0,0.0,1.0
2014,5,5,5308,GIRARDOTA,0.0,343.0,0.0,0.0,0.0,0.0,1.0
2014,5,5,5310,GÓMEZ PLATA,0.0,15.0,0.0,0.0,0.0,0.0,1.0
2014,5,5,5313,GRANADA,0.0,60.0,0.0,0.0,0.0,0.0,2.0
2014,5,5,5318,GUARNE,0.0,192.0,0.0,0.0,0.0,0.0,1.0
2014,5,5,5321,GUATAPÉ,0.0,43.0,0.0,0.0,0.0,0.0,1.0
2014,5,5,5360,ITAGÜÍ,35.0,7559.0,229.0,0.0,0.0,0.0,2.0
2014,5,5,5361,ITUANGO,0.0,15.0,0.0,0.0,0.0,0.0,1.0
2014,5,5,5364,JARDÍN,0.0,17.0,0.0,0.0,0.0,0.0,1.0
2014,5,5,5368,JERICÓ,0.0,43.0,108.0,0.0,0.0,0.0,2.0
2014,5,5,5376,LA CEJA,0.0,493.0,0.0,0.0,0.0,0.0,2.0
2014,5,5,5380,LA ESTRELLA,0.0,238.0,0.0,0.0,0.0,0.0,2.0
2014,5,5,5390,LA PINTADA,0.0,188.0,0.0,0.0,0.0,0.0,2.0
2014,5,5,5400,LA UNIÓN,0.0,17.0,53.0,0.0,0.0,0.0,2.0
2014,5,5,5411,LIBORINA,0.0,28.0,44.0,0.0,0.0,0.0,1.0
2014,5,5,5425,MACEO,0.0,23.0,0.0,0.0,0.0,0.0,1.0
2014,5,5,5440,MARINILLA,22.0,263.0,0.0,0.0,0.0,0.0,2.0
2014,5,5,5475,MURINDÓ,0.0,44.0,0.0,0.0,0.0,0.0,1.0
2014,5,5,5480,MUTATÁ,0.0,24.0,0.0,0.0,0.0,0.0,1.0
2014,5,5,5490,NECOCLÍ,201.0,34.0,45.0,0.0,0.0,0.0,3.0
2014,5,5,5495,NECHÍ,0.0,135.0,7.0,0.0,0.0,0.0,2.0
2014,5,5,5541,PEÑOL,0.0,39.0,0.0,0.0,0.0,0.0,2.0
2014,5,5,5579,PUERTO BERRÍO,0.0,1430.0,133.0,0.0,22.0,0.0,3.0
2014,5,5,5591,PUERTO TRIUNFO,0.0,77.0,0.0,0.0,0.0,0.0,1.0
2014,5,5,5604,REMEDIOS,0.0,49.0,0.0,0.0,0.0,0.0,1.0
2014,5,5,5607,RETIRO,0.0,40.0,0.0,0.0,0.0,0.0,1.0
2014,5,5,5615,RIONEGRO,0.0,4871.0,5712.0,77.0,277.0,0.0,9.0
2014,5,5,5631,SABANETA,0.0,208.0,5572.0,354.0,180.0,0.0,5.0
2014,5,5,5642,SALGAR,0.0,0.0,15.0,0.0,0.0,0.0,1.0
2014,5,5,5647,SAN ANDRÉS DE CUERQUÍA,0.0,12.0,0.0,0.0,0.0,0.0,1.0
2014,5,5,5649,SAN CARLOS,0.0,110.0,0.0,0.0,0.0,0.0,1.0
2014,5,5,5656,SAN JERÓNIMO,0.0,21.0,18.0,0.0,0.0,0.0,2.0
2014,5,5,5659,SAN JUAN DE URABÁ,0.0,133.0,69.0,17.0,0.0,0.0,2.0
2014,5,5,5660,SAN LUIS,0.0,205.0,0.0,0.0,0.0,0.0,1.0
2014,5,5,5664,SAN PEDRO DE LOS MILAGROS,0.0,67.0,0.0,0.0,0.0,0.0,2.0
2014,5,5,5665,SAN PEDRO DE URABÁ,0.0,79.0,0.0,0.0,0.0,0.0,1.0
2014,5,5,5667,SAN RAFAEL,0.0,96.0,0.0,0.0,0.0,0.0,2.0
2014,5,5,5670,SAN ROQUE,0.0,137.0,16.0,0.0,0.0,0.0,2.0
2014,5,5,5674,SAN VICENTE FERRER,0.0,75.0,17.0,0.0,0.0,0.0,2.0
2014,5,5,5679,SANTA BÁRBARA,0.0,8.0,0.0,0.0,0.0,0.0,1.0
2014,5,5,5686,SANTA ROSA DE OSOS,14.0,556.0,3756.0,2.0,0.0,0.0,5.0
2014,5,5,5690,SANTO DOMINGO,0.0,36.0,0.0,0.0,0.0,0.0,1.0
2014,5,5,5697,EL SANTUARIO,0.0,9.0,20.0,0.0,0.0,0.0,1.0
2014,5,5,5736,SEGOVIA,0.0,117.0,30.0,0.0,0.0,0.0,3.0
2014,5,5,5756,SONSÓN,0.0,81.0,223.0,0.0,0.0,0.0,3.0
2014,5,5,5761,SOPETRÁN,0.0,46.0,0.0,0.0,0.0,0.0,1.0
2014,5,5,5789,TÁMESIS,0.0,12.0,0.0,0.0,0.0,0.0,1.0
2014,5,5,5809,TITIRIBÍ,0.0,39.0,0.0,0.0,0.0,0.0,2.0
2014,5,5,5837,TURBO,191.0,915.0,1356.0,23.0,12.0,0.0,5.0
2014,5,5,5847,URRAO,20.0,232.0,29.0,0.0,0.0,0.0,3.0
2014,5,5,5856,VALPARAÍSO,0.0,18.0,0.0,0.0,0.0,0.0,1.0
2014,5,5,5858,VEGACHÍ,0.0,74.0,24.0,0.0,0.0,0.0,2.0
2014,5,5,5861,VENECIA,0.0,45.0,0.0,0.0,0.0,0.0,2.0
2014,5,5,5873,VIGÍA DEL FUERTE,0.0,34.0,0.0,0.0,0.0,0.0,1.0
2014,5,5,5885,YALÍ,0.0,51.0,0.0,0.0,0.0,0.0,1.0
2014,5,5,5887,YARUMAL,0.0,183.0,281.0,2.0,0.0,0.0,3.0
2014,5,5,5890,YOLOMBÓ,0.0,100.0,78.0,0.0,0.0,0.0,2.0
2014,5,5,5895,ZARAGOZA,0.0,15.0,0.0,0.0,0.0,0.0,1.0
2014,50,50,50001,VILLAVICENCIO,1091.0,4179.0,20974.0,524.0,170.0,0.0,22.0
2014,50,50,50006,ACACÍAS,4.0,253.0,1875.0,35.0,3.0,0.0,5.0
2014,50,50,50150,CASTILLA LA NUEVA,39.0,70.0,3.0,0.0,0.0,0.0,3.0
2014,50,50,50223,CUBARRAL,0.0,14.0,0.0,0.0,0.0,0.0,1.0
2014,50,50,50226,CUMARAL,0.0,114.0,226.0,1.0,0.0,0.0,4.0
2014,50,50,50287,FUENTE DE ORO,0.0,9.0,0.0,0.0,0.0,0.0,1.0
2014,50,50,50313,GRANADA,212.0,217.0,37.0,0.0,0.0,0.0,4.0
2014,50,50,50318,GUAMAL,0.0,1.0,0.0,0.0,0.0,0.0,1.0
2014,50,50,50450,PUERTO CONCORDIA,0.0,16.0,0.0,0.0,0.0,0.0,1.0
2014,50,50,50573,PUERTO LÓPEZ,2.0,18.0,2.0,0.0,0.0,0.0,3.0
2014,50,50,50577,PUERTO LLERAS,0.0,29.0,0.0,0.0,0.0,0.0,1.0
2014,50,50,50606,RESTREPO,0.0,0.0,1.0,0.0,0.0,0.0,1.0
2014,50,50,50683,SAN JUAN DE ARAMA,62.0,0.0,1.0,0.0,0.0,0.0,2.0
2014,50,50,50689,SAN MARTÍN,0.0,36.0,44.0,0.0,0.0,0.0,3.0
2014,52,52,52001,PASTO,658.0,4758.0,27558.0,901.0,633.0,39.0,21.0
2014,52,52,52019,ALBÁN,0.0,8.0,49.0,0.0,0.0,0.0,2.0
2014,52,52,52079,BARBACOAS,0.0,0.0,21.0,0.0,0.0,0.0,1.0
2014,52,52,52110,BUESACO,22.0,0.0,0.0,0.0,0.0,0.0,1.0
2014,52,52,52215,CÓRDOBA,0.0,48.0,0.0,0.0,0.0,0.0,1.0
2014,52,52,52227,CUMBAL,0.0,27.0,0.0,0.0,0.0,0.0,1.0
2014,52,52,52250,EL CHARCO,0.0,36.0,0.0,0.0,0.0,0.0,1.0
2014,52,52,52317,GUACHUCAL,0.0,78.0,0.0,0.0,0.0,0.0,1.0
2014,52,52,52323,GUALMATÁN,0.0,9.0,0.0,0.0,0.0,0.0,1.0
2014,52,52,52354,IMUÉS,0.0,49.0,0.0,0.0,0.0,0.0,1.0
2014,52,52,52356,IPIALES,393.0,613.0,826.0,0.0,0.0,0.0,8.0
2014,52,52,52399,LA UNIÓN,45.0,31.0,73.0,0.0,0.0,0.0,3.0
2014,52,52,52427,MAGÜÍ,0.0,18.0,0.0,0.0,0.0,0.0,1.0
2014,52,52,52506,OSPINA,0.0,65.0,0.0,0.0,0.0,0.0,1.0
2014,52,52,52520,FRANCISCO PIZARRO,0.0,58.0,0.0,0.0,0.0,0.0,1.0
2014,52,52,52540,POLICARPA,0.0,0.0,26.0,0.0,0.0,0.0,1.0
2014,52,52,52560,POTOSÍ,0.0,26.0,0.0,0.0,0.0,0.0,1.0
2014,52,52,52573,PUERRES,0.0,44.0,0.0,0.0,0.0,0.0,1.0
2014,52,52,52585,PUPIALES,0.0,17.0,0.0,0.0,0.0,0.0,1.0
2014,52,52,52612,RICAURTE,0.0,45.0,46.0,0.0,0.0,0.0,2.0
2014,52,52,52678,SAMANIEGO,0.0,42.0,40.0,0.0,0.0,0.0,2.0
2014,52,52,52683,SANDONÁ,0.0,40.0,0.0,0.0,0.0,0.0,1.0
2014,52,52,52720,SAPUYES,0.0,17.0,0.0,0.0,0.0,0.0,1.0
2014,52,52,52786,TAMINANGO,0.0,0.0,52.0,0.0,0.0,0.0,1.0
2014,52,52,52835,SAN ANDRÉS DE TUMACO,42.0,585.0,693.0,27.0,2.0,0.0,7.0
2014,52,52,52838,TÚQUERRES,38.0,142.0,127.0,0.0,0.0,0.0,4.0
2014,54,54,54001,SAN JOSÉ DE CÚCUTA,157.0,10915.0,28052.0,955.0,307.0,0.0,24.0
2014,54,54,54003,ÁBREGO,0.0,45.0,0.0,0.0,0.0,0.0,1.0
2014,54,54,54051,ARBOLEDAS,0.0,20.0,18.0,0.0,0.0,0.0,1.0
2014,54,54,54099,BOCHALEMA,0.0,50.0,0.0,0.0,0.0,0.0,1.0
2014,54,54,54125,CÁCOTA,0.0,19.0,0.0,0.0,0.0,0.0,1.0
2014,54,54,54128,CÁCHIRA,0.0,33.0,9.0,0.0,0.0,0.0,1.0
2014,54,54,54172,CHINÁCOTA,0.0,59.0,6.0,0.0,0.0,0.0,2.0
2014,54,54,54174,CHITAGÁ,0.0,22.0,0.0,0.0,0.0,0.0,1.0
2014,54,54,54223,CUCUTILLA,0.0,19.0,0.0,0.0,0.0,0.0,1.0
2014,54,54,54239,DURANIA,0.0,29.0,27.0,0.0,0.0,0.0,1.0
2014,54,54,54245,EL CARMEN,0.0,19.0,0.0,0.0,0.0,0.0,1.0
2014,54,54,54261,EL ZULIA,0.0,2.0,0.0,0.0,0.0,0.0,1.0
2014,54,54,54313,GRAMALOTE,0.0,0.0,18.0,0.0,0.0,0.0,1.0
2014,54,54,54344,HACARÍ,0.0,50.0,0.0,0.0,0.0,0.0,1.0
2014,54,54,54377,LABATECA,0.0,28.0,0.0,0.0,0.0,0.0,1.0
2014,54,54,54385,LA ESPERANZA,0.0,18.0,0.0,0.0,0.0,0.0,1.0
2014,54,54,54405,LOS PATIOS,0.0,79.0,0.0,0.0,0.0,0.0,1.0
2014,54,54,54480,MUTISCUA,0.0,16.0,0.0,0.0,0.0,0.0,1.0
2014,54,54,54498,OCAÑA,280.0,1282.0,5926.0,48.0,9.0,0.0,8.0
2014,54,54,54518,PAMPLONA,0.0,1083.0,9589.0,322.0,367.0,0.0,4.0
2014,54,54,54599,RAGONVALIA,0.0,20.0,0.0,0.0,0.0,0.0,1.0
2014,54,54,54660,SALAZAR,0.0,113.0,0.0,0.0,0.0,0.0,2.0
2014,54,54,54673,SAN CAYETANO,0.0,14.0,0.0,0.0,0.0,0.0,1.0
2014,54,54,54680,SANTIAGO,0.0,14.0,24.0,0.0,0.0,0.0,1.0
2014,54,54,54720,SARDINATA,0.0,24.0,3.0,0.0,0.0,0.0,2.0
2014,54,54,54800,TEORAMA,0.0,22.0,0.0,0.0,0.0,0.0,1.0
2014,54,54,54810,TIBÚ,0.0,146.0,31.0,0.0,0.0,0.0,2.0
2014,54,54,54820,TOLEDO,0.0,41.0,0.0,0.0,0.0,0.0,1.0
2014,54,54,54874,VILLA DEL ROSARIO,650.0,139.0,3498.0,11.0,0.0,0.0,2.0
2014,63,63,63001,ARMENIA,1328.0,8350.0,16632.0,529.0,246.0,11.0,17.0
2014,63,63,63130,CALARCÁ,2.0,62.0,0.0,0.0,0.0,0.0,2.0
2014,63,63,63190,CIRCASIA,0.0,27.0,230.0,0.0,0.0,0.0,2.0
2014,63,63,63272,FILANDIA,0.0,11.0,0.0,0.0,0.0,0.0,1.0
2014,63,63,63302,GÉNOVA,0.0,0.0,12.0,0.0,0.0,0.0,1.0
2014,63,63,63401,LA TEBAIDA,0.0,28.0,0.0,0.0,0.0,0.0,1.0
2014,63,63,63470,MONTENEGRO,0.0,31.0,0.0,0.0,0.0,0.0,2.0
2014,63,63,63594,QUIMBAYA,0.0,15.0,297.0,0.0,0.0,0.0,3.0
2014,66,66,66001,PEREIRA,1508.0,9742.0,30823.0,1578.0,1112.0,61.0,18.0
2014,66,66,66045,APÍA,0.0,29.0,0.0,0.0,0.0,0.0,1.0
2014,66,66,66088,BELÉN DE UMBRÍA,0.0,102.0,0.0,0.0,0.0,0.0,2.0
2014,66,66,66170,DOSQUEBRADAS,0.0,2417.0,15.0,0.0,0.0,0.0,2.0
2014,66,66,66400,LA VIRGINIA,0.0,42.0,0.0,0.0,0.0,0.0,1.0
2014,66,66,66456,MISTRATÓ,0.0,126.0,84.0,0.0,0.0,0.0,2.0
2014,66,66,66594,QUINCHÍA,0.0,41.0,114.0,0.0,0.0,0.0,2.0
2014,66,66,66682,SANTA ROSA DE CABAL,0.0,736.0,857.0,10.0,0.0,0.0,2.0
2014,66,66,66687,SANTUARIO,0.0,32.0,0.0,0.0,0.0,0.0,1.0
2014,68,68,68001,BUCARAMANGA,2759.0,26391.0,54725.0,14312.0,4916.0,96.0,25.0
2014,68,68,68077,BARBOSA,0.0,214.0,42.0,0.0,0.0,0.0,2.0
2014,68,68,68081,BARRANCABERMEJA,1.0,4928.0,5291.0,187.0,66.0,0.0,12.0
2014,68,68,68147,CAPITANEJO,0.0,15.0,0.0,0.0,0.0,0.0,1.0
2014,68,68,68176,CHIMA,0.0,17.0,0.0,0.0,0.0,0.0,1.0
2014,68,68,68190,CIMITARRA,0.0,23.0,0.0,0.0,0.0,0.0,1.0
2014,68,68,68207,CONCEPCIÓN,0.0,14.0,0.0,0.0,0.0,0.0,1.0
2014,68,68,68229,CURITÍ,0.0,19.0,0.0,0.0,0.0,0.0,1.0
2014,68,68,68255,EL PLAYÓN,0.0,185.0,0.0,0.0,0.0,0.0,1.0
2014,68,68,68266,ENCISO,0.0,29.0,0.0,0.0,0.0,0.0,1.0
2014,68,68,68276,FLORIDABLANCA,0.0,2055.0,0.0,0.0,0.0,0.0,2.0
2014,68,68,68307,GIRÓN,0.0,2823.0,0.0,0.0,0.0,0.0,2.0
2014,68,68,68318,GUACA,0.0,31.0,0.0,0.0,0.0,0.0,1.0
2014,68,68,68320,GUADALUPE,0.0,15.0,0.0,0.0,0.0,0.0,1.0
2014,68,68,68377,LA BELLEZA,0.0,15.0,0.0,0.0,0.0,0.0,1.0
2014,68,68,68385,LANDÁZURI,0.0,55.0,0.0,0.0,0.0,0.0,1.0
2014,68,68,68425,MACARAVITA,0.0,16.0,0.0,0.0,0.0,0.0,1.0
2014,68,68,68432,MÁLAGA,0.0,1128.0,581.0,12.0,0.0,0.0,4.0
2014,68,68,68468,MOLAGAVITA,0.0,19.0,0.0,0.0,0.0,0.0,1.0
2014,68,68,68500,OIBA,0.0,11.0,80.0,0.0,0.0,0.0,2.0
2014,68,68,68533,PÁRAMO,0.0,16.0,0.0,0.0,0.0,0.0,1.0
2014,68,68,68547,PIEDECUESTA,0.0,2087.0,0.0,0.0,0.0,0.0,2.0
2014,68,68,68575,PUERTO WILCHES,0.0,34.0,0.0,0.0,0.0,0.0,1.0
2014,68,68,68655,SABANA DE TORRES,0.0,50.0,0.0,0.0,0.0,0.0,1.0
2014,68,68,68669,SAN ANDRÉS,0.0,18.0,0.0,0.0,0.0,0.0,1.0
2014,68,68,68679,SAN GIL,42.0,2728.0,2368.0,29.0,0.0,0.0,8.0
2014,68,68,68684,SAN JOSÉ DE MIRANDA,0.0,9.0,0.0,0.0,0.0,0.0,1.0
2014,68,68,68686,SAN MIGUEL,0.0,24.0,0.0,0.0,0.0,0.0,1.0
2014,68,68,68689,SAN VICENTE DE CHUCURÍ,0.0,43.0,0.0,0.0,0.0,0.0,1.0
2014,68,68,68755,SOCORRO,0.0,200.0,1192.0,186.0,0.0,0.0,3.0
2014,68,68,68770,SUAITA,0.0,41.0,0.0,0.0,0.0,0.0,1.0
2014,68,68,68780,SURATÁ,237.0,0.0,0.0,0.0,0.0,0.0,1.0
2014,68,68,68855,VALLE DE SAN JOSÉ,0.0,8.0,0.0,0.0,0.0,0.0,1.0
2014,68,68,68861,VÉLEZ,500.0,1450.0,381.0,8.0,0.0,0.0,4.0
2014,68,68,68867,VETAS,0.0,29.0,0.0,0.0,0.0,0.0,1.0
2014,68,68,68872,VILLANUEVA,0.0,13.0,0.0,0.0,0.0,0.0,1.0
2014,70,70,70001,SINCELEJO,2006.0,1514.0,14423.0,657.0,0.0,0.0,13.0
2014,70,70,70215,COROZAL,460.0,94.0,1056.0,25.0,3.0,0.0,2.0
2014,70,70,70221,COVEÑAS,0.0,0.0,54.0,0.0,0.0,0.0,1.0
2014,70,70,70400,LA UNIÓN,0.0,0.0,54.0,1.0,0.0,0.0,2.0
2014,70,70,70523,PALMITO,0.0,0.0,18.0,0.0,0.0,0.0,1.0
2014,70,70,70670,SAMPUÉS,0.0,41.0,0.0,39.0,0.0,0.0,2.0
2014,70,70,70708,SAN MARCOS,0.0,0.0,283.0,0.0,0.0,0.0,2.0
2014,70,70,70713,SAN ONOFRE,0.0,0.0,74.0,0.0,0.0,0.0,1.0
2014,70,70,70742,SAN LUIS DE SINCÉ,0.0,0.0,163.0,0.0,0.0,0.0,2.0
2014,70,70,70820,SANTIAGO DE TOLÚ,0.0,64.0,0.0,2.0,0.0,0.0,2.0
2014,73,73,73001,IBAGUÉ,1843.0,12142.0,25392.0,910.0,431.0,10.0,21.0
2014,73,73,73026,ALVARADO,0.0,50.0,0.0,0.0,0.0,0.0,1.0
2014,73,73,73055,ARMERO,0.0,37.0,0.0,0.0,0.0,0.0,1.0
2014,73,73,73067,ATACO,0.0,0.0,5.0,0.0,0.0,0.0,1.0
2014,73,73,73124,CAJAMARCA,0.0,98.0,79.0,0.0,0.0,0.0,2.0
2014,73,73,73148,CARMEN DE APICALÁ,70.0,21.0,1.0,0.0,0.0,0.0,2.0
2014,73,73,73152,CASABIANCA,0.0,0.0,11.0,0.0,0.0,0.0,1.0
2014,73,73,73168,CHAPARRAL,140.0,87.0,276.0,0.0,0.0,0.0,3.0
2014,73,73,73200,COELLO,0.0,0.0,33.0,0.0,0.0,0.0,1.0
2014,73,73,73217,COYAIMA,0.0,10.0,31.0,0.0,0.0,0.0,1.0
2014,73,73,73236,DOLORES,0.0,30.0,16.0,0.0,0.0,0.0,2.0
2014,73,73,73268,ESPINAL,1507.0,2382.0,1368.0,0.0,0.0,0.0,8.0
2014,73,73,73270,FALAN,0.0,0.0,19.0,0.0,0.0,0.0,1.0
2014,73,73,73275,FLANDES,127.0,22.0,55.0,0.0,0.0,0.0,2.0
2014,73,73,73283,FRESNO,0.0,80.0,30.0,0.0,0.0,0.0,3.0
2014,73,73,73319,GUAMO,0.0,27.0,0.0,0.0,0.0,0.0,1.0
2014,73,73,73347,HERVEO,0.0,0.0,6.0,0.0,0.0,0.0,1.0
2014,73,73,73349,HONDA,0.0,288.0,243.0,0.0,0.0,0.0,4.0
2014,73,73,73352,ICONONZO,29.0,0.0,56.0,0.0,0.0,0.0,2.0
2014,73,73,73411,LÍBANO,70.0,186.0,159.0,0.0,0.0,0.0,5.0
2014,73,73,73443,SAN SEBASTIÁN DE MARIQUITA,121.0,223.0,356.0,1.0,3.0,0.0,4.0
2014,73,73,73449,MELGAR,0.0,212.0,125.0,0.0,0.0,0.0,2.0
2014,73,73,73461,MURILLO,0.0,0.0,6.0,0.0,0.0,0.0,1.0
2014,73,73,73555,PLANADAS,0.0,20.0,32.0,0.0,0.0,0.0,2.0
2014,73,73,73563,PRADO,0.0,57.0,0.0,0.0,0.0,0.0,1.0
2014,73,73,73585,PURIFICACIÓN,0.0,482.0,175.0,0.0,0.0,0.0,2.0
2014,73,73,73616,RIOBLANCO,0.0,0.0,69.0,0.0,0.0,0.0,1.0
2014,73,73,73622,RONCESVALLES,0.0,0.0,12.0,0.0,0.0,0.0,1.0
2014,73,73,73624,ROVIRA,0.0,0.0,6.0,0.0,0.0,0.0,1.0
2014,73,73,73671,SALDAÑA,0.0,0.0,19.0,0.0,0.0,0.0,1.0
2014,73,73,73675,SAN ANTONIO,0.0,0.0,14.0,0.0,0.0,0.0,1.0
2014,73,73,73678,SAN LUIS,0.0,77.0,0.0,0.0,0.0,0.0,1.0
2014,73,73,73686,SANTA ISABEL,0.0,4.0,10.0,0.0,0.0,0.0,1.0
2014,73,73,73854,VALLE DE SAN JUAN,0.0,0.0,22.0,0.0,0.0,0.0,1.0
2014,73,73,73861,VENADILLO,0.0,38.0,0.0,0.0,0.0,0.0,1.0
2014,76,76,76001,CALI,5545.0,32171.0,73473.0,3587.0,3793.0,382.0,47.0
2014,76,76,76036,ANDALUCÍA,0.0,46.0,0.0,0.0,0.0,0.0,1.0
2014,76,76,76054,ARGELIA,0.0,29.0,0.0,0.0,0.0,0.0,1.0
2014,76,76,76100,BOLÍVAR,0.0,19.0,0.0,0.0,0.0,0.0,1.0
2014,76,76,76109,BUENAVENTURA,942.0,1582.0,3589.0,0.0,0.0,0.0,7.0
2014,76,76,76111,GUADALAJARA DE BUGA,313.0,4067.0,2401.0,0.0,0.0,0.0,6.0
2014,76,76,76113,BUGALAGRANDE,0.0,71.0,76.0,0.0,0.0,0.0,2.0
2014,76,76,76122,CAICEDONIA,0.0,166.0,412.0,0.0,0.0,0.0,2.0
2014,76,76,76130,CANDELARIA,0.0,105.0,357.0,0.0,0.0,0.0,2.0
2014,76,76,76147,CARTAGO,0.0,2801.0,1226.0,0.0,0.0,0.0,8.0
2014,76,76,76233,DAGUA,0.0,23.0,0.0,0.0,0.0,0.0,1.0
2014,76,76,76248,EL CERRITO,0.0,61.0,0.0,0.0,0.0,0.0,1.0
2014,76,76,76250,EL DOVIO,26.0,22.0,0.0,0.0,0.0,0.0,2.0
2014,76,76,76275,FLORIDA,0.0,251.0,0.0,0.0,0.0,0.0,1.0
2014,76,76,76318,GUACARÍ,0.0,22.0,0.0,0.0,0.0,0.0,1.0
2014,76,76,76364,JAMUNDÍ,0.0,186.0,71.0,0.0,0.0,0.0,3.0
2014,76,76,76400,LA UNIÓN,0.0,22.0,25.0,0.0,0.0,0.0,2.0
2014,76,76,76403,LA VICTORIA,0.0,14.0,0.0,0.0,0.0,0.0,1.0
2014,76,76,76520,PALMIRA,83.0,2787.0,11167.0,219.0,265.0,79.0,9.0
2014,76,76,76563,PRADERA,0.0,58.0,0.0,0.0,0.0,0.0,1.0
2014,76,76,76616,RIOFRÍO,0.0,70.0,0.0,0.0,0.0,0.0,1.0
2014,76,76,76622,ROLDANILLO,631.0,196.0,272.0,0.0,0.0,0.0,3.0
2014,76,76,76670,SAN PEDRO,0.0,64.0,0.0,0.0,0.0,0.0,1.0
2014,76,76,76736,SEVILLA,0.0,86.0,62.0,0.0,0.0,0.0,2.0
2014,76,76,76828,TRUJILLO,0.0,23.0,0.0,0.0,0.0,0.0,1.0
2014,76,76,76834,TULUÁ,431.0,4291.0,5026.0,96.0,84.0,0.0,7.0
2014,76,76,76863,VERSALLES,0.0,11.0,0.0,0.0,0.0,0.0,1.0
2014,76,76,76869,VIJES,0.0,17.0,0.0,0.0,0.0,0.0,1.0
2014,76,76,76892,YUMBO,0.0,799.0,48.0,0.0,0.0,0.0,4.0
2014,76,76,76895,ZARZAL,0.0,419.0,764.0,0.0,0.0,0.0,2.0
2014,8,8,8001,BARRANQUILLA,7865.0,31469.0,78260.0,2622.0,1538.0,114.0,34.0
2014,8,8,8296,GALAPA,16.0,34.0,24.0,0.0,0.0,0.0,3.0
2014,8,8,8433,MALAMBO,0.0,80.0,0.0,0.0,0.0,0.0,1.0
2014,8,8,8436,MANATÍ,0.0,29.0,0.0,0.0,0.0,0.0,1.0
2014,8,8,8573,PUERTO COLOMBIA,0.0,170.0,324.0,13.0,0.0,0.0,1.0
2014,8,8,8634,SABANAGRANDE,121.0,0.0,59.0,0.0,0.0,0.0,2.0
2014,8,8,8638,SABANALARGA,0.0,868.0,0.0,0.0,0.0,0.0,1.0
2014,8,8,8758,SOLEDAD,1711.0,618.0,183.0,0.0,0.0,0.0,3.0
2014,8,8,8770,SUAN,23.0,0.0,0.0,0.0,0.0,0.0,1.0
2014,81,81,81001,ARAUCA,0.0,520.0,1920.0,11.0,0.0,0.0,6.0
2014,81,81,81065,ARAUQUITA,0.0,41.0,11.0,0.0,0.0,0.0,2.0
2014,81,81,81736,SARAVENA,0.0,106.0,132.0,1.0,0.0,0.0,4.0
2014,81,81,81794,TAME,0.0,147.0,87.0,25.0,0.0,0.0,4.0
2014,85,85,85001,YOPAL,95.0,1500.0,6586.0,163.0,37.0,0.0,12.0
2014,85,85,85010,AGUAZUL,6.0,170.0,97.0,0.0,0.0,0.0,2.0
2014,85,85,85162,MONTERREY,0.0,39.0,12.0,0.0,0.0,0.0,3.0
2014,85,85,85225,NUNCHÍA,0.0,16.0,0.0,0.0,0.0,0.0,1.0
2014,85,85,85250,PAZ DE ARIPORO,70.0,85.0,142.0,0.0,0.0,0.0,3.0
2014,85,85,85300,SABANALARGA,0.0,0.0,0.0,1.0,0.0,0.0,1.0
2014,85,85,85400,TÁMARA,0.0,65.0,0.0,0.0,0.0,0.0,1.0
2014,85,85,85410,TAURAMENA,45.0,118.0,3.0,1.0,0.0,0.0,2.0
2014,85,85,85430,TRINIDAD,21.0,44.0,31.0,0.0,0.0,0.0,2.0
2014,85,85,85440,VILLANUEVA,0.0,123.0,3.0,1.0,0.0,0.0,3.0
2014,86,86,86001,MOCOA,10.0,964.0,495.0,100.0,0.0,0.0,6.0
2014,86,86,86568,PUERTO ASÍS,116.0,1776.0,324.0,0.0,0.0,0.0,6.0
2014,86,86,86571,PUERTO GUZMÁN,117.0,48.0,1.0,0.0,0.0,0.0,2.0
2014,86,86,86573,PUERTO LEGUÍZAMO,0.0,0.0,5.0,0.0,0.0,0.0,1.0
2014,86,86,86749,SIBUNDOY,30.0,233.0,97.0,0.0,0.0,0.0,4.0
2014,86,86,86755,SAN FRANCISCO,0.0,49.0,64.0,0.0,0.0,0.0,2.0
2014,86,86,86757,SAN MIGUEL,0.0,27.0,0.0,0.0,0.0,0.0,1.0
2014,86,86,86760,SANTIAGO,0.0,10.0,0.0,0.0,0.0,0.0,1.0
2014,86,86,86865,VALLE DEL GUAMUEZ,0.0,57.0,419.0,5.0,0.0,0.0,3.0
2014,86,86,86885,VILLAGARZÓN,0.0,57.0,0.0,0.0,0.0,0.0,1.0
2014,88,88,88001,SAN ANDRÉS,494.0,1312.0,47.0,44.0,13.0,7.0,7.0
2014,88,88,88564,PROVIDENCIA,0.0,9.0,0.0,0.0,0.0,0.0,1.0
2014,91,91,91001,LETICIA,88.0,204.0,329.0,14.0,15.0,6.0,9.0
2014,94,94,94001,INÍRIDA,55.0,257.0,184.0,3.0,3.0,0.0,4.0
2014,95,95,95001,SAN JOSÉ DEL GUAVIARE,0.0,1322.0,387.0,39.0,0.0,0.0,6.0
2014,95,95,95015,CALAMAR,0.0,17.0,0.0,0.0,0.0,0.0,1.0
2014,95,95,95025,EL RETORNO,0.0,59.0,0.0,0.0,0.0,0.0,1.0
2014,97,97,97001,MITÚ,0.0,129.0,14.0,0.0,0.0,0.0,2.0
2014,99,99,99001,PUERTO CARREÑO,17.0,410.0,134.0,8.0,0.0,0.0,5.0
2014,99,99,99624,SANTA ROSALÍA,0.0,16.0,0.0,0.0,0.0,0.0,1.0
2014,99,99,99773,CUMARIBO,0.0,53.0,0.0,0.0,0.0,0.0,1.0
2015,11,11,11001,BOGOTÁ D.C.,39403.0,162508.0,465501.0,41576.0,23115.0,2210.0,123.0
2015,13,13,13001,CARTAGENA DE INDIAS,3128.0,31258.0,37145.0,1657.0,580.0,68.0,35.0
2015,13,13,13006,ACHÍ,19.0,29.0,11.0,0.0,0.0,0.0,1.0
2015,13,13,13052,ARJONA,0.0,0.0,2.0,0.0,0.0,0.0,1.0
2015,13,13,13140,CALAMAR,0.0,0.0,1.0,0.0,0.0,0.0,1.0
2015,13,13,13212,CÓRDOBA,0.0,0.0,1.0,0.0,0.0,0.0,1.0
2015,13,13,13244,EL CARMEN DE BOLÍVAR,24.0,42.0,609.0,0.0,0.0,0.0,4.0
2015,13,13,13248,EL GUAMO,0.0,0.0,1.0,0.0,0.0,0.0,1.0
2015,13,13,13268,EL PEÑÓN,0.0,0.0,1.0,0.0,0.0,0.0,1.0
2015,13,13,13430,MAGANGUÉ,139.0,167.0,924.0,2.0,0.0,0.0,4.0
2015,13,13,13442,MARÍA LA BAJA,0.0,0.0,71.0,0.0,0.0,0.0,3.0
2015,13,13,13468,SANTA CRUZ DE MOMPOX,0.0,0.0,283.0,0.0,0.0,0.0,1.0
2015,13,13,13647,SAN ESTANISLAO,0.0,0.0,31.0,0.0,0.0,0.0,2.0
2015,13,13,13654,SAN JACINTO,0.0,21.0,1.0,11.0,0.0,0.0,2.0
2015,13,13,13657,SAN JUAN NEPOMUCENO,0.0,1.0,297.0,0.0,0.0,0.0,1.0
2015,13,13,13673,SANTA CATALINA,0.0,0.0,2.0,0.0,0.0,0.0,1.0
2015,13,13,13683,SANTA ROSA,0.0,1.0,1.0,0.0,0.0,0.0,1.0
2015,13,13,13760,SOPLAVIENTO,0.0,0.0,0.0,1.0,0.0,0.0,1.0
2015,13,13,13836,TURBACO,0.0,32.0,491.0,0.0,0.0,0.0,4.0
2015,13,13,13838,TURBANÁ,0.0,31.0,0.0,0.0,0.0,0.0,1.0
2015,15,15,15001,TUNJA,415.0,5658.0,28467.0,2895.0,1231.0,111.0,12.0
2015,15,15,15047,AQUITANIA,0.0,1.0,3.0,0.0,0.0,0.0,1.0
2015,15,15,15051,ARCABUCO,0.0,0.0,4.0,0.0,0.0,0.0,1.0
2015,15,15,15087,BELÉN,0.0,0.0,1.0,0.0,0.0,0.0,1.0
2015,15,15,15090,BERBEO,0.0,0.0,1.0,0.0,0.0,0.0,1.0
2015,15,15,15097,BOAVITA,0.0,14.0,74.0,0.0,0.0,0.0,1.0
2015,15,15,15109,BUENAVISTA,0.0,2.0,3.0,0.0,0.0,0.0,1.0
2015,15,15,15114,BUSBANZÁ,0.0,1.0,1.0,0.0,0.0,0.0,1.0
2015,15,15,15131,CALDAS,0.0,0.0,2.0,0.0,0.0,0.0,2.0
2015,15,15,15162,CERINZA,0.0,0.0,4.0,0.0,0.0,0.0,2.0
2015,15,15,15172,CHINAVITA,0.0,0.0,1.0,0.0,0.0,0.0,1.0
2015,15,15,15176,CHIQUINQUIRÁ,63.0,131.0,2907.0,3.0,64.0,0.0,6.0
2015,15,15,15180,CHISCAS,0.0,6.0,26.0,0.0,0.0,0.0,1.0
2015,15,15,15185,CHITARAQUE,0.0,0.0,2.0,0.0,0.0,0.0,1.0
2015,15,15,15187,CHIVATÁ,0.0,0.0,5.0,0.0,0.0,0.0,1.0
2015,15,15,15189,CIÉNEGA,0.0,0.0,1.0,0.0,0.0,0.0,1.0
2015,15,15,15204,CÓMBITA,0.0,0.0,2.0,0.0,0.0,0.0,1.0
2015,15,15,15215,CORRALES,0.0,0.0,1.0,0.0,0.0,0.0,1.0
2015,15,15,15223,CUBARÁ,0.0,22.0,107.0,4.0,0.0,0.0,2.0
2015,15,15,15224,CUCAITA,0.0,0.0,1.0,0.0,0.0,0.0,1.0
2015,15,15,15236,CHIVOR,0.0,3.0,8.0,0.0,0.0,0.0,1.0
2015,15,15,15238,DUITAMA,49.0,1570.0,5174.0,141.0,6.0,0.0,7.0
2015,15,15,15272,FIRAVITOBA,0.0,1.0,1.0,0.0,0.0,0.0,1.0
2015,15,15,15276,FLORESTA,0.0,0.0,2.0,0.0,0.0,0.0,1.0
2015,15,15,15293,GACHANTIVÁ,1.0,0.0,2.0,0.0,0.0,0.0,1.0
2015,15,15,15296,GÁMEZA,0.0,0.0,1.0,0.0,0.0,0.0,1.0
2015,15,15,15299,GARAGOA,19.0,82.0,310.0,5.0,2.0,0.0,4.0
2015,15,15,15322,GUATEQUE,1.0,27.0,38.0,0.0,0.0,0.0,3.0
2015,15,15,15325,GUAYATÁ,0.0,2.0,0.0,0.0,0.0,0.0,1.0
2015,15,15,15332,GÜICÁN DE LA SIERRA,0.0,16.0,28.0,0.0,0.0,0.0,2.0
2015,15,15,15362,IZA,0.0,0.0,1.0,0.0,0.0,0.0,1.0
2015,15,15,15367,JENESANO,0.0,0.0,4.0,0.0,0.0,0.0,1.0
2015,15,15,15368,JERICÓ,0.0,1.0,1.0,0.0,0.0,0.0,1.0
2015,15,15,15377,LABRANZAGRANDE,0.0,0.0,1.0,0.0,0.0,0.0,1.0
2015,15,15,15380,LA CAPILLA,0.0,2.0,0.0,0.0,0.0,0.0,1.0
2015,15,15,15407,VILLA DE LEYVA,5.0,7.0,1.0,0.0,0.0,0.0,2.0
2015,15,15,15425,MACANAL,0.0,2.0,1.0,0.0,0.0,0.0,1.0
2015,15,15,15455,MIRAFLORES,9.0,22.0,0.0,0.0,0.0,0.0,2.0
2015,15,15,15466,MONGUÍ,0.0,0.0,2.0,0.0,0.0,0.0,1.0
2015,15,15,15469,MONIQUIRÁ,7.0,20.0,132.0,0.0,0.0,0.0,4.0
2015,15,15,15476,MOTAVITA,0.0,0.0,1.0,0.0,0.0,0.0,1.0
2015,15,15,15480,MUZO,0.0,1.0,1.0,0.0,0.0,0.0,2.0
2015,15,15,15491,NOBSA,0.0,28.0,15.0,0.0,0.0,0.0,2.0
2015,15,15,15494,NUEVO COLÓN,0.0,0.0,4.0,0.0,0.0,0.0,1.0
2015,15,15,15507,OTANCHE,0.0,0.0,2.0,0.0,0.0,0.0,1.0
2015,15,15,15516,PAIPA,0.0,59.0,13.0,0.0,0.0,0.0,2.0
2015,15,15,15531,PAUNA,0.0,0.0,1.0,0.0,0.0,0.0,1.0
2015,15,15,15533,PAYA,0.0,1.0,0.0,0.0,0.0,0.0,1.0
2015,15,15,15537,PAZ DE RÍO,0.0,0.0,1.0,0.0,0.0,0.0,1.0
2015,15,15,15542,PESCA,0.0,0.0,1.0,0.0,0.0,0.0,1.0
2015,15,15,15572,PUERTO BOYACÁ,0.0,275.0,22.0,0.0,0.0,0.0,2.0
2015,15,15,15600,RÁQUIRA,0.0,0.0,1.0,0.0,0.0,0.0,1.0
2015,15,15,15632,SABOYÁ,0.0,1.0,1.0,0.0,0.0,0.0,1.0
2015,15,15,15638,SÁCHICA,0.0,0.0,3.0,0.0,0.0,0.0,1.0
2015,15,15,15646,SAMACÁ,0.0,114.0,15.0,0.0,0.0,0.0,3.0
2015,15,15,15664,SAN JOSÉ DE PARE,0.0,0.0,5.0,0.0,0.0,0.0,1.0
2015,15,15,15667,SAN LUIS DE GACENO,0.0,0.0,2.0,0.0,0.0,0.0,1.0
2015,15,15,15676,SAN MIGUEL DE SEMA,0.0,1.0,1.0,0.0,0.0,0.0,1.0
2015,15,15,15681,SAN PABLO DE BORBUR,0.0,0.0,1.0,0.0,0.0,0.0,1.0
2015,15,15,15686,SANTANA,0.0,0.0,1.0,0.0,0.0,0.0,1.0
2015,15,15,15693,SANTA ROSA DE VITERBO,1.0,0.0,1.0,0.0,0.0,0.0,1.0
2015,15,15,15696,SANTA SOFÍA,1.0,0.0,1.0,0.0,0.0,0.0,1.0
2015,15,15,15720,SATIVANORTE,0.0,12.0,0.0,0.0,0.0,0.0,1.0
2015,15,15,15740,SIACHOQUE,0.0,0.0,1.0,0.0,0.0,0.0,1.0
2015,15,15,15753,SOATÁ,0.0,9.0,244.0,2.0,0.0,0.0,2.0
2015,15,15,15755,SOCOTÁ,0.0,0.0,1.0,0.0,0.0,0.0,1.0
2015,15,15,15757,SOCHA,0.0,9.0,114.0,5.0,0.0,0.0,2.0
2015,15,15,15759,SOGAMOSO,33.0,5696.0,5000.0,445.0,38.0,0.0,6.0
2015,15,15,15761,SOMONDOCO,0.0,0.0,1.0,0.0,0.0,0.0,1.0
2015,15,15,15764,SORACÁ,0.0,0.0,1.0,0.0,0.0,0.0,1.0
2015,15,15,15774,SUSACÓN,0.0,12.0,1.0,0.0,0.0,0.0,2.0
2015,15,15,15778,SUTATENZA,0.0,2.0,83.0,0.0,0.0,0.0,2.0
2015,15,15,15790,TASCO,0.0,0.0,2.0,0.0,0.0,0.0,1.0
2015,15,15,15798,TENZA,0.0,2.0,29.0,0.0,0.0,0.0,2.0
2015,15,15,15806,TIBASOSA,0.0,1.0,4.0,0.0,0.0,0.0,1.0
2015,15,15,15808,TINJACÁ,0.0,1.0,0.0,0.0,0.0,0.0,1.0
2015,15,15,15810,TIPACOQUE,0.0,0.0,2.0,0.0,0.0,0.0,1.0
2015,15,15,15814,TOCA,0.0,0.0,5.0,0.0,0.0,0.0,1.0
2015,15,15,15816,TOGÜÍ,1.0,0.0,3.0,0.0,0.0,0.0,1.0
2015,15,15,15820,TÓPAGA,0.0,1.0,2.0,0.0,0.0,0.0,1.0
2015,15,15,15837,TUTA,0.0,0.0,4.0,0.0,0.0,0.0,1.0
2015,15,15,15842,ÚMBITA,0.0,22.0,1.0,0.0,0.0,0.0,2.0
2015,15,15,15861,VENTAQUEMADA,0.0,1.0,1.0,0.0,0.0,0.0,1.0
2015,17,17,17001,MANIZALES,2161.0,9345.0,27632.0,1553.0,2911.0,374.0,16.0
2015,17,17,17013,AGUADAS,0.0,0.0,2.0,0.0,0.0,0.0,1.0
2015,17,17,17042,ANSERMA,0.0,0.0,22.0,0.0,0.0,0.0,2.0
2015,17,17,17088,BELALCÁZAR,0.0,0.0,2.0,0.0,0.0,0.0,1.0
2015,17,17,17174,CHINCHINÁ,1.0,0.0,4.0,0.0,0.0,0.0,2.0
2015,17,17,17272,FILADELFIA,0.0,0.0,23.0,0.0,0.0,0.0,2.0
2015,17,17,17380,LA DORADA,0.0,1628.0,679.0,12.0,4.0,0.0,5.0
2015,17,17,17388,LA MERCED,0.0,0.0,1.0,0.0,0.0,0.0,1.0
2015,17,17,17433,MANZANARES,5.0,0.0,0.0,0.0,0.0,0.0,1.0
2015,17,17,17486,NEIRA,0.0,0.0,4.0,0.0,0.0,0.0,2.0
2015,17,17,17513,PÁCORA,0.0,0.0,22.0,0.0,0.0,0.0,2.0
2015,17,17,17541,PENSILVANIA,131.0,26.0,1.0,0.0,0.0,0.0,2.0
2015,17,17,17614,RIOSUCIO,0.0,0.0,32.0,0.0,0.0,0.0,2.0
2015,17,17,17653,SALAMINA,0.0,0.0,2.0,0.0,0.0,0.0,1.0
2015,17,17,17662,SAMANÁ,0.0,0.0,1.0,0.0,0.0,0.0,1.0
2015,17,17,17665,SAN JOSÉ,0.0,0.0,2.0,10.0,0.0,0.0,1.0
2015,17,17,17877,VITERBO,0.0,0.0,1.0,0.0,0.0,0.0,1.0
2015,18,18,18001,FLORENCIA,96.0,1646.0,8996.0,239.0,217.0,16.0,6.0
2015,18,18,18029,ALBANIA,44.0,0.0,0.0,0.0,0.0,0.0,1.0
2015,18,18,18094,BELÉN DE LOS ANDAQUÍES,0.0,0.0,1.0,0.0,0.0,0.0,1.0
2015,18,18,18150,CARTAGENA DEL CHAIRÁ,17.0,6.0,0.0,0.0,0.0,0.0,1.0
2015,18,18,18247,EL DONCELLO,38.0,4.0,2.0,0.0,0.0,0.0,2.0
2015,18,18,18256,EL PAUJÍL,1.0,0.0,20.0,0.0,0.0,0.0,2.0
2015,18,18,18753,SAN VICENTE DEL CAGUÁN,52.0,12.0,135.0,5.0,0.0,0.0,4.0
2015,19,19,19001,POPAYÁN,0.0,11403.0,26141.0,763.0,586.0,97.0,17.0
2015,19,19,19355,INZÁ,0.0,1.0,0.0,0.0,0.0,0.0,1.0
2015,19,19,19450,MERCADERES,0.0,0.0,7.0,0.0,0.0,0.0,1.0
2015,19,19,19455,MIRANDA,77.0,156.0,233.0,0.0,0.0,0.0,3.0
2015,19,19,19513,PADILLA,0.0,0.0,1.0,0.0,0.0,0.0,1.0
2015,19,19,19532,PATÍA,0.0,27.0,240.0,4.0,0.0,0.0,2.0
2015,19,19,19573,PUERTO TEJADA,96.0,174.0,2.0,0.0,0.0,0.0,2.0
2015,19,19,19698,SANTANDER DE QUILICHAO,279.0,700.0,2384.0,10.0,2.0,0.0,6.0
2015,19,19,19785,SUCRE,0.0,0.0,1.0,0.0,0.0,0.0,1.0
2015,19,19,19821,TORIBÍO,0.0,0.0,86.0,0.0,0.0,0.0,1.0
2015,20,20,20001,VALLEDUPAR,20.0,7659.0,21633.0,135.0,27.0,0.0,15.0
2015,20,20,20011,AGUACHICA,7.0,1245.0,775.0,0.0,0.0,0.0,3.0
2015,20,20,20013,AGUSTÍN CODAZZI,72.0,0.0,2.0,0.0,0.0,0.0,2.0
2015,20,20,20032,ASTREA,0.0,0.0,1.0,0.0,0.0,0.0,1.0
2015,20,20,20060,BOSCONIA,18.0,0.0,0.0,0.0,0.0,0.0,1.0
2015,20,20,20228,CURUMANÍ,0.0,63.0,378.0,1.0,0.0,0.0,1.0
2015,20,20,20238,EL COPEY,0.0,0.0,0.0,33.0,0.0,0.0,1.0
2015,20,20,20517,PAILITAS,0.0,0.0,10.0,0.0,0.0,0.0,1.0
2015,20,20,20550,PELAYA,0.0,0.0,2.0,0.0,0.0,0.0,1.0
2015,20,20,20787,TAMALAMEQUE,0.0,0.0,1.0,0.0,0.0,0.0,1.0
2015,23,23,23001,MONTERÍA,1463.0,3347.0,27386.0,693.0,160.0,0.0,15.0
2015,23,23,23068,AYAPEL,1.0,14.0,10.0,0.0,0.0,0.0,2.0
2015,23,23,23079,BUENAVISTA,0.0,2.0,9.0,0.0,0.0,0.0,1.0
2015,23,23,23090,CANALETE,0.0,0.0,2.0,0.0,0.0,0.0,1.0
2015,23,23,23162,CERETÉ,81.0,32.0,838.0,8.0,0.0,0.0,3.0
2015,23,23,23168,CHIMÁ,0.0,1.0,4.0,13.0,0.0,0.0,1.0
2015,23,23,23182,CHINÚ,0.0,7.0,34.0,0.0,0.0,0.0,1.0
2015,23,23,23189,CIÉNAGA DE ORO,0.0,3.0,15.0,3.0,0.0,0.0,1.0
2015,23,23,23300,COTORRA,0.0,3.0,2.0,0.0,0.0,0.0,1.0
2015,23,23,23350,LA APARTADA,28.0,18.0,3.0,0.0,0.0,0.0,3.0
2015,23,23,23417,LORICA,2.0,41.0,1268.0,1.0,0.0,0.0,7.0
2015,23,23,23419,LOS CÓRDOBAS,0.0,24.0,4.0,0.0,0.0,0.0,2.0
2015,23,23,23464,MOMIL,0.0,1.0,11.0,9.0,0.0,0.0,1.0
2015,23,23,23466,MONTELÍBANO,0.0,39.0,210.0,0.0,16.0,0.0,6.0
2015,23,23,23500,MOÑITOS,0.0,0.0,5.0,0.0,0.0,0.0,1.0
2015,23,23,23555,PLANETA RICA,0.0,48.0,53.0,7.0,0.0,0.0,2.0
2015,23,23,23570,PUEBLO NUEVO,0.0,2.0,11.0,1.0,0.0,0.0,1.0
2015,23,23,23574,PUERTO ESCONDIDO,0.0,0.0,2.0,0.0,0.0,0.0,1.0
2015,23,23,23580,PUERTO LIBERTADOR,0.0,20.0,11.0,2.0,0.0,0.0,2.0
2015,23,23,23586,PURÍSIMA DE LA CONCEPCIÓN,0.0,35.0,32.0,0.0,0.0,0.0,2.0
2015,23,23,23660,SAHAGÚN,107.0,91.0,1012.0,89.0,5.0,0.0,4.0
2015,23,23,23670,SAN ANDRÉS DE SOTAVENTO,0.0,1.0,14.0,40.0,0.0,0.0,1.0
2015,23,23,23672,SAN ANTERO,0.0,1.0,16.0,0.0,0.0,0.0,1.0
2016,5,5,5887,YARUMAL,26.0,56.0,313.0,1.0,0.0,0.0,3.0
2015,23,23,23675,SAN BERNARDO DEL VIENTO,45.0,5.0,42.0,0.0,0.0,0.0,2.0
2015,23,23,23678,SAN CARLOS,0.0,0.0,3.0,0.0,0.0,0.0,1.0
2015,23,23,23686,SAN PELAYO,0.0,3.0,87.0,5.0,0.0,0.0,2.0
2015,23,23,23807,TIERRALTA,120.0,52.0,147.0,37.0,0.0,0.0,4.0
2015,23,23,23815,TUCHÍN,156.0,0.0,4.0,22.0,0.0,0.0,2.0
2015,23,23,23855,VALENCIA,0.0,16.0,64.0,0.0,0.0,0.0,3.0
2015,25,25,25001,AGUA DE DIOS,0.0,0.0,15.0,1.0,0.0,0.0,1.0
2015,25,25,25019,ALBÁN,0.0,0.0,1.0,0.0,0.0,0.0,1.0
2015,25,25,25053,ARBELÁEZ,0.0,118.0,757.0,24.0,16.0,0.0,2.0
2015,25,25,25126,CAJICÁ,0.0,254.0,3568.0,104.0,0.0,17.0,4.0
2015,25,25,25148,CAPARRAPÍ,0.0,0.0,1.0,0.0,0.0,0.0,1.0
2015,25,25,25151,CÁQUEZA,0.0,0.0,52.0,0.0,0.0,0.0,2.0
2015,25,25,25175,CHÍA,49.0,7270.0,9253.0,1501.0,1810.0,16.0,6.0
2015,25,25,25178,CHIPAQUE,0.0,0.0,24.0,0.0,0.0,0.0,2.0
2015,25,25,25181,CHOACHÍ,0.0,0.0,1.0,0.0,0.0,0.0,1.0
2015,25,25,25183,CHOCONTÁ,0.0,0.0,12.0,0.0,0.0,0.0,1.0
2015,25,25,25200,COGUA,0.0,0.0,60.0,0.0,0.0,0.0,1.0
2015,25,25,25214,COTA,0.0,0.0,1.0,0.0,0.0,0.0,1.0
2015,25,25,25224,CUCUNUBÁ,0.0,29.0,0.0,0.0,0.0,0.0,1.0
2015,25,25,25245,EL COLEGIO,102.0,10.0,10.0,0.0,0.0,0.0,1.0
2015,25,25,25260,EL ROSAL,0.0,0.0,2.0,0.0,0.0,0.0,1.0
2015,25,25,25269,FACATATIVÁ,0.0,230.0,5425.0,106.0,3.0,0.0,9.0
2015,25,25,25279,FÓMEQUE,0.0,0.0,1.0,0.0,0.0,0.0,1.0
2015,25,25,25286,FUNZA,0.0,0.0,1.0,0.0,0.0,0.0,1.0
2015,25,25,25288,FÚQUENE,0.0,0.0,1.0,0.0,0.0,0.0,1.0
2015,25,25,25290,FUSAGASUGÁ,180.0,2437.0,4803.0,152.0,0.0,0.0,8.0
2015,25,25,25297,GACHETÁ,0.0,88.0,512.0,12.0,0.0,0.0,2.0
2015,25,25,25307,GIRARDOT,61.0,3947.0,5025.0,69.0,4.0,0.0,8.0
2015,25,25,25320,GUADUAS,0.0,5.0,127.0,0.0,0.0,0.0,1.0
2015,25,25,25377,LA CALERA,0.0,0.0,5.0,0.0,0.0,0.0,1.0
2015,25,25,25386,LA MESA,0.0,0.0,1.0,0.0,0.0,0.0,1.0
2015,25,25,25394,LA PALMA,0.0,0.0,19.0,0.0,0.0,0.0,1.0
2015,25,25,25430,MADRID,43.0,407.0,3.0,0.0,0.0,0.0,3.0
2015,25,25,25436,MANTA,0.0,5.0,1.0,0.0,0.0,0.0,1.0
2015,25,25,25473,MOSQUERA,0.0,4558.0,4.0,0.0,0.0,0.0,2.0
2015,25,25,25488,NILO,0.0,5215.0,0.0,0.0,0.0,0.0,1.0
2015,25,25,25491,NOCAIMA,0.0,0.0,15.0,0.0,0.0,0.0,1.0
2015,25,25,25513,PACHO,0.0,0.0,1.0,0.0,0.0,0.0,1.0
2015,25,25,25524,PANDI,0.0,0.0,1.0,0.0,0.0,0.0,1.0
2015,25,25,25530,PARATEBUENO,0.0,2.0,2.0,0.0,0.0,0.0,1.0
2015,25,25,25594,QUETAME,0.0,0.0,121.0,0.0,0.0,0.0,2.0
2015,25,25,25612,RICAURTE,14.0,0.0,1.0,0.0,0.0,0.0,2.0
2015,25,25,25662,SAN JUAN DE RIOSECO,0.0,0.0,13.0,0.0,0.0,0.0,1.0
2015,25,25,25736,SESQUILÉ,0.0,0.0,1.0,0.0,0.0,0.0,1.0
2015,25,25,25740,SIBATÉ,106.0,23.0,905.0,0.0,0.0,0.0,4.0
2015,25,25,25743,SILVANIA,0.0,0.0,4.0,0.0,0.0,0.0,1.0
2015,25,25,25745,SIMIJACA,0.0,0.0,14.0,0.0,0.0,0.0,2.0
2015,25,25,25754,SOACHA,2.0,6213.0,3740.0,0.0,1.0,0.0,6.0
2015,25,25,25758,SOPÓ,0.0,0.0,1.0,0.0,0.0,0.0,1.0
2015,25,25,25769,SUBACHOQUE,1.0,0.0,0.0,0.0,0.0,0.0,1.0
2015,25,25,25772,SUESCA,0.0,0.0,1.0,0.0,0.0,0.0,1.0
2015,25,25,25777,SUPATÁ,0.0,0.0,1.0,0.0,0.0,0.0,1.0
2015,25,25,25793,TAUSA,0.0,0.0,76.0,0.0,0.0,0.0,1.0
2015,25,25,25799,TENJO,0.0,0.0,1.0,0.0,0.0,0.0,1.0
2015,25,25,25815,TOCAIMA,113.0,0.0,0.0,0.0,0.0,0.0,1.0
2015,25,25,25817,TOCANCIPÁ,0.0,29.0,1.0,0.0,0.0,0.0,2.0
2015,25,25,25823,TOPAIPÍ,0.0,0.0,1.0,0.0,0.0,0.0,1.0
2015,25,25,25843,VILLA DE SAN DIEGO DE UBATÉ,0.0,0.0,754.0,0.0,0.0,0.0,2.0
2015,25,25,25873,VILLAPINZÓN,0.0,25.0,0.0,0.0,0.0,0.0,1.0
2015,25,25,25875,VILLETA,0.0,1549.0,0.0,0.0,0.0,0.0,1.0
2015,25,25,25878,VIOTÁ,0.0,0.0,1.0,0.0,0.0,0.0,1.0
2015,25,25,25885,YACOPÍ,0.0,0.0,2.0,0.0,0.0,0.0,1.0
2015,25,25,25899,ZIPAQUIRÁ,0.0,1139.0,3568.0,49.0,15.0,0.0,7.0
2015,27,27,27001,QUIBDÓ,2.0,764.0,11752.0,237.0,162.0,0.0,11.0
2015,27,27,27006,ACANDÍ,0.0,0.0,1.0,0.0,0.0,0.0,1.0
2015,27,27,27025,ALTO BAUDÓ,0.0,0.0,1.0,0.0,0.0,0.0,1.0
2015,27,27,27073,BAGADÓ,0.0,0.0,1.0,0.0,0.0,0.0,1.0
2015,27,27,27099,BOJAYÁ,0.0,0.0,1.0,0.0,0.0,0.0,1.0
2015,27,27,27150,CARMEN DEL DARIÉN,0.0,58.0,0.0,0.0,0.0,0.0,1.0
2015,27,27,27160,CÉRTEGUI,0.0,0.0,1.0,0.0,0.0,0.0,1.0
2015,27,27,27361,ISTMINA,0.0,2.0,299.0,0.0,0.0,0.0,2.0
2015,27,27,27413,LLORÓ,0.0,1.0,0.0,0.0,0.0,0.0,1.0
2015,27,27,27615,RIOSUCIO,0.0,42.0,1.0,0.0,0.0,0.0,2.0
2015,27,27,27745,SIPÍ,0.0,0.0,1.0,0.0,0.0,0.0,1.0
2015,27,27,27787,TADÓ,0.0,0.0,1.0,0.0,0.0,0.0,1.0
2015,41,41,41001,NEIVA,777.0,4504.0,20446.0,666.0,408.0,7.0,21.0
2015,41,41,41013,AGRADO,0.0,0.0,1.0,0.0,0.0,0.0,1.0
2015,41,41,41016,AIPE,0.0,0.0,1.0,0.0,0.0,0.0,1.0
2015,41,41,41020,ALGECIRAS,0.0,0.0,54.0,0.0,0.0,0.0,2.0
2015,41,41,41026,ALTAMIRA,0.0,0.0,44.0,0.0,0.0,0.0,1.0
2015,41,41,41132,CAMPOALEGRE,0.0,1112.0,40.0,0.0,0.0,0.0,2.0
2015,41,41,41206,COLOMBIA,0.0,0.0,1.0,0.0,0.0,0.0,1.0
2015,41,41,41298,GARZÓN,0.0,1796.0,425.0,0.0,0.0,0.0,3.0
2015,41,41,41306,GIGANTE,62.0,0.0,10.0,0.0,0.0,0.0,2.0
2015,41,41,41319,GUADALUPE,20.0,0.0,0.0,0.0,0.0,0.0,1.0
2015,41,41,41396,LA PLATA,0.0,1450.0,782.0,8.0,3.0,0.0,3.0
2015,41,41,41548,PITAL,0.0,0.0,4.0,0.0,0.0,0.0,1.0
2015,41,41,41551,PITALITO,0.0,2470.0,2486.0,94.0,11.0,0.0,10.0
2015,41,41,41615,RIVERA,211.0,101.0,0.0,0.0,0.0,0.0,1.0
2015,41,41,41668,SAN AGUSTÍN,31.0,0.0,0.0,0.0,0.0,0.0,1.0
2015,41,41,41676,SANTA MARÍA,0.0,0.0,1.0,0.0,0.0,0.0,1.0
2015,41,41,41770,SUAZA,0.0,0.0,1.0,0.0,0.0,0.0,1.0
2015,41,41,41791,TARQUI,0.0,0.0,4.0,0.0,0.0,0.0,1.0
2015,41,41,41807,TIMANÁ,0.0,0.0,1.0,0.0,0.0,0.0,1.0
2015,44,44,44001,RIOHACHA,116.0,2178.0,9083.0,54.0,33.0,0.0,8.0
2015,44,44,44035,ALBANIA,3.0,0.0,0.0,0.0,0.0,0.0,1.0
2015,44,44,44078,BARRANCAS,0.0,36.0,0.0,0.0,0.0,0.0,1.0
2015,44,44,44098,DISTRACCIÓN,0.0,0.0,33.0,0.0,0.0,0.0,1.0
2015,44,44,44279,FONSECA,0.0,2915.0,1137.0,0.0,0.0,0.0,4.0
2015,44,44,44430,MAICAO,0.0,84.0,2584.0,0.0,0.0,0.0,4.0
2015,44,44,44560,MANAURE,0.0,0.0,378.0,0.0,0.0,0.0,2.0
2015,44,44,44650,SAN JUAN DEL CESAR,490.0,15.0,78.0,0.0,0.0,0.0,3.0
2015,44,44,44847,URIBIA,75.0,0.0,4.0,0.0,0.0,0.0,2.0
2015,44,44,44874,VILLANUEVA,0.0,14.0,971.0,0.0,0.0,0.0,2.0
2015,47,47,47001,SANTA MARTA,3041.0,6867.0,27342.0,700.0,201.0,21.0,12.0
2015,47,47,47189,CIÉNAGA,696.0,100.0,8.0,0.0,0.0,0.0,3.0
2015,47,47,47245,EL BANCO,77.0,9.0,89.0,5.0,0.0,0.0,2.0
2015,47,47,47288,FUNDACIÓN,10.0,0.0,8.0,0.0,0.0,0.0,3.0
2015,47,47,47460,NUEVA GRANADA,0.0,24.0,0.0,0.0,0.0,0.0,1.0
2015,47,47,47551,PIVIJAY,0.0,0.0,2.0,0.0,0.0,0.0,1.0
2015,47,47,47555,PLATO,134.0,22.0,114.0,1.0,0.0,0.0,2.0
2015,5,5,5001,MEDELLÍN,2340.0,75106.0,149628.0,8536.0,5746.0,1315.0,51.0
2015,5,5,5002,ABEJORRAL,0.0,32.0,0.0,0.0,0.0,0.0,1.0
2015,5,5,5031,AMALFI,0.0,45.0,239.0,0.0,0.0,0.0,1.0
2015,5,5,5034,ANDES,0.0,243.0,555.0,0.0,15.0,0.0,2.0
2015,5,5,5038,ANGOSTURA,0.0,0.0,18.0,0.0,0.0,0.0,1.0
2015,5,5,5040,ANORÍ,0.0,9.0,42.0,0.0,0.0,0.0,1.0
2015,5,5,5042,SANTA FÉ DE ANTIOQUIA,31.0,945.0,253.0,0.0,0.0,0.0,4.0
2015,5,5,5045,APARTADÓ,199.0,7302.0,1306.0,25.0,36.0,0.0,11.0
2015,5,5,5051,ARBOLETES,0.0,50.0,16.0,0.0,0.0,0.0,2.0
2015,5,5,5059,ARMENIA,0.0,0.0,200.0,0.0,0.0,0.0,2.0
2015,5,5,5079,BARBOSA,0.0,111.0,8.0,0.0,0.0,0.0,1.0
2015,5,5,5088,BELLO,196.0,903.0,2975.0,1.0,0.0,0.0,5.0
2015,5,5,5091,BETANIA,0.0,0.0,28.0,0.0,0.0,0.0,1.0
2015,5,5,5101,CIUDAD BOLÍVAR,0.0,0.0,42.0,0.0,0.0,0.0,1.0
2015,5,5,5120,CÁCERES,1.0,2.0,8.0,0.0,0.0,0.0,1.0
2015,5,5,5129,CALDAS,0.0,2360.0,1660.0,66.0,29.0,0.0,4.0
2015,5,5,5134,CAMPAMENTO,0.0,0.0,0.0,1.0,0.0,0.0,1.0
2015,5,5,5147,CAREPA,0.0,90.0,164.0,0.0,0.0,0.0,3.0
2015,5,5,5148,EL CARMEN DE VIBORAL,0.0,239.0,1701.0,0.0,48.0,0.0,4.0
2015,5,5,5154,CAUCASIA,20.0,2674.0,810.0,33.0,15.0,0.0,4.0
2015,5,5,5172,CHIGORODÓ,43.0,181.0,59.0,0.0,0.0,0.0,3.0
2015,5,5,5190,CISNEROS,0.0,149.0,0.0,0.0,0.0,0.0,1.0
2015,5,5,5197,COCORNÁ,0.0,14.0,1.0,1.0,0.0,0.0,2.0
2015,5,5,5206,CONCEPCIÓN,0.0,25.0,0.0,0.0,0.0,0.0,1.0
2015,5,5,5209,CONCORDIA,0.0,0.0,2.0,0.0,0.0,0.0,1.0
2015,5,5,5212,COPACABANA,0.0,95.0,148.0,0.0,0.0,0.0,3.0
2015,5,5,5234,DABEIBA,0.0,0.0,3.0,0.0,0.0,0.0,1.0
2015,5,5,5237,DONMATÍAS,0.0,61.0,15.0,0.0,0.0,0.0,1.0
2015,5,5,5240,EBÉJICO,0.0,0.0,35.0,0.0,0.0,0.0,1.0
2015,5,5,5250,EL BAGRE,2.0,27.0,15.0,0.0,0.0,0.0,2.0
2015,5,5,5264,ENTRERRÍOS,1.0,0.0,0.0,0.0,0.0,0.0,1.0
2015,5,5,5266,ENVIGADO,365.0,198.0,4509.0,53.0,29.0,0.0,5.0
2015,5,5,5284,FRONTINO,42.0,0.0,0.0,0.0,0.0,0.0,1.0
2015,5,5,5308,GIRARDOTA,0.0,93.0,1.0,0.0,0.0,0.0,2.0
2015,5,5,5313,GRANADA,0.0,21.0,2.0,0.0,0.0,0.0,2.0
2015,5,5,5318,GUARNE,0.0,48.0,14.0,0.0,0.0,0.0,2.0
2015,5,5,5321,GUATAPÉ,0.0,43.0,0.0,0.0,0.0,0.0,1.0
2015,5,5,5360,ITAGÜÍ,75.0,8868.0,858.0,0.0,0.0,0.0,6.0
2015,5,5,5361,ITUANGO,0.0,0.0,1.0,0.0,0.0,0.0,1.0
2015,5,5,5364,JARDÍN,0.0,1.0,0.0,0.0,0.0,0.0,1.0
2015,5,5,5368,JERICÓ,0.0,0.0,84.0,0.0,0.0,0.0,1.0
2015,5,5,5376,LA CEJA,0.0,150.0,37.0,0.0,0.0,0.0,3.0
2015,5,5,5380,LA ESTRELLA,692.0,42.0,1.0,0.0,0.0,0.0,3.0
2015,5,5,5390,LA PINTADA,0.0,210.0,0.0,0.0,0.0,0.0,2.0
2015,5,5,5400,LA UNIÓN,0.0,15.0,56.0,0.0,0.0,0.0,3.0
2015,5,5,5411,LIBORINA,0.0,26.0,0.0,0.0,0.0,0.0,1.0
2015,5,5,5440,MARINILLA,61.0,311.0,0.0,0.0,0.0,0.0,2.0
2015,5,5,5480,MUTATÁ,0.0,17.0,7.0,0.0,0.0,0.0,2.0
2015,5,5,5490,NECOCLÍ,117.0,24.0,50.0,0.0,0.0,0.0,3.0
2015,5,5,5495,NECHÍ,0.0,63.0,18.0,0.0,0.0,0.0,3.0
2015,5,5,5501,OLAYA,0.0,0.0,0.0,1.0,0.0,0.0,1.0
2015,5,5,5541,PEÑOL,0.0,22.0,0.0,0.0,0.0,0.0,1.0
2015,5,5,5579,PUERTO BERRÍO,0.0,1887.0,134.0,0.0,15.0,0.0,4.0
2015,5,5,5585,PUERTO NARE,0.0,0.0,4.0,0.0,0.0,0.0,1.0
2015,5,5,5591,PUERTO TRIUNFO,0.0,63.0,0.0,4.0,0.0,0.0,2.0
2015,5,5,5607,RETIRO,0.0,36.0,12.0,0.0,0.0,0.0,2.0
2015,5,5,5615,RIONEGRO,9.0,6091.0,6166.0,69.0,357.0,0.0,9.0
2015,5,5,5631,SABANETA,0.0,21.0,5396.0,668.0,171.0,0.0,5.0
2015,5,5,5642,SALGAR,0.0,0.0,15.0,0.0,0.0,0.0,1.0
2015,5,5,5649,SAN CARLOS,0.0,54.0,0.0,0.0,0.0,0.0,1.0
2015,5,5,5659,SAN JUAN DE URABÁ,0.0,90.0,5.0,0.0,0.0,0.0,2.0
2015,5,5,5660,SAN LUIS,0.0,58.0,0.0,0.0,0.0,0.0,1.0
2015,5,5,5664,SAN PEDRO DE LOS MILAGROS,0.0,32.0,2.0,0.0,0.0,0.0,2.0
2015,5,5,5665,SAN PEDRO DE URABÁ,0.0,26.0,4.0,0.0,0.0,0.0,2.0
2015,5,5,5667,SAN RAFAEL,0.0,14.0,0.0,0.0,0.0,0.0,1.0
2015,5,5,5670,SAN ROQUE,0.0,0.0,17.0,0.0,0.0,0.0,2.0
2015,5,5,5674,SAN VICENTE FERRER,0.0,53.0,18.0,0.0,0.0,0.0,2.0
2015,5,5,5679,SANTA BÁRBARA,0.0,0.0,43.0,0.0,0.0,0.0,1.0
2015,5,5,5686,SANTA ROSA DE OSOS,4.0,533.0,3447.0,0.0,0.0,0.0,5.0
2015,5,5,5697,EL SANTUARIO,0.0,2.0,25.0,0.0,0.0,0.0,2.0
2015,5,5,5736,SEGOVIA,0.0,61.0,96.0,0.0,0.0,0.0,3.0
2015,5,5,5756,SONSÓN,0.0,106.0,244.0,0.0,0.0,0.0,4.0
2015,5,5,5790,TARAZÁ,1.0,11.0,20.0,0.0,0.0,0.0,1.0
2015,5,5,5809,TITIRIBÍ,0.0,0.0,1.0,0.0,0.0,0.0,1.0
2015,5,5,5837,TURBO,141.0,483.0,1357.0,37.0,11.0,0.0,7.0
2015,5,5,5847,URRAO,14.0,149.0,0.0,0.0,0.0,0.0,2.0
2015,5,5,5861,VENECIA,0.0,20.0,0.0,2.0,0.0,0.0,2.0
2015,5,5,5873,VIGÍA DEL FUERTE,0.0,30.0,0.0,0.0,0.0,0.0,1.0
2015,5,5,5887,YARUMAL,0.0,78.0,323.0,0.0,0.0,0.0,3.0
2015,5,5,5890,YOLOMBÓ,0.0,66.0,88.0,0.0,0.0,0.0,1.0
2015,5,5,5895,ZARAGOZA,1.0,3.0,4.0,0.0,0.0,0.0,1.0
2015,50,50,50001,VILLAVICENCIO,896.0,5352.0,21719.0,742.0,175.0,0.0,21.0
2015,50,50,50006,ACACÍAS,0.0,247.0,1925.0,35.0,2.0,0.0,5.0
2015,50,50,50110,BARRANCA DE UPÍA,5.0,5.0,13.0,0.0,0.0,0.0,1.0
2015,50,50,50124,CABUYARO,0.0,0.0,1.0,0.0,0.0,0.0,1.0
2015,50,50,50150,CASTILLA LA NUEVA,48.0,0.0,7.0,0.0,0.0,0.0,3.0
2015,50,50,50226,CUMARAL,0.0,18.0,179.0,1.0,0.0,0.0,2.0
2015,50,50,50270,EL DORADO,0.0,0.0,18.0,0.0,0.0,0.0,1.0
2015,50,50,50287,FUENTE DE ORO,0.0,0.0,2.0,0.0,0.0,0.0,1.0
2015,50,50,50313,GRANADA,173.0,483.0,26.0,0.0,0.0,0.0,4.0
2015,50,50,50568,PUERTO GAITÁN,0.0,0.0,2.0,0.0,0.0,0.0,1.0
2015,50,50,50573,PUERTO LÓPEZ,0.0,0.0,4.0,0.0,0.0,0.0,1.0
2015,50,50,50577,PUERTO LLERAS,0.0,0.0,1.0,0.0,0.0,0.0,1.0
2015,50,50,50606,RESTREPO,0.0,0.0,28.0,0.0,0.0,0.0,1.0
2015,50,50,50683,SAN JUAN DE ARAMA,27.0,0.0,8.0,0.0,0.0,0.0,3.0
2015,50,50,50689,SAN MARTÍN,0.0,1.0,44.0,0.0,0.0,0.0,3.0
2015,50,50,50711,VISTAHERMOSA,0.0,0.0,1.0,0.0,0.0,0.0,1.0
2015,52,52,52001,PASTO,446.0,4534.0,28323.0,674.0,538.0,36.0,21.0
2015,52,52,52019,ALBÁN,0.0,1.0,42.0,0.0,0.0,0.0,2.0
2015,52,52,52022,ALDANA,0.0,0.0,1.0,0.0,0.0,0.0,1.0
2015,52,52,52079,BARBACOAS,0.0,0.0,21.0,0.0,0.0,0.0,1.0
2015,52,52,52110,BUESACO,12.0,0.0,0.0,0.0,0.0,0.0,1.0
2015,52,52,52210,CONTADERO,0.0,1.0,0.0,0.0,0.0,0.0,1.0
2015,52,52,52215,CÓRDOBA,0.0,0.0,6.0,0.0,0.0,0.0,1.0
2015,52,52,52227,CUMBAL,0.0,0.0,2.0,0.0,0.0,0.0,1.0
2015,52,52,52320,GUAITARILLA,0.0,0.0,1.0,0.0,0.0,0.0,1.0
2015,52,52,52354,IMUÉS,0.0,0.0,2.0,0.0,0.0,0.0,1.0
2015,52,52,52356,IPIALES,412.0,796.0,665.0,0.0,0.0,0.0,8.0
2015,52,52,52399,LA UNIÓN,71.0,0.0,5.0,0.0,0.0,0.0,2.0
2015,52,52,52427,MAGÜÍ,0.0,16.0,0.0,0.0,0.0,0.0,1.0
2015,52,52,52435,MALLAMA,0.0,0.0,5.0,0.0,0.0,0.0,1.0
2015,52,52,52490,OLAYA HERRERA,0.0,0.0,2.0,0.0,0.0,0.0,1.0
2015,52,52,52506,OSPINA,0.0,0.0,2.0,0.0,0.0,0.0,1.0
2015,52,52,52560,POTOSÍ,0.0,2.0,1.0,0.0,0.0,0.0,1.0
2015,52,52,52585,PUPIALES,0.0,1.0,2.0,0.0,0.0,0.0,1.0
2015,52,52,52612,RICAURTE,0.0,31.0,2.0,0.0,0.0,0.0,2.0
2015,52,52,52678,SAMANIEGO,0.0,1.0,42.0,0.0,0.0,0.0,2.0
2015,52,52,52683,SANDONÁ,0.0,0.0,1.0,0.0,0.0,0.0,1.0
2015,52,52,52693,SAN PABLO,16.0,0.0,0.0,0.0,0.0,0.0,1.0
2015,52,52,52699,SANTACRUZ,0.0,0.0,1.0,0.0,0.0,0.0,1.0
2015,52,52,52720,SAPUYES,0.0,0.0,7.0,0.0,0.0,0.0,1.0
2015,52,52,52786,TAMINANGO,1.0,0.0,46.0,0.0,0.0,0.0,2.0
2015,52,52,52835,SAN ANDRÉS DE TUMACO,0.0,749.0,752.0,8.0,4.0,0.0,6.0
2015,52,52,52838,TÚQUERRES,31.0,6.0,112.0,0.0,0.0,0.0,3.0
2015,52,52,52885,YACUANQUER,0.0,0.0,1.0,0.0,0.0,0.0,1.0
2015,54,54,54001,SAN JOSÉ DE CÚCUTA,222.0,12083.0,29042.0,998.0,313.0,0.0,24.0
2015,54,54,54051,ARBOLEDAS,0.0,19.0,23.0,0.0,0.0,0.0,1.0
2015,54,54,54109,BUCARASICA,0.0,0.0,91.0,0.0,0.0,0.0,1.0
2015,54,54,54128,CÁCHIRA,0.0,32.0,9.0,0.0,0.0,0.0,1.0
2015,54,54,54172,CHINÁCOTA,0.0,48.0,1.0,0.0,0.0,0.0,2.0
2015,54,54,54239,DURANIA,0.0,36.0,44.0,0.0,0.0,0.0,1.0
2015,54,54,54245,EL CARMEN,0.0,0.0,0.0,20.0,0.0,0.0,1.0
2015,54,54,54261,EL ZULIA,0.0,2.0,0.0,0.0,0.0,0.0,1.0
2015,54,54,54313,GRAMALOTE,0.0,0.0,17.0,0.0,0.0,0.0,1.0
2015,54,54,54405,LOS PATIOS,0.0,49.0,0.0,0.0,0.0,0.0,1.0
2015,54,54,54498,OCAÑA,249.0,509.0,6534.0,41.0,4.0,0.0,7.0
2015,54,54,54518,PAMPLONA,0.0,585.0,10981.0,96.0,197.0,0.0,4.0
2015,54,54,54660,SALAZAR,0.0,45.0,6.0,0.0,0.0,0.0,1.0
2015,54,54,54673,SAN CAYETANO,0.0,10.0,20.0,0.0,0.0,0.0,1.0
2015,54,54,54680,SANTIAGO,0.0,14.0,23.0,0.0,0.0,0.0,1.0
2015,54,54,54720,SARDINATA,0.0,0.0,15.0,0.0,0.0,0.0,1.0
2015,54,54,54810,TIBÚ,0.0,58.0,10.0,0.0,0.0,0.0,1.0
2015,54,54,54820,TOLEDO,0.0,1.0,1.0,0.0,0.0,0.0,1.0
2015,54,54,54874,VILLA DEL ROSARIO,654.0,65.0,4418.0,0.0,0.0,0.0,3.0
2015,63,63,63001,ARMENIA,1441.0,9130.0,17483.0,796.0,273.0,16.0,19.0
2015,63,63,63111,BUENAVISTA,0.0,0.0,1.0,0.0,0.0,0.0,1.0
2015,63,63,63130,CALARCÁ,14.0,26.0,11.0,1.0,0.0,0.0,3.0
2015,63,63,63190,CIRCASIA,0.0,0.0,219.0,0.0,0.0,0.0,2.0
2015,63,63,63212,CÓRDOBA,0.0,0.0,1.0,0.0,0.0,0.0,1.0
2015,63,63,63302,GÉNOVA,0.0,0.0,12.0,0.0,0.0,0.0,2.0
2015,63,63,63401,LA TEBAIDA,0.0,0.0,1.0,0.0,0.0,0.0,1.0
2015,63,63,63470,MONTENEGRO,0.0,0.0,3.0,1.0,0.0,0.0,1.0
2015,63,63,63548,PIJAO,0.0,0.0,1.0,0.0,0.0,0.0,1.0
2015,63,63,63594,QUIMBAYA,0.0,1.0,288.0,1.0,0.0,0.0,3.0
2015,66,66,66001,PEREIRA,1770.0,9455.0,30582.0,1956.0,1378.0,67.0,21.0
2015,66,66,66045,APÍA,0.0,17.0,0.0,0.0,0.0,0.0,1.0
2015,66,66,66075,BALBOA,0.0,0.0,1.0,0.0,0.0,0.0,1.0
2015,66,66,66088,BELÉN DE UMBRÍA,0.0,0.0,1.0,0.0,0.0,0.0,1.0
2015,66,66,66170,DOSQUEBRADAS,0.0,2742.0,191.0,8.0,0.0,0.0,3.0
2015,66,66,66400,LA VIRGINIA,21.0,0.0,13.0,1.0,0.0,0.0,2.0
2015,66,66,66456,MISTRATÓ,0.0,71.0,65.0,0.0,0.0,0.0,1.0
2015,66,66,66572,PUEBLO RICO,0.0,0.0,1.0,0.0,0.0,0.0,1.0
2015,66,66,66594,QUINCHÍA,0.0,22.0,1.0,0.0,0.0,0.0,2.0
2015,66,66,66682,SANTA ROSA DE CABAL,1.0,625.0,950.0,5.0,0.0,0.0,3.0
2015,66,66,66687,SANTUARIO,0.0,34.0,3.0,0.0,0.0,0.0,2.0
2015,68,68,68001,BUCARAMANGA,3312.0,27593.0,55276.0,8351.0,4503.0,123.0,26.0
2015,68,68,68051,ARATOCA,0.0,3.0,1.0,0.0,0.0,0.0,1.0
2015,68,68,68077,BARBOSA,1.0,95.0,89.0,0.0,0.0,0.0,3.0
2015,68,68,68079,BARICHARA,0.0,3.0,13.0,1.0,0.0,0.0,1.0
2015,68,68,68081,BARRANCABERMEJA,1.0,5122.0,5706.0,186.0,60.0,0.0,14.0
2015,68,68,68101,BOLÍVAR,0.0,0.0,2.0,0.0,0.0,0.0,1.0
2015,68,68,68121,CABRERA,0.0,0.0,1.0,0.0,0.0,0.0,1.0
2015,68,68,68147,CAPITANEJO,0.0,0.0,1.0,0.0,0.0,0.0,1.0
2015,68,68,68167,CHARALÁ,0.0,5.0,4.0,0.0,0.0,0.0,1.0
2015,68,68,68176,CHIMA,0.0,19.0,2.0,0.0,0.0,0.0,2.0
2015,68,68,68190,CIMITARRA,0.0,1.0,12.0,0.0,0.0,0.0,1.0
2015,68,68,68211,CONTRATACIÓN,0.0,2.0,0.0,0.0,0.0,0.0,1.0
2015,68,68,68229,CURITÍ,0.0,19.0,1.0,1.0,0.0,0.0,2.0
2015,68,68,68245,EL GUACAMAYO,0.0,1.0,0.0,0.0,0.0,0.0,1.0
2015,68,68,68250,EL PEÑÓN,0.0,1.0,3.0,0.0,0.0,0.0,1.0
2015,68,68,68255,EL PLAYÓN,0.0,91.0,11.0,0.0,0.0,0.0,2.0
2015,68,68,68264,ENCINO,0.0,1.0,1.0,0.0,0.0,0.0,1.0
2015,68,68,68266,ENCISO,0.0,12.0,0.0,0.0,0.0,0.0,1.0
2015,68,68,68276,FLORIDABLANCA,1.0,1960.0,59.0,0.0,0.0,0.0,4.0
2015,68,68,68296,GALÁN,0.0,2.0,2.0,0.0,0.0,0.0,1.0
2015,68,68,68307,GIRÓN,0.0,2929.0,25.0,0.0,0.0,0.0,3.0
2015,68,68,68320,GUADALUPE,0.0,1.0,0.0,0.0,0.0,0.0,1.0
2015,68,68,68327,GÜEPSA,0.0,0.0,2.0,0.0,0.0,0.0,1.0
2015,68,68,68344,HATO,0.0,0.0,2.0,0.0,0.0,0.0,1.0
2015,68,68,68368,JESÚS MARÍA,0.0,0.0,1.0,0.0,0.0,0.0,1.0
2015,68,68,68377,LA BELLEZA,0.0,0.0,1.0,0.0,0.0,0.0,1.0
2015,68,68,68385,LANDÁZURI,0.0,0.0,4.0,0.0,0.0,0.0,1.0
2015,68,68,68397,LA PAZ,0.0,0.0,2.0,0.0,0.0,0.0,1.0
2015,68,68,68432,MÁLAGA,0.0,1223.0,588.0,33.0,2.0,0.0,4.0
2015,68,68,68464,MOGOTES,0.0,2.0,4.0,0.0,0.0,0.0,1.0
2015,68,68,68498,OCAMONTE,0.0,3.0,2.0,0.0,0.0,0.0,1.0
2015,68,68,68500,OIBA,0.0,11.0,49.0,0.0,0.0,0.0,3.0
2015,68,68,68502,ONZAGA,0.0,0.0,4.0,0.0,0.0,0.0,1.0
2015,68,68,68524,PALMAS DEL SOCORRO,0.0,0.0,2.0,0.0,0.0,0.0,1.0
2015,68,68,68533,PÁRAMO,0.0,19.0,3.0,0.0,0.0,0.0,2.0
2015,68,68,68547,PIEDECUESTA,0.0,1692.0,14.0,3.0,0.0,0.0,3.0
2015,68,68,68549,PINCHOTE,0.0,0.0,2.0,0.0,0.0,0.0,1.0
2015,68,68,68572,PUENTE NACIONAL,1.0,0.0,6.0,0.0,0.0,0.0,1.0
2015,68,68,68575,PUERTO WILCHES,0.0,0.0,0.0,34.0,0.0,0.0,1.0
2015,68,68,68615,RIONEGRO,0.0,0.0,1.0,0.0,0.0,0.0,1.0
2015,68,68,68655,SABANA DE TORRES,0.0,0.0,2.0,0.0,0.0,0.0,1.0
2015,68,68,68669,SAN ANDRÉS,0.0,0.0,1.0,0.0,0.0,0.0,1.0
2015,68,68,68673,SAN BENITO,0.0,0.0,1.0,0.0,0.0,0.0,1.0
2015,68,68,68679,SAN GIL,13.0,3695.0,2351.0,73.0,0.0,0.0,9.0
2015,68,68,68682,SAN JOAQUÍN,0.0,0.0,2.0,0.0,0.0,0.0,1.0
2015,68,68,68689,SAN VICENTE DE CHUCURÍ,0.0,0.0,1.0,0.0,0.0,0.0,1.0
2015,68,68,68720,SANTA HELENA DEL OPÓN,0.0,1.0,0.0,0.0,0.0,0.0,1.0
2015,68,68,68745,SIMACOTA,0.0,5.0,2.0,0.0,0.0,0.0,1.0
2015,68,68,68755,SOCORRO,0.0,46.0,1354.0,277.0,0.0,0.0,4.0
2015,68,68,68770,SUAITA,0.0,0.0,1.0,0.0,0.0,0.0,1.0
2015,68,68,68780,SURATÁ,58.0,0.0,0.0,0.0,0.0,0.0,1.0
2015,68,68,68855,VALLE DE SAN JOSÉ,0.0,2.0,1.0,0.0,0.0,0.0,1.0
2015,68,68,68861,VÉLEZ,0.0,1909.0,377.0,8.0,0.0,0.0,4.0
2015,68,68,68872,VILLANUEVA,0.0,17.0,7.0,0.0,0.0,0.0,3.0
2015,70,70,70001,SINCELEJO,2027.0,1927.0,14436.0,251.0,33.0,0.0,13.0
2015,70,70,70124,CAIMITO,0.0,0.0,2.0,0.0,0.0,0.0,1.0
2015,70,70,70204,COLOSÓ,0.0,0.0,2.0,0.0,0.0,0.0,1.0
2015,70,70,70215,COROZAL,169.0,101.0,1038.0,25.0,5.0,0.0,3.0
2015,70,70,70221,COVEÑAS,0.0,80.0,51.0,0.0,0.0,0.0,3.0
2015,70,70,70235,GALERAS,0.0,0.0,3.0,1.0,0.0,0.0,1.0
2015,70,70,70265,GUARANDA,0.0,0.0,1.0,0.0,0.0,0.0,1.0
2015,70,70,70400,LA UNIÓN,0.0,0.0,39.0,0.0,0.0,0.0,2.0
2015,70,70,70418,LOS PALMITOS,0.0,1.0,10.0,0.0,0.0,0.0,1.0
2015,70,70,70473,MORROA,0.0,0.0,6.0,0.0,0.0,0.0,1.0
2015,70,70,70508,OVEJAS,0.0,1.0,5.0,0.0,0.0,0.0,1.0
2015,70,70,70523,PALMITO,0.0,0.0,4.0,0.0,0.0,0.0,1.0
2015,70,70,70670,SAMPUÉS,0.0,0.0,11.0,1.0,0.0,0.0,1.0
2015,70,70,70678,SAN BENITO ABAD,0.0,0.0,1.0,0.0,0.0,0.0,1.0
2015,70,70,70702,SAN JUAN DE BETULIA,0.0,0.0,6.0,0.0,0.0,0.0,1.0
2015,70,70,70708,SAN MARCOS,0.0,1.0,212.0,0.0,0.0,0.0,3.0
2015,70,70,70713,SAN ONOFRE,0.0,1.0,49.0,0.0,0.0,0.0,2.0
2015,70,70,70717,SAN PEDRO,0.0,0.0,6.0,1.0,0.0,0.0,1.0
2015,70,70,70742,SAN LUIS DE SINCÉ,0.0,0.0,106.0,0.0,0.0,0.0,2.0
2015,70,70,70820,SANTIAGO DE TOLÚ,0.0,25.0,7.0,0.0,0.0,0.0,2.0
2015,70,70,70823,SAN JOSÉ DE TOLUVIEJO,0.0,0.0,3.0,0.0,0.0,0.0,1.0
2015,73,73,73001,IBAGUÉ,1888.0,11739.0,25744.0,747.0,235.0,6.0,22.0
2015,73,73,73055,ARMERO,0.0,36.0,1.0,0.0,0.0,0.0,2.0
2015,73,73,73124,CAJAMARCA,0.0,34.0,1.0,0.0,0.0,0.0,2.0
2015,73,73,73148,CARMEN DE APICALÁ,67.0,2.0,2.0,0.0,0.0,0.0,1.0
2015,73,73,73168,CHAPARRAL,177.0,39.0,258.0,8.0,0.0,0.0,5.0
2015,73,73,73217,COYAIMA,0.0,0.0,15.0,0.0,0.0,0.0,1.0
2015,73,73,73236,DOLORES,0.0,0.0,7.0,0.0,0.0,0.0,1.0
2015,73,73,73268,ESPINAL,1268.0,2641.0,1588.0,15.0,0.0,0.0,9.0
2015,73,73,73275,FLANDES,132.0,40.0,77.0,0.0,0.0,0.0,2.0
2015,73,73,73283,FRESNO,7.0,23.0,48.0,0.0,0.0,0.0,5.0
2015,73,73,73319,GUAMO,68.0,0.0,0.0,0.0,0.0,0.0,1.0
2015,73,73,73349,HONDA,0.0,220.0,207.0,0.0,0.0,0.0,3.0
2015,73,73,73352,ICONONZO,80.0,8.0,35.0,0.0,0.0,0.0,2.0
2015,73,73,73411,LÍBANO,68.0,25.0,168.0,3.0,0.0,0.0,4.0
2015,73,73,73443,SAN SEBASTIÁN DE MARIQUITA,111.0,89.0,326.0,6.0,1.0,0.0,4.0
2015,73,73,73449,MELGAR,0.0,122.0,110.0,0.0,0.0,0.0,3.0
2015,73,73,73483,NATAGAIMA,0.0,0.0,1.0,0.0,0.0,0.0,1.0
2015,73,73,73585,PURIFICACIÓN,0.0,48.0,28.0,0.0,0.0,0.0,2.0
2015,73,73,73616,RIOBLANCO,0.0,0.0,44.0,0.0,0.0,0.0,1.0
2015,73,73,73675,SAN ANTONIO,0.0,0.0,14.0,0.0,0.0,0.0,1.0
2015,73,73,73686,SANTA ISABEL,0.0,0.0,11.0,0.0,0.0,0.0,1.0
2015,73,73,73861,VENADILLO,63.0,1.0,0.0,0.0,0.0,0.0,2.0
2015,76,76,76001,CALI,6033.0,33470.0,77703.0,3722.0,4238.0,426.0,53.0
2015,76,76,76020,ALCALÁ,0.0,0.0,6.0,0.0,0.0,0.0,1.0
2015,76,76,76036,ANDALUCÍA,0.0,1.0,6.0,0.0,0.0,0.0,1.0
2015,76,76,76041,ANSERMANUEVO,0.0,0.0,3.0,0.0,0.0,0.0,1.0
2015,76,76,76054,ARGELIA,0.0,0.0,1.0,0.0,0.0,0.0,1.0
2015,76,76,76100,BOLÍVAR,0.0,1.0,0.0,0.0,0.0,0.0,1.0
2015,76,76,76109,BUENAVENTURA,877.0,1822.0,3726.0,0.0,0.0,0.0,8.0
2015,76,76,76111,GUADALAJARA DE BUGA,180.0,4800.0,2325.0,8.0,0.0,0.0,7.0
2015,76,76,76113,BUGALAGRANDE,0.0,5.0,5.0,0.0,0.0,0.0,1.0
2015,76,76,76122,CAICEDONIA,0.0,107.0,368.0,10.0,0.0,0.0,2.0
2015,76,76,76126,CALIMA,0.0,0.0,4.0,3.0,0.0,0.0,1.0
2015,76,76,76130,CANDELARIA,0.0,1.0,357.0,0.0,0.0,0.0,2.0
2015,76,76,76147,CARTAGO,21.0,2520.0,1206.0,15.0,0.0,0.0,8.0
2015,76,76,76233,DAGUA,0.0,0.0,1.0,0.0,0.0,0.0,1.0
2015,76,76,76248,EL CERRITO,0.0,21.0,8.0,0.0,0.0,0.0,2.0
2015,76,76,76250,EL DOVIO,43.0,21.0,2.0,0.0,0.0,0.0,3.0
2015,76,76,76275,FLORIDA,0.0,105.0,0.0,0.0,0.0,0.0,1.0
2015,76,76,76306,GINEBRA,0.0,0.0,1.0,0.0,0.0,0.0,1.0
2015,76,76,76318,GUACARÍ,0.0,0.0,13.0,0.0,0.0,0.0,1.0
2015,76,76,76364,JAMUNDÍ,0.0,180.0,72.0,0.0,0.0,0.0,2.0
2015,76,76,76400,LA UNIÓN,0.0,1.0,8.0,0.0,0.0,0.0,1.0
2015,76,76,76403,LA VICTORIA,0.0,0.0,2.0,0.0,0.0,0.0,1.0
2015,76,76,76497,OBANDO,0.0,0.0,2.0,0.0,0.0,0.0,1.0
2015,76,76,76520,PALMIRA,76.0,3101.0,11043.0,157.0,289.0,98.0,10.0
2015,76,76,76563,PRADERA,0.0,0.0,1.0,0.0,0.0,0.0,1.0
2015,76,76,76606,RESTREPO,0.0,1.0,17.0,1.0,0.0,0.0,1.0
2015,76,76,76616,RIOFRÍO,0.0,0.0,3.0,0.0,0.0,0.0,1.0
2015,76,76,76622,ROLDANILLO,729.0,185.0,273.0,0.0,0.0,0.0,3.0
2015,76,76,76670,SAN PEDRO,0.0,34.0,3.0,0.0,0.0,0.0,2.0
2015,76,76,76736,SEVILLA,0.0,22.0,48.0,0.0,0.0,0.0,2.0
2015,76,76,76823,TORO,0.0,1.0,2.0,0.0,0.0,0.0,1.0
2015,76,76,76828,TRUJILLO,0.0,1.0,2.0,0.0,0.0,0.0,1.0
2015,76,76,76834,TULUÁ,290.0,4893.0,5085.0,143.0,76.0,0.0,8.0
2015,76,76,76863,VERSALLES,0.0,1.0,4.0,0.0,0.0,0.0,1.0
2015,76,76,76869,VIJES,0.0,0.0,2.0,0.0,0.0,0.0,1.0
2015,76,76,76890,YOTOCO,0.0,0.0,2.0,0.0,0.0,0.0,1.0
2015,76,76,76892,YUMBO,0.0,728.0,6.0,0.0,0.0,0.0,4.0
2015,76,76,76895,ZARZAL,0.0,166.0,838.0,0.0,0.0,0.0,3.0
2015,8,8,8001,BARRANQUILLA,7586.0,32020.0,81833.0,2673.0,2076.0,114.0,33.0
2015,8,8,8078,BARANOA,0.0,0.0,11.0,0.0,0.0,0.0,1.0
2015,8,8,8137,CAMPO DE LA CRUZ,0.0,1.0,2.0,0.0,0.0,0.0,1.0
2015,8,8,8296,GALAPA,132.0,0.0,0.0,0.0,0.0,0.0,2.0
2015,8,8,8421,LURUACO,0.0,0.0,4.0,0.0,0.0,0.0,1.0
2015,8,8,8433,MALAMBO,0.0,44.0,0.0,0.0,0.0,0.0,1.0
2015,8,8,8436,MANATÍ,0.0,0.0,3.0,0.0,0.0,0.0,1.0
2015,8,8,8560,PONEDERA,0.0,0.0,1.0,0.0,0.0,0.0,1.0
2015,8,8,8573,PUERTO COLOMBIA,0.0,121.0,326.0,6.0,0.0,0.0,1.0
2015,8,8,8606,REPELÓN,0.0,0.0,4.0,0.0,0.0,0.0,1.0
2015,8,8,8634,SABANAGRANDE,55.0,0.0,1.0,0.0,0.0,0.0,2.0
2015,8,8,8638,SABANALARGA,0.0,961.0,139.0,0.0,0.0,0.0,3.0
2015,8,8,8685,SANTO TOMÁS,0.0,0.0,1.0,0.0,0.0,0.0,1.0
2015,8,8,8758,SOLEDAD,1616.0,522.0,173.0,0.0,0.0,0.0,3.0
2015,8,8,8770,SUAN,28.0,0.0,0.0,0.0,0.0,0.0,1.0
2015,81,81,81001,ARAUCA,1.0,802.0,1773.0,19.0,0.0,0.0,7.0
2015,81,81,81065,ARAUQUITA,0.0,6.0,14.0,0.0,0.0,0.0,1.0
2015,81,81,81220,CRAVO NORTE,0.0,1.0,2.0,0.0,0.0,0.0,1.0
2015,81,81,81300,FORTUL,0.0,4.0,4.0,0.0,0.0,0.0,1.0
2015,81,81,81591,PUERTO RONDÓN,0.0,1.0,0.0,0.0,0.0,0.0,1.0
2015,81,81,81736,SARAVENA,0.0,70.0,76.0,0.0,0.0,0.0,3.0
2015,81,81,81794,TAME,0.0,14.0,83.0,0.0,0.0,0.0,2.0
2015,85,85,85001,YOPAL,161.0,1742.0,6710.0,241.0,54.0,0.0,13.0
2015,85,85,85010,AGUAZUL,10.0,16.0,144.0,0.0,0.0,0.0,1.0
2015,85,85,85015,CHÁMEZA,0.0,1.0,3.0,0.0,0.0,0.0,1.0
2015,85,85,85125,HATO COROZAL,4.0,4.0,6.0,0.0,0.0,0.0,1.0
2015,85,85,85139,MANÍ,4.0,1.0,4.0,0.0,0.0,0.0,1.0
2015,85,85,85162,MONTERREY,11.0,3.0,20.0,0.0,0.0,0.0,2.0
2015,85,85,85225,NUNCHÍA,0.0,0.0,2.0,0.0,0.0,0.0,1.0
2015,85,85,85250,PAZ DE ARIPORO,69.0,37.0,116.0,0.0,0.0,0.0,2.0
2015,85,85,85263,PORE,6.0,3.0,10.0,0.0,0.0,0.0,1.0
2015,85,85,85300,SABANALARGA,1.0,0.0,2.0,0.0,0.0,0.0,1.0
2015,85,85,85315,SÁCAMA,1.0,0.0,0.0,0.0,0.0,0.0,1.0
2015,85,85,85325,SAN LUIS DE PALENQUE,2.0,1.0,2.0,0.0,0.0,0.0,1.0
2015,85,85,85410,TAURAMENA,66.0,0.0,77.0,0.0,0.0,0.0,1.0
2015,85,85,85430,TRINIDAD,6.0,18.0,34.0,0.0,0.0,0.0,1.0
2015,85,85,85440,VILLANUEVA,11.0,42.0,102.0,0.0,0.0,0.0,1.0
2015,86,86,86001,MOCOA,2.0,1202.0,585.0,46.0,0.0,0.0,6.0
2015,86,86,86320,ORITO,0.0,159.0,0.0,0.0,0.0,0.0,2.0
2015,86,86,86568,PUERTO ASÍS,115.0,2079.0,159.0,0.0,0.0,0.0,5.0
2015,86,86,86569,PUERTO CAICEDO,0.0,22.0,0.0,0.0,0.0,0.0,1.0
2015,86,86,86571,PUERTO GUZMÁN,74.0,35.0,0.0,0.0,0.0,0.0,2.0
2015,86,86,86573,PUERTO LEGUÍZAMO,0.0,109.0,1.0,0.0,0.0,0.0,2.0
2015,86,86,86749,SIBUNDOY,28.0,218.0,214.0,0.0,0.0,0.0,4.0
2015,86,86,86755,SAN FRANCISCO,0.0,102.0,51.0,0.0,0.0,0.0,2.0
2015,86,86,86757,SAN MIGUEL,0.0,67.0,0.0,0.0,0.0,0.0,1.0
2015,86,86,86760,SANTIAGO,0.0,10.0,0.0,0.0,0.0,0.0,1.0
2015,86,86,86865,VALLE DEL GUAMUEZ,0.0,145.0,217.0,4.0,3.0,0.0,3.0
2015,86,86,86885,VILLAGARZÓN,0.0,88.0,2.0,0.0,0.0,0.0,2.0
2015,88,88,88001,SAN ANDRÉS,410.0,1234.0,39.0,0.0,16.0,12.0,5.0
2015,91,91,91001,LETICIA,40.0,272.0,237.0,17.0,28.0,8.0,9.0
2015,94,94,94001,INÍRIDA,41.0,343.0,168.0,8.0,2.0,0.0,4.0
2015,95,95,95001,SAN JOSÉ DEL GUAVIARE,0.0,1732.0,444.0,12.0,0.0,0.0,6.0
2015,95,95,95025,EL RETORNO,0.0,0.0,1.0,0.0,0.0,0.0,1.0
2015,97,97,97001,MITÚ,0.0,192.0,1.0,35.0,0.0,0.0,3.0
2015,99,99,99001,PUERTO CARREÑO,12.0,579.0,114.0,29.0,0.0,0.0,4.0
2016,11,11,11001,BOGOTÁ D.C.,33441.0,170898.0,507209.0,43745.0,25120.0,2374.0,126.0
2016,13,13,13001,CARTAGENA DE INDIAS,3074.0,32330.0,41508.0,1899.0,869.0,73.0,37.0
2016,13,13,13052,ARJONA,0.0,0.0,2.0,0.0,0.0,0.0,1.0
2016,13,13,13212,CÓRDOBA,0.0,0.0,0.0,0.0,1.0,0.0,1.0
2016,13,13,13244,EL CARMEN DE BOLÍVAR,0.0,0.0,56.0,2.0,0.0,0.0,2.0
2016,13,13,13430,MAGANGUÉ,0.0,28.0,213.0,0.0,0.0,0.0,3.0
2016,13,13,13442,MARÍA LA BAJA,0.0,1.0,27.0,0.0,0.0,0.0,2.0
2016,13,13,13468,SANTA CRUZ DE MOMPOX,0.0,84.0,0.0,1.0,0.0,0.0,2.0
2016,13,13,13600,RÍO VIEJO,1.0,0.0,0.0,0.0,0.0,0.0,1.0
2016,13,13,13657,SAN JUAN NEPOMUCENO,0.0,0.0,1.0,0.0,0.0,0.0,1.0
2016,13,13,13688,SANTA ROSA DEL SUR,0.0,0.0,28.0,0.0,0.0,0.0,1.0
2016,13,13,13744,SIMITÍ,0.0,0.0,1.0,0.0,0.0,0.0,1.0
2016,13,13,13836,TURBACO,0.0,0.0,1.0,0.0,0.0,0.0,1.0
2016,15,15,15001,TUNJA,699.0,5446.0,27717.0,5901.0,1218.0,96.0,14.0
2016,15,15,15047,AQUITANIA,0.0,0.0,1.0,1.0,0.0,0.0,1.0
2016,15,15,15097,BOAVITA,0.0,13.0,74.0,0.0,1.0,0.0,1.0
2016,15,15,15104,BOYACÁ,0.0,0.0,0.0,1.0,0.0,0.0,1.0
2016,15,15,15176,CHIQUINQUIRÁ,69.0,154.0,3245.0,23.0,65.0,0.0,8.0
2016,15,15,15180,CHISCAS,0.0,2.0,17.0,0.0,0.0,0.0,1.0
2016,15,15,15204,CÓMBITA,0.0,0.0,0.0,1.0,0.0,0.0,1.0
2016,15,15,15212,COPER,0.0,0.0,0.0,0.0,1.0,0.0,1.0
2016,15,15,15223,CUBARÁ,0.0,18.0,124.0,7.0,0.0,0.0,1.0
2016,15,15,15238,DUITAMA,152.0,1653.0,5363.0,198.0,41.0,0.0,9.0
2016,15,15,15272,FIRAVITOBA,0.0,0.0,1.0,0.0,0.0,0.0,1.0
2016,15,15,15299,GARAGOA,18.0,36.0,300.0,9.0,2.0,0.0,2.0
2016,15,15,15322,GUATEQUE,1.0,33.0,47.0,0.0,0.0,0.0,1.0
2016,15,15,15332,GÜICÁN DE LA SIERRA,0.0,0.0,17.0,0.0,0.0,0.0,1.0
2016,15,15,15407,VILLA DE LEYVA,18.0,14.0,0.0,0.0,0.0,0.0,1.0
2016,15,15,15455,MIRAFLORES,69.0,8.0,32.0,1.0,0.0,0.0,3.0
2016,15,15,15469,MONIQUIRÁ,5.0,7.0,229.0,0.0,0.0,0.0,4.0
2016,15,15,15480,MUZO,0.0,0.0,1.0,0.0,0.0,0.0,1.0
2016,15,15,15572,PUERTO BOYACÁ,0.0,396.0,59.0,0.0,0.0,0.0,3.0
2016,15,15,15580,QUÍPAMA,1.0,0.0,0.0,0.0,0.0,0.0,1.0
2016,15,15,15621,RONDÓN,13.0,0.0,0.0,0.0,0.0,0.0,1.0
2016,15,15,15646,SAMACÁ,0.0,3.0,4.0,0.0,0.0,0.0,1.0
2016,15,15,15673,SAN MATEO,0.0,0.0,0.0,1.0,0.0,0.0,1.0
2016,15,15,15676,SAN MIGUEL DE SEMA,0.0,0.0,0.0,1.0,0.0,0.0,1.0
2016,15,15,15690,SANTA MARÍA,1.0,0.0,0.0,0.0,0.0,0.0,1.0
2016,15,15,15693,SANTA ROSA DE VITERBO,196.0,0.0,0.0,0.0,0.0,0.0,1.0
2016,15,15,15753,SOATÁ,0.0,5.0,247.0,3.0,0.0,0.0,3.0
2016,15,15,15757,SOCHA,0.0,9.0,101.0,2.0,0.0,0.0,2.0
2016,15,15,15759,SOGAMOSO,145.0,5670.0,6383.0,473.0,71.0,0.0,7.0
2016,15,15,15778,SUTATENZA,0.0,0.0,57.0,0.0,0.0,0.0,1.0
2016,15,15,15798,TENZA,0.0,0.0,18.0,0.0,0.0,0.0,1.0
2016,15,15,15808,TINJACÁ,0.0,0.0,0.0,1.0,0.0,0.0,1.0
2016,15,15,15820,TÓPAGA,0.0,0.0,0.0,0.0,1.0,0.0,1.0
2016,15,15,15822,TOTA,0.0,0.0,0.0,1.0,0.0,0.0,1.0
2016,15,15,15837,TUTA,0.0,0.0,1.0,0.0,0.0,0.0,1.0
2016,17,17,17001,MANIZALES,2635.0,9688.0,29476.0,1516.0,3245.0,377.0,17.0
2016,17,17,17013,AGUADAS,25.0,0.0,0.0,0.0,0.0,0.0,1.0
2016,17,17,17042,ANSERMA,0.0,0.0,19.0,0.0,0.0,0.0,1.0
2016,17,17,17174,CHINCHINÁ,0.0,18.0,0.0,0.0,0.0,0.0,1.0
2016,17,17,17272,FILADELFIA,0.0,0.0,18.0,0.0,0.0,0.0,1.0
2016,17,17,17380,LA DORADA,0.0,1322.0,716.0,16.0,4.0,0.0,6.0
2016,17,17,17433,MANZANARES,27.0,0.0,0.0,0.0,0.0,0.0,1.0
2016,17,17,17444,MARQUETALIA,30.0,0.0,0.0,0.0,0.0,0.0,1.0
2016,17,17,17513,PÁCORA,0.0,0.0,52.0,0.0,0.0,0.0,1.0
2016,17,17,17541,PENSILVANIA,196.0,34.0,0.0,0.0,0.0,0.0,1.0
2016,17,17,17614,RIOSUCIO,0.0,0.0,27.0,0.0,0.0,0.0,1.0
2016,17,17,17616,RISARALDA,0.0,1.0,0.0,0.0,0.0,0.0,1.0
2016,17,17,17662,SAMANÁ,41.0,0.0,0.0,0.0,0.0,0.0,1.0
2016,17,17,17867,VICTORIA,0.0,0.0,0.0,0.0,1.0,0.0,1.0
2016,17,17,17873,VILLAMARÍA,0.0,0.0,1.0,0.0,0.0,0.0,1.0
2016,18,18,18001,FLORENCIA,40.0,1571.0,9327.0,340.0,314.0,9.0,8.0
2016,18,18,18029,ALBANIA,5.0,24.0,5.0,0.0,0.0,0.0,1.0
2016,18,18,18150,CARTAGENA DEL CHAIRÁ,3.0,12.0,1.0,0.0,0.0,0.0,1.0
2016,18,18,18247,EL DONCELLO,4.0,14.0,66.0,0.0,0.0,0.0,3.0
2016,18,18,18256,EL PAUJÍL,0.0,0.0,40.0,0.0,0.0,0.0,1.0
2016,18,18,18610,SAN JOSÉ DEL FRAGUA,1.0,0.0,0.0,0.0,0.0,0.0,1.0
2016,18,18,18753,SAN VICENTE DEL CAGUÁN,6.0,41.0,164.0,5.0,0.0,0.0,4.0
2016,19,19,19001,POPAYÁN,0.0,12290.0,27401.0,1004.0,832.0,120.0,18.0
2016,19,19,19290,FLORENCIA,0.0,13.0,0.0,0.0,0.0,0.0,1.0
2016,19,19,19300,GUACHENÉ,0.0,26.0,85.0,0.0,0.0,0.0,1.0
2016,19,19,19318,GUAPI,0.0,0.0,0.0,0.0,54.0,0.0,1.0
2016,19,19,19450,MERCADERES,0.0,0.0,6.0,1.0,0.0,0.0,2.0
2016,19,19,19455,MIRANDA,45.0,150.0,241.0,0.0,0.0,0.0,3.0
2016,19,19,19513,PADILLA,0.0,0.0,1.0,0.0,0.0,0.0,1.0
2016,19,19,19532,PATÍA,0.0,24.0,232.0,1.0,7.0,0.0,2.0
2016,19,19,19533,PIAMONTE,4.0,16.0,4.0,0.0,0.0,0.0,1.0
2016,19,19,19573,PUERTO TEJADA,78.0,134.0,0.0,0.0,0.0,0.0,1.0
2016,19,19,19698,SANTANDER DE QUILICHAO,166.0,816.0,3441.0,15.0,107.0,0.0,7.0
2016,19,19,19821,TORIBÍO,0.0,0.0,76.0,0.0,0.0,0.0,1.0
2016,20,20,20001,VALLEDUPAR,31.0,7116.0,23022.0,208.0,47.0,0.0,19.0
2016,20,20,20011,AGUACHICA,7.0,1325.0,1034.0,1.0,0.0,0.0,4.0
2016,20,20,20013,AGUSTÍN CODAZZI,9.0,0.0,0.0,1.0,0.0,0.0,2.0
2016,20,20,20060,BOSCONIA,5.0,24.0,22.0,0.0,0.0,0.0,1.0
2016,20,20,20175,CHIMICHAGUA,0.0,0.0,0.0,1.0,0.0,0.0,1.0
2016,20,20,20228,CURUMANÍ,0.0,49.0,328.0,3.0,1.0,0.0,1.0
2016,20,20,20517,PAILITAS,0.0,0.0,9.0,0.0,0.0,0.0,1.0
2016,20,20,20550,PELAYA,1.0,1.0,0.0,1.0,0.0,0.0,1.0
2016,20,20,20710,SAN ALBERTO,1.0,4.0,0.0,0.0,0.0,0.0,1.0
2016,20,20,20770,SAN MARTÍN,7.0,11.0,0.0,0.0,0.0,0.0,1.0
2016,23,23,23001,MONTERÍA,837.0,4420.0,26553.0,573.0,164.0,0.0,17.0
2016,23,23,23068,AYAPEL,0.0,0.0,1.0,0.0,0.0,0.0,1.0
2016,23,23,23189,CIÉNAGA DE ORO,0.0,0.0,1470.0,1.0,0.0,0.0,2.0
2016,23,23,23350,LA APARTADA,21.0,0.0,0.0,0.0,0.0,0.0,1.0
2016,23,23,23417,LORICA,1.0,22.0,1357.0,1.0,0.0,0.0,7.0
2016,23,23,23464,MOMIL,0.0,0.0,1.0,0.0,0.0,0.0,1.0
2016,23,23,23466,MONTELÍBANO,0.0,0.0,392.0,0.0,17.0,0.0,5.0
2016,23,23,23500,MOÑITOS,0.0,0.0,50.0,0.0,0.0,0.0,2.0
2016,23,23,23555,PLANETA RICA,1.0,0.0,424.0,0.0,0.0,0.0,2.0
2016,23,23,23574,PUERTO ESCONDIDO,0.0,0.0,16.0,0.0,0.0,0.0,1.0
2016,23,23,23586,PURÍSIMA DE LA CONCEPCIÓN,0.0,0.0,1.0,0.0,0.0,0.0,1.0
2016,23,23,23660,SAHAGÚN,38.0,154.0,1621.0,30.0,22.0,0.0,5.0
2016,23,23,23672,SAN ANTERO,0.0,0.0,1.0,0.0,0.0,0.0,1.0
2016,23,23,23675,SAN BERNARDO DEL VIENTO,45.0,19.0,33.0,0.0,0.0,0.0,3.0
2016,23,23,23807,TIERRALTA,41.0,76.0,180.0,0.0,0.0,0.0,3.0
2016,23,23,23815,TUCHÍN,65.0,76.0,0.0,0.0,0.0,0.0,1.0
2016,23,23,23855,VALENCIA,1.0,0.0,74.0,0.0,0.0,0.0,3.0
2016,25,25,25040,ANOLAIMA,1.0,0.0,0.0,1.0,0.0,0.0,1.0
2016,25,25,25053,ARBELÁEZ,0.0,82.0,670.0,17.0,13.0,0.0,1.0
2016,25,25,25099,BOJACÁ,0.0,0.0,1.0,0.0,0.0,0.0,1.0
2016,25,25,25126,CAJICÁ,1.0,249.0,5452.0,262.0,0.0,25.0,3.0
2016,25,25,25151,CÁQUEZA,0.0,0.0,49.0,1.0,0.0,0.0,2.0
2016,25,25,25175,CHÍA,20.0,6463.0,10130.0,1502.0,1717.0,27.0,7.0
2016,25,25,25178,CHIPAQUE,0.0,0.0,23.0,0.0,0.0,0.0,1.0
2016,25,25,25181,CHOACHÍ,2.0,0.0,1.0,0.0,0.0,0.0,1.0
2016,25,25,25183,CHOCONTÁ,0.0,0.0,10.0,0.0,0.0,0.0,1.0
2016,25,25,25200,COGUA,0.0,0.0,52.0,0.0,0.0,0.0,1.0
2016,25,25,25214,COTA,1.0,0.0,0.0,0.0,0.0,0.0,1.0
2016,25,25,25245,EL COLEGIO,41.0,42.0,19.0,0.0,0.0,0.0,1.0
2016,25,25,25269,FACATATIVÁ,279.0,198.0,5737.0,158.0,3.0,0.0,11.0
2016,25,25,25286,FUNZA,3.0,0.0,5.0,3.0,1.0,0.0,2.0
2016,25,25,25290,FUSAGASUGÁ,669.0,2548.0,4685.0,116.0,0.0,0.0,10.0
2016,25,25,25297,GACHETÁ,0.0,102.0,567.0,9.0,1.0,0.0,2.0
2016,25,25,25307,GIRARDOT,59.0,3686.0,5059.0,60.0,9.0,0.0,7.0
2016,25,25,25312,GRANADA,0.0,0.0,2.0,0.0,0.0,0.0,1.0
2016,25,25,25320,GUADUAS,0.0,0.0,2.0,4.0,0.0,0.0,1.0
2016,25,25,25339,GUTIÉRREZ,1.0,0.0,0.0,0.0,0.0,0.0,1.0
2016,25,25,25377,LA CALERA,0.0,0.0,0.0,1.0,0.0,0.0,1.0
2016,25,25,25386,LA MESA,2.0,0.0,2.0,1.0,1.0,0.0,2.0
2016,25,25,25394,LA PALMA,1.0,0.0,35.0,0.0,0.0,0.0,2.0
2016,25,25,25398,LA PEÑA,0.0,0.0,0.0,1.0,0.0,0.0,1.0
2016,25,25,25402,LA VEGA,0.0,0.0,0.0,0.0,1.0,0.0,1.0
2016,25,25,25426,MACHETÁ,2.0,0.0,0.0,0.0,0.0,0.0,1.0
2016,25,25,25430,MADRID,27.0,427.0,1.0,0.0,0.0,0.0,3.0
2016,25,25,25473,MOSQUERA,2.0,5303.0,0.0,0.0,0.0,0.0,2.0
2016,25,25,25488,NILO,0.0,5312.0,0.0,0.0,0.0,0.0,1.0
2016,25,25,25491,NOCAIMA,0.0,0.0,13.0,0.0,0.0,0.0,1.0
2016,25,25,25513,PACHO,0.0,0.0,1.0,0.0,0.0,0.0,1.0
2016,25,25,25535,PASCA,0.0,0.0,0.0,1.0,0.0,0.0,1.0
2016,25,25,25572,PUERTO SALGAR,0.0,0.0,0.0,3.0,0.0,0.0,1.0
2016,25,25,25594,QUETAME,0.0,0.0,82.0,0.0,0.0,0.0,1.0
2016,25,25,25612,RICAURTE,12.0,0.0,0.0,0.0,0.0,0.0,1.0
2016,25,25,25645,SAN ANTONIO DEL TEQUENDAMA,1.0,0.0,0.0,0.0,0.0,0.0,1.0
2016,25,25,25658,SAN FRANCISCO,1.0,0.0,0.0,0.0,0.0,0.0,1.0
2016,25,25,25662,SAN JUAN DE RIOSECO,1.0,0.0,14.0,0.0,0.0,0.0,2.0
2016,25,25,25740,SIBATÉ,0.0,0.0,828.0,0.0,0.0,0.0,1.0
2016,25,25,25745,SIMIJACA,0.0,0.0,12.0,0.0,0.0,0.0,1.0
2016,25,25,25754,SOACHA,4.0,6456.0,2280.0,20.0,0.0,0.0,5.0
2016,25,25,25758,SOPÓ,0.0,1.0,1.0,0.0,0.0,0.0,1.0
2016,25,25,25769,SUBACHOQUE,1.0,0.0,0.0,0.0,0.0,0.0,1.0
2016,25,25,25772,SUESCA,0.0,0.0,0.0,1.0,0.0,0.0,1.0
2016,25,25,25777,SUPATÁ,1.0,0.0,0.0,0.0,0.0,0.0,1.0
2016,25,25,25785,TABIO,0.0,0.0,0.0,1.0,0.0,0.0,1.0
2016,25,25,25793,TAUSA,0.0,0.0,68.0,0.0,0.0,0.0,1.0
2016,25,25,25797,TENA,0.0,0.0,1.0,0.0,0.0,0.0,1.0
2016,25,25,25799,TENJO,1.0,0.0,0.0,1.0,0.0,0.0,2.0
2016,25,25,25815,TOCAIMA,144.0,0.0,1.0,0.0,0.0,0.0,2.0
2016,25,25,25817,TOCANCIPÁ,3.0,0.0,0.0,1.0,0.0,0.0,1.0
2016,25,25,25823,TOPAIPÍ,1.0,0.0,0.0,0.0,0.0,0.0,1.0
2016,25,25,25843,VILLA DE SAN DIEGO DE UBATÉ,0.0,0.0,822.0,0.0,0.0,0.0,1.0
2016,25,25,25851,ÚTICA,0.0,0.0,1.0,0.0,0.0,0.0,1.0
2016,25,25,25873,VILLAPINZÓN,0.0,1.0,0.0,0.0,0.0,0.0,1.0
2016,25,25,25875,VILLETA,1.0,2337.0,0.0,0.0,0.0,0.0,2.0
2016,25,25,25878,VIOTÁ,0.0,1.0,0.0,0.0,0.0,0.0,1.0
2016,25,25,25899,ZIPAQUIRÁ,1.0,297.0,2421.0,51.0,13.0,0.0,5.0
2016,27,27,27001,QUIBDÓ,136.0,703.0,11031.0,174.0,319.0,0.0,14.0
2016,27,27,27077,BAJO BAUDÓ,0.0,0.0,0.0,1.0,0.0,0.0,1.0
2016,27,27,27361,ISTMINA,0.0,0.0,228.0,3.0,0.0,0.0,2.0
2016,27,27,27413,LLORÓ,0.0,0.0,0.0,1.0,0.0,0.0,1.0
2016,41,41,41001,NEIVA,402.0,4903.0,20785.0,787.0,414.0,9.0,19.0
2016,41,41,41006,ACEVEDO,0.0,0.0,38.0,0.0,0.0,0.0,1.0
2016,41,41,41013,AGRADO,0.0,0.0,1.0,0.0,0.0,0.0,1.0
2016,41,41,41020,ALGECIRAS,0.0,0.0,62.0,0.0,0.0,0.0,1.0
2016,41,41,41026,ALTAMIRA,0.0,0.0,4.0,0.0,0.0,0.0,1.0
2016,41,41,41132,CAMPOALEGRE,0.0,1220.0,24.0,0.0,0.0,0.0,2.0
2016,41,41,41298,GARZÓN,0.0,1815.0,479.0,17.0,0.0,0.0,4.0
2016,41,41,41306,GIGANTE,5.0,21.0,7.0,0.0,0.0,0.0,2.0
2016,41,41,41319,GUADALUPE,1.0,9.0,7.0,0.0,0.0,0.0,2.0
2016,41,41,41359,ISNOS,0.0,0.0,1.0,0.0,0.0,0.0,1.0
2016,41,41,41396,LA PLATA,0.0,1496.0,874.0,12.0,4.0,0.0,5.0
2016,41,41,41518,PAICOL,0.0,0.0,1.0,0.0,0.0,0.0,1.0
2016,41,41,41551,PITALITO,0.0,2696.0,2795.0,79.0,22.0,0.0,11.0
2016,41,41,41615,RIVERA,357.0,149.0,0.0,0.0,0.0,0.0,2.0
2016,41,41,41668,SAN AGUSTÍN,12.0,20.0,0.0,0.0,0.0,0.0,1.0
2016,41,41,41791,TARQUI,0.0,0.0,1.0,0.0,0.0,0.0,1.0
2016,41,41,41872,VILLAVIEJA,0.0,0.0,0.0,1.0,0.0,0.0,1.0
2016,44,44,44001,RIOHACHA,145.0,2142.0,9079.0,167.0,154.0,0.0,10.0
2016,44,44,44035,ALBANIA,1.0,0.0,28.0,0.0,0.0,0.0,2.0
2016,44,44,44098,DISTRACCIÓN,0.0,0.0,10.0,0.0,0.0,0.0,1.0
2016,44,44,44279,FONSECA,0.0,3290.0,1022.0,0.0,0.0,0.0,2.0
2016,44,44,44430,MAICAO,0.0,108.0,2448.0,1.0,0.0,0.0,3.0
2016,44,44,44560,MANAURE,0.0,0.0,399.0,0.0,0.0,0.0,1.0
2016,44,44,44650,SAN JUAN DEL CESAR,330.0,29.0,0.0,1.0,0.0,0.0,2.0
2016,44,44,44874,VILLANUEVA,0.0,43.0,790.0,0.0,0.0,0.0,1.0
2016,47,47,47001,SANTA MARTA,2259.0,7801.0,26145.0,799.0,237.0,31.0,14.0
2016,47,47,47189,CIÉNAGA,731.0,183.0,2.0,0.0,0.0,0.0,4.0
2016,47,47,47245,EL BANCO,26.0,49.0,140.0,6.0,1.0,0.0,2.0
2016,47,47,47288,FUNDACIÓN,19.0,11.0,14.0,0.0,0.0,0.0,2.0
2016,47,47,47318,GUAMAL,0.0,0.0,0.0,1.0,0.0,0.0,1.0
2016,47,47,47551,PIVIJAY,0.0,0.0,0.0,1.0,0.0,0.0,1.0
2016,47,47,47555,PLATO,30.0,73.0,115.0,2.0,0.0,0.0,2.0
2016,47,47,47660,SABANAS DE SAN ÁNGEL,0.0,0.0,0.0,1.0,0.0,0.0,1.0
2016,47,47,47707,SANTA ANA,303.0,70.0,55.0,0.0,0.0,0.0,1.0
2016,5,5,5001,MEDELLÍN,2199.0,74567.0,156561.0,8694.0,6459.0,1496.0,48.0
2016,5,5,5031,AMALFI,0.0,38.0,171.0,0.0,0.0,0.0,1.0
2016,5,5,5034,ANDES,29.0,186.0,486.0,0.0,12.0,0.0,2.0
2016,5,5,5042,SANTA FÉ DE ANTIOQUIA,0.0,1140.0,191.0,0.0,0.0,0.0,4.0
2016,5,5,5045,APARTADÓ,71.0,7996.0,1782.0,47.0,31.0,0.0,11.0
2016,5,5,5059,ARMENIA,1.0,11.0,89.0,0.0,0.0,0.0,3.0
2016,5,5,5088,BELLO,51.0,875.0,4879.0,0.0,0.0,0.0,4.0
2016,5,5,5125,CAICEDO,0.0,1.0,0.0,0.0,0.0,0.0,1.0
2016,5,5,5129,CALDAS,0.0,2177.0,1647.0,21.0,18.0,0.0,2.0
2016,5,5,5147,CAREPA,0.0,0.0,210.0,0.0,0.0,0.0,2.0
2016,5,5,5148,EL CARMEN DE VIBORAL,15.0,196.0,1966.0,12.0,21.0,0.0,1.0
2016,5,5,5154,CAUCASIA,29.0,2805.0,886.0,50.0,10.0,0.0,5.0
2016,5,5,5172,CHIGORODÓ,11.0,16.0,9.0,0.0,0.0,0.0,1.0
2016,5,5,5190,CISNEROS,0.0,415.0,0.0,0.0,0.0,0.0,1.0
2016,5,5,5212,COPACABANA,0.0,0.0,300.0,0.0,0.0,0.0,1.0
2016,5,5,5237,DONMATÍAS,0.0,37.0,0.0,0.0,0.0,0.0,1.0
2016,5,5,5250,EL BAGRE,10.0,0.0,0.0,0.0,0.0,0.0,1.0
2016,5,5,5266,ENVIGADO,434.0,139.0,4475.0,89.0,38.0,0.0,6.0
2016,5,5,5284,FRONTINO,6.0,14.0,1.0,0.0,0.0,0.0,1.0
2016,5,5,5306,GIRALDO,0.0,0.0,1.0,0.0,0.0,0.0,1.0
2016,5,5,5360,ITAGÜÍ,29.0,9605.0,940.0,0.0,0.0,0.0,5.0
2016,5,5,5368,JERICÓ,0.0,0.0,76.0,0.0,0.0,0.0,1.0
2016,5,5,5380,LA ESTRELLA,658.0,0.0,1.0,0.0,0.0,0.0,2.0
2016,5,5,5390,LA PINTADA,0.0,147.0,142.0,0.0,0.0,0.0,2.0
2016,5,5,5480,MUTATÁ,0.0,0.0,1.0,0.0,0.0,0.0,1.0
2016,5,5,5490,NECOCLÍ,17.0,47.0,11.0,0.0,0.0,0.0,1.0
2016,5,5,5579,PUERTO BERRÍO,0.0,1975.0,105.0,1.0,7.0,0.0,3.0
2016,5,5,5591,PUERTO TRIUNFO,0.0,37.0,0.0,0.0,0.0,0.0,1.0
2016,5,5,5607,RETIRO,0.0,0.0,0.0,1.0,0.0,0.0,1.0
2016,5,5,5615,RIONEGRO,13.0,7217.0,5819.0,187.0,276.0,0.0,9.0
2016,5,5,5631,SABANETA,0.0,2.0,6652.0,440.0,76.0,0.0,4.0
2016,5,5,5659,SAN JUAN DE URABÁ,0.0,10.0,46.0,0.0,0.0,0.0,1.0
2016,5,5,5664,SAN PEDRO DE LOS MILAGROS,0.0,24.0,0.0,0.0,0.0,0.0,1.0
2016,5,5,5667,SAN RAFAEL,2.0,0.0,0.0,0.0,0.0,0.0,1.0
2016,5,5,5686,SANTA ROSA DE OSOS,1.0,622.0,3469.0,57.0,0.0,0.0,5.0
2016,5,5,5736,SEGOVIA,0.0,27.0,63.0,0.0,0.0,0.0,1.0
2016,5,5,5756,SONSÓN,0.0,50.0,239.0,0.0,0.0,0.0,2.0
2016,5,5,5837,TURBO,16.0,239.0,1265.0,20.0,17.0,0.0,5.0
2016,5,5,5890,YOLOMBÓ,0.0,97.0,83.0,0.0,0.0,0.0,1.0
2016,50,50,50001,VILLAVICENCIO,1101.0,5046.0,23271.0,842.0,156.0,0.0,24.0
2016,50,50,50006,ACACÍAS,0.0,148.0,1993.0,102.0,12.0,0.0,2.0
2016,50,50,50150,CASTILLA LA NUEVA,3.0,22.0,7.0,0.0,0.0,0.0,1.0
2016,50,50,50226,CUMARAL,0.0,16.0,206.0,3.0,2.0,0.0,2.0
2016,50,50,50313,GRANADA,15.0,704.0,55.0,0.0,0.0,0.0,4.0
2016,50,50,50350,LA MACARENA,1.0,0.0,0.0,0.0,0.0,0.0,1.0
2016,50,50,50683,SAN JUAN DE ARAMA,3.0,11.0,2.0,0.0,0.0,0.0,1.0
2016,50,50,50689,SAN MARTÍN,0.0,0.0,43.0,0.0,1.0,0.0,2.0
2016,52,52,52001,PASTO,437.0,4350.0,30451.0,1101.0,956.0,33.0,24.0
2016,52,52,52019,ALBÁN,0.0,1.0,42.0,0.0,0.0,0.0,2.0
2016,52,52,52110,BUESACO,9.0,4.0,0.0,0.0,0.0,0.0,1.0
2016,52,52,52250,EL CHARCO,0.0,0.0,1.0,0.0,0.0,0.0,1.0
2016,52,52,52320,GUAITARILLA,1.0,0.0,0.0,0.0,0.0,0.0,1.0
2016,52,52,52356,IPIALES,525.0,1170.0,821.0,0.0,0.0,0.0,7.0
2016,52,52,52399,LA UNIÓN,33.0,19.0,0.0,0.0,0.0,0.0,1.0
2016,52,52,52678,SAMANIEGO,0.0,0.0,34.0,0.0,0.0,0.0,1.0
2016,52,52,52786,TAMINANGO,1.0,0.0,37.0,0.0,0.0,0.0,2.0
2016,52,52,52835,SAN ANDRÉS DE TUMACO,0.0,816.0,890.0,32.0,2.0,0.0,5.0
2016,52,52,52838,TÚQUERRES,4.0,24.0,110.0,0.0,0.0,0.0,4.0
2016,54,54,54001,SAN JOSÉ DE CÚCUTA,175.0,12324.0,28878.0,1151.0,706.0,0.0,24.0
2016,54,54,54051,ARBOLEDAS,0.0,0.0,19.0,0.0,0.0,0.0,1.0
2016,54,54,54128,CÁCHIRA,1.0,30.0,6.0,0.0,0.0,0.0,2.0
2016,54,54,54172,CHINÁCOTA,0.0,22.0,0.0,0.0,0.0,0.0,1.0
2016,54,54,54223,CUCUTILLA,0.0,0.0,0.0,1.0,0.0,0.0,1.0
2016,54,54,54239,DURANIA,0.0,32.0,14.0,0.0,0.0,0.0,1.0
2016,54,54,54313,GRAMALOTE,0.0,0.0,16.0,0.0,0.0,0.0,1.0
2016,54,54,54498,OCAÑA,141.0,602.0,6993.0,157.0,5.0,0.0,8.0
2016,54,54,54518,PAMPLONA,78.0,550.0,12832.0,110.0,300.0,0.0,3.0
2016,54,54,54599,RAGONVALIA,0.0,0.0,0.0,1.0,0.0,0.0,1.0
2016,54,54,54660,SALAZAR,0.0,44.0,6.0,0.0,0.0,0.0,1.0
2016,54,54,54673,SAN CAYETANO,0.0,9.0,10.0,0.0,0.0,0.0,1.0
2016,54,54,54680,SANTIAGO,0.0,2.0,23.0,0.0,0.0,0.0,1.0
2016,54,54,54720,SARDINATA,0.0,0.0,2.0,0.0,0.0,0.0,1.0
2016,54,54,54810,TIBÚ,0.0,47.0,10.0,0.0,0.0,0.0,1.0
2016,54,54,54874,VILLA DEL ROSARIO,610.0,53.0,5014.0,3.0,0.0,0.0,2.0
2016,63,63,63001,ARMENIA,1070.0,9568.0,18443.0,423.0,121.0,0.0,20.0
2016,63,63,63111,BUENAVISTA,21.0,0.0,0.0,0.0,0.0,0.0,1.0
2016,63,63,63130,CALARCÁ,1.0,32.0,1.0,0.0,0.0,0.0,2.0
2016,63,63,63190,CIRCASIA,0.0,0.0,198.0,0.0,0.0,0.0,1.0
2016,63,63,63272,FILANDIA,0.0,1.0,0.0,0.0,0.0,0.0,1.0
2016,63,63,63302,GÉNOVA,0.0,0.0,10.0,0.0,0.0,0.0,1.0
2016,63,63,63470,MONTENEGRO,0.0,0.0,0.0,0.0,1.0,0.0,1.0
2016,63,63,63594,QUIMBAYA,0.0,0.0,234.0,0.0,0.0,0.0,2.0
2016,66,66,66001,PEREIRA,1152.0,9520.0,32228.0,1944.0,1707.0,93.0,21.0
2016,66,66,66170,DOSQUEBRADAS,0.0,2903.0,0.0,0.0,20.0,0.0,2.0
2016,66,66,66400,LA VIRGINIA,61.0,0.0,0.0,0.0,0.0,0.0,2.0
2016,66,66,66456,MISTRATÓ,0.0,61.0,60.0,0.0,0.0,0.0,1.0
2016,66,66,66594,QUINCHÍA,0.0,19.0,15.0,0.0,0.0,0.0,2.0
2016,66,66,66682,SANTA ROSA DE CABAL,12.0,283.0,1021.0,6.0,0.0,0.0,2.0
2016,66,66,66687,SANTUARIO,0.0,32.0,0.0,0.0,0.0,0.0,1.0
2016,68,68,68001,BUCARAMANGA,2616.0,25785.0,56605.0,4203.0,8191.0,131.0,29.0
2016,68,68,68020,ALBANIA,0.0,0.0,1.0,0.0,0.0,0.0,1.0
2016,68,68,68077,BARBOSA,1.0,1.0,63.0,0.0,0.0,0.0,2.0
2016,68,68,68081,BARRANCABERMEJA,45.0,4659.0,6244.0,243.0,136.0,0.0,16.0
2016,68,68,68190,CIMITARRA,0.0,0.0,0.0,1.0,0.0,0.0,1.0
2016,68,68,68207,CONCEPCIÓN,0.0,0.0,0.0,1.0,0.0,0.0,1.0
2016,68,68,68255,EL PLAYÓN,0.0,127.0,0.0,0.0,0.0,0.0,1.0
2016,68,68,68276,FLORIDABLANCA,2.0,1910.0,0.0,0.0,0.0,0.0,3.0
2016,68,68,68307,GIRÓN,1.0,2945.0,0.0,0.0,0.0,0.0,3.0
2016,68,68,68377,LA BELLEZA,0.0,0.0,0.0,1.0,0.0,0.0,1.0
2016,68,68,68425,MACARAVITA,0.0,0.0,0.0,1.0,0.0,0.0,1.0
2016,68,68,68432,MÁLAGA,1.0,1254.0,629.0,32.0,1.0,0.0,5.0
2016,68,68,68468,MOLAGAVITA,0.0,0.0,0.0,0.0,1.0,0.0,1.0
2016,68,68,68500,OIBA,0.0,0.0,54.0,23.0,0.0,0.0,1.0
2016,68,68,68547,PIEDECUESTA,0.0,1667.0,0.0,1.0,0.0,0.0,2.0
2016,68,68,68575,PUERTO WILCHES,0.0,0.0,0.0,1.0,0.0,0.0,1.0
2016,68,68,68615,RIONEGRO,1.0,0.0,0.0,0.0,0.0,0.0,1.0
2016,68,68,68679,SAN GIL,2.0,3851.0,2635.0,41.0,1.0,0.0,9.0
2016,68,68,68682,SAN JOAQUÍN,2.0,0.0,0.0,0.0,0.0,0.0,1.0
2016,68,68,68689,SAN VICENTE DE CHUCURÍ,0.0,1.0,0.0,0.0,0.0,0.0,1.0
2016,68,68,68745,SIMACOTA,0.0,0.0,0.0,1.0,0.0,0.0,1.0
2016,68,68,68755,SOCORRO,2.0,22.0,1385.0,209.0,60.0,0.0,4.0
2016,68,68,68780,SURATÁ,15.0,0.0,0.0,0.0,0.0,0.0,1.0
2016,68,68,68861,VÉLEZ,350.0,1865.0,388.0,5.0,1.0,0.0,4.0
2016,70,70,70001,SINCELEJO,1295.0,2772.0,16316.0,384.0,88.0,0.0,16.0
2016,70,70,70124,CAIMITO,1.0,0.0,0.0,0.0,0.0,0.0,1.0
2016,70,70,70204,COLOSÓ,0.0,0.0,1.0,0.0,0.0,0.0,1.0
2016,70,70,70215,COROZAL,348.0,74.0,942.0,35.0,17.0,0.0,2.0
2016,70,70,70221,COVEÑAS,0.0,175.0,0.0,0.0,0.0,0.0,1.0
2016,70,70,70400,LA UNIÓN,1.0,0.0,57.0,0.0,0.0,0.0,2.0
2016,70,70,70508,OVEJAS,0.0,0.0,0.0,1.0,0.0,0.0,1.0
2016,70,70,70708,SAN MARCOS,0.0,1.0,140.0,0.0,0.0,0.0,2.0
2016,70,70,70713,SAN ONOFRE,99.0,55.0,62.0,0.0,0.0,0.0,2.0
2016,70,70,70717,SAN PEDRO,1.0,0.0,0.0,0.0,0.0,0.0,1.0
2016,70,70,70820,SANTIAGO DE TOLÚ,0.0,22.0,0.0,0.0,0.0,0.0,1.0
2016,73,73,73001,IBAGUÉ,1202.0,13349.0,25650.0,999.0,472.0,15.0,25.0
2016,73,73,73043,ANZOÁTEGUI,40.0,0.0,0.0,0.0,0.0,0.0,1.0
2016,73,73,73124,CAJAMARCA,0.0,0.0,13.0,0.0,0.0,0.0,1.0
2016,73,73,73148,CARMEN DE APICALÁ,14.0,23.0,12.0,0.0,0.0,0.0,2.0
2016,73,73,73168,CHAPARRAL,169.0,83.0,323.0,0.0,0.0,0.0,4.0
2016,73,73,73217,COYAIMA,1.0,0.0,0.0,0.0,0.0,0.0,1.0
2016,73,73,73268,ESPINAL,1447.0,2680.0,1475.0,0.0,0.0,0.0,8.0
2016,73,73,73275,FLANDES,204.0,25.0,99.0,0.0,0.0,0.0,2.0
2016,73,73,73283,FRESNO,0.0,0.0,60.0,0.0,0.0,0.0,2.0
2016,73,73,73319,GUAMO,55.0,0.0,0.0,0.0,0.0,0.0,2.0
2016,73,73,73349,HONDA,1.0,217.0,144.0,0.0,0.0,0.0,4.0
2016,73,73,73352,ICONONZO,39.0,6.0,57.0,0.0,0.0,0.0,2.0
2016,73,73,73408,LÉRIDA,0.0,0.0,0.0,1.0,0.0,0.0,1.0
2016,73,73,73411,LÍBANO,12.0,38.0,171.0,6.0,0.0,0.0,5.0
2016,73,73,73443,SAN SEBASTIÁN DE MARIQUITA,26.0,92.0,367.0,2.0,2.0,0.0,4.0
2016,73,73,73449,MELGAR,0.0,7.0,87.0,22.0,0.0,0.0,4.0
2016,73,73,73483,NATAGAIMA,0.0,0.0,0.0,1.0,0.0,0.0,1.0
2016,73,73,73555,PLANADAS,0.0,21.0,0.0,0.0,0.0,0.0,1.0
2016,73,73,73585,PURIFICACIÓN,0.0,0.0,208.0,0.0,0.0,0.0,2.0
2016,73,73,73616,RIOBLANCO,0.0,0.0,21.0,0.0,0.0,0.0,2.0
2016,73,73,73671,SALDAÑA,0.0,0.0,0.0,1.0,0.0,0.0,1.0
2016,73,73,73675,SAN ANTONIO,0.0,0.0,16.0,0.0,0.0,0.0,1.0
2016,73,73,73678,SAN LUIS,0.0,1.0,0.0,0.0,0.0,0.0,1.0
2016,73,73,73686,SANTA ISABEL,0.0,0.0,4.0,0.0,0.0,0.0,2.0
2016,73,73,73861,VENADILLO,73.0,0.0,0.0,0.0,0.0,0.0,1.0
2016,73,73,73873,VILLARRICA,0.0,0.0,1.0,1.0,0.0,0.0,1.0
2016,76,76,76001,CALI,5680.0,33622.0,81859.0,4221.0,4609.0,473.0,57.0
2016,76,76,76109,BUENAVENTURA,300.0,2543.0,4223.0,2.0,0.0,0.0,9.0
2016,76,76,76111,GUADALAJARA DE BUGA,88.0,4769.0,2198.0,10.0,70.0,0.0,8.0
2016,76,76,76113,BUGALAGRANDE,0.0,15.0,131.0,13.0,0.0,0.0,2.0
2016,76,76,76122,CAICEDONIA,0.0,168.0,441.0,0.0,0.0,0.0,1.0
2016,76,76,76130,CANDELARIA,0.0,2.0,438.0,0.0,0.0,0.0,2.0
2016,76,76,76147,CARTAGO,56.0,2587.0,1252.0,0.0,0.0,0.0,9.0
2016,76,76,76233,DAGUA,11.0,1.0,40.0,0.0,0.0,0.0,2.0
2016,76,76,76248,EL CERRITO,0.0,1.0,1.0,0.0,0.0,0.0,2.0
2016,76,76,76250,EL DOVIO,8.0,16.0,17.0,0.0,0.0,0.0,1.0
2016,76,76,76275,FLORIDA,0.0,1.0,1.0,0.0,0.0,0.0,1.0
2016,76,76,76364,JAMUNDÍ,0.0,4.0,36.0,0.0,0.0,0.0,2.0
2016,76,76,76377,LA CUMBRE,0.0,0.0,0.0,1.0,0.0,0.0,1.0
2016,76,76,76520,PALMIRA,31.0,3579.0,11566.0,173.0,381.0,113.0,11.0
2016,76,76,76563,PRADERA,1.0,0.0,45.0,0.0,0.0,0.0,2.0
2016,76,76,76622,ROLDANILLO,942.0,236.0,363.0,0.0,0.0,0.0,2.0
2016,76,76,76736,SEVILLA,0.0,0.0,35.0,0.0,0.0,0.0,1.0
2016,76,76,76834,TULUÁ,402.0,4031.0,5398.0,144.0,91.0,0.0,8.0
2016,76,76,76892,YUMBO,0.0,525.0,5.0,0.0,0.0,0.0,2.0
2016,76,76,76895,ZARZAL,0.0,220.0,885.0,0.0,0.0,0.0,2.0
2016,8,8,8001,BARRANQUILLA,6415.0,33930.0,83932.0,3637.0,3201.0,196.0,37.0
2016,8,8,8078,BARANOA,0.0,0.0,0.0,1.0,0.0,0.0,1.0
2016,8,8,8296,GALAPA,49.0,0.0,0.0,0.0,0.0,0.0,2.0
2016,8,8,8573,PUERTO COLOMBIA,26.0,92.0,497.0,67.0,23.0,0.0,3.0
2016,8,8,8634,SABANAGRANDE,11.0,0.0,0.0,0.0,0.0,0.0,1.0
2016,8,8,8638,SABANALARGA,0.0,767.0,111.0,1.0,0.0,0.0,3.0
2016,8,8,8758,SOLEDAD,2009.0,482.0,172.0,0.0,0.0,0.0,3.0
2016,8,8,8770,SUAN,0.0,0.0,2.0,0.0,0.0,0.0,1.0
2016,81,81,81001,ARAUCA,1.0,891.0,1688.0,51.0,0.0,0.0,8.0
2016,81,81,81736,SARAVENA,0.0,65.0,90.0,0.0,0.0,0.0,2.0
2016,81,81,81794,TAME,3.0,15.0,69.0,0.0,0.0,0.0,2.0
2016,85,85,85001,YOPAL,536.0,1714.0,6719.0,257.0,65.0,0.0,16.0
2016,85,85,85010,AGUAZUL,36.0,0.0,261.0,0.0,0.0,0.0,2.0
2016,85,85,85162,MONTERREY,6.0,10.0,6.0,0.0,0.0,0.0,1.0
2016,85,85,85250,PAZ DE ARIPORO,129.0,4.0,144.0,0.0,0.0,0.0,1.0
2016,85,85,85410,TAURAMENA,67.0,0.0,87.0,0.0,0.0,0.0,2.0
2016,85,85,85430,TRINIDAD,15.0,10.0,48.0,0.0,0.0,0.0,1.0
2016,85,85,85440,VILLANUEVA,80.0,25.0,129.0,0.0,0.0,0.0,4.0
2016,86,86,86001,MOCOA,0.0,902.0,511.0,79.0,0.0,0.0,5.0
2016,86,86,86320,ORITO,0.0,0.0,30.0,0.0,0.0,0.0,1.0
2016,86,86,86568,PUERTO ASÍS,17.0,2886.0,175.0,0.0,0.0,0.0,4.0
2016,86,86,86569,PUERTO CAICEDO,0.0,0.0,0.0,0.0,53.0,0.0,1.0
2016,86,86,86571,PUERTO GUZMÁN,0.0,5.0,3.0,0.0,0.0,0.0,1.0
2016,86,86,86749,SIBUNDOY,2.0,153.0,215.0,0.0,0.0,0.0,3.0
2016,86,86,86755,SAN FRANCISCO,0.0,0.0,56.0,1.0,0.0,0.0,2.0
2016,86,86,86865,VALLE DEL GUAMUEZ,0.0,11.0,220.0,5.0,39.0,0.0,3.0
2016,88,88,88001,SAN ANDRÉS,22.0,1190.0,79.0,0.0,35.0,12.0,7.0
2016,91,91,91001,LETICIA,119.0,447.0,344.0,67.0,24.0,10.0,9.0
2016,94,94,94001,INÍRIDA,8.0,365.0,200.0,25.0,11.0,0.0,6.0
2016,95,95,95001,SAN JOSÉ DEL GUAVIARE,0.0,1525.0,535.0,49.0,3.0,0.0,7.0
2016,97,97,97001,MITÚ,2.0,160.0,48.0,8.0,0.0,0.0,4.0
2016,99,99,99001,PUERTO CARREÑO,14.0,711.0,173.0,10.0,0.0,0.0,4.0
2017,11,11,11001,BOGOTÁ D.C.,31459.0,179321.0,519284.0,42123.0,25916.0,2286.0,124.0
2017,13,13,13001,CARTAGENA DE INDIAS,2091.0,31311.0,39451.0,1951.0,1261.0,99.0,39.0
2017,13,13,13006,ACHÍ,0.0,0.0,6.0,0.0,0.0,0.0,1.0
2017,13,13,13042,ARENAL,0.0,5.0,0.0,0.0,0.0,0.0,1.0
2017,13,13,13052,ARJONA,1.0,0.0,0.0,0.0,0.0,0.0,1.0
2017,13,13,13244,EL CARMEN DE BOLÍVAR,8.0,0.0,176.0,0.0,0.0,0.0,2.0
2017,13,13,13430,MAGANGUÉ,51.0,13.0,532.0,0.0,0.0,0.0,3.0
2017,13,13,13442,MARÍA LA BAJA,1.0,0.0,107.0,0.0,0.0,0.0,2.0
2017,13,13,13468,SANTA CRUZ DE MOMPOX,0.0,62.0,287.0,0.0,0.0,0.0,2.0
2017,13,13,13473,MORALES,0.0,0.0,1.0,0.0,0.0,0.0,1.0
2017,13,13,13549,PINILLOS,0.0,1.0,0.0,0.0,0.0,0.0,1.0
2017,13,13,13580,REGIDOR,0.0,0.0,0.0,9.0,0.0,0.0,1.0
2017,13,13,13647,SAN ESTANISLAO,0.0,0.0,6.0,0.0,0.0,0.0,1.0
2017,13,13,13657,SAN JUAN NEPOMUCENO,0.0,0.0,301.0,2.0,0.0,0.0,2.0
2017,13,13,13667,SAN MARTÍN DE LOBA,1.0,0.0,0.0,0.0,0.0,0.0,1.0
2017,13,13,13673,SANTA CATALINA,3.0,0.0,0.0,0.0,0.0,0.0,1.0
2017,13,13,13688,SANTA ROSA DEL SUR,0.0,0.0,21.0,0.0,0.0,0.0,1.0
2017,13,13,13836,TURBACO,1.0,0.0,56.0,0.0,0.0,0.0,2.0
2017,13,13,13873,VILLANUEVA,14.0,14.0,128.0,0.0,0.0,0.0,1.0
2017,15,15,15001,TUNJA,1713.0,6581.0,30713.0,5320.0,1204.0,131.0,14.0
2017,15,15,15022,ALMEIDA,0.0,1.0,0.0,0.0,0.0,0.0,1.0
2017,15,15,15097,BOAVITA,0.0,15.0,56.0,2.0,3.0,0.0,1.0
2017,15,15,15104,BOYACÁ,0.0,3.0,0.0,0.0,0.0,0.0,1.0
2017,15,15,15176,CHIQUINQUIRÁ,1.0,64.0,2458.0,35.0,62.0,0.0,7.0
2017,15,15,15223,CUBARÁ,0.0,20.0,154.0,8.0,2.0,0.0,1.0
2017,15,15,15238,DUITAMA,1.0,1407.0,5186.0,218.0,60.0,0.0,10.0
2017,15,15,15299,GARAGOA,1.0,35.0,234.0,11.0,1.0,0.0,2.0
2017,15,15,15322,GUATEQUE,0.0,13.0,71.0,0.0,0.0,0.0,1.0
2017,15,15,15455,MIRAFLORES,0.0,0.0,46.0,0.0,0.0,0.0,1.0
2017,15,15,15469,MONIQUIRÁ,0.0,0.0,280.0,0.0,0.0,0.0,3.0
2017,15,15,15572,PUERTO BOYACÁ,1.0,547.0,48.0,0.0,0.0,0.0,3.0
2017,15,15,15580,QUÍPAMA,0.0,1.0,0.0,0.0,0.0,0.0,1.0
2017,15,15,15690,SANTA MARÍA,1.0,0.0,0.0,0.0,0.0,0.0,1.0
2017,15,15,15693,SANTA ROSA DE VITERBO,297.0,0.0,0.0,0.0,0.0,0.0,1.0
2017,15,15,15753,SOATÁ,0.0,9.0,122.0,4.0,0.0,0.0,2.0
2017,15,15,15757,SOCHA,0.0,9.0,109.0,3.0,0.0,0.0,1.0
2017,15,15,15759,SOGAMOSO,5.0,5404.0,6153.0,426.0,112.0,0.0,7.0
2017,15,15,15778,SUTATENZA,0.0,0.0,38.0,0.0,0.0,0.0,1.0
2017,15,15,15798,TENZA,0.0,0.0,13.0,0.0,0.0,0.0,1.0
2017,15,15,15816,TOGÜÍ,1.0,0.0,0.0,0.0,0.0,0.0,1.0
2017,17,17,17001,MANIZALES,1798.0,9007.0,30320.0,1738.0,3491.0,438.0,15.0
2017,17,17,17013,AGUADAS,21.0,20.0,71.0,0.0,0.0,0.0,3.0
2017,17,17,17042,ANSERMA,0.0,221.0,86.0,0.0,0.0,0.0,2.0
2017,17,17,17088,BELALCÁZAR,0.0,0.0,28.0,0.0,0.0,0.0,1.0
2017,17,17,17174,CHINCHINÁ,0.0,18.0,0.0,0.0,0.0,0.0,1.0
2017,17,17,17272,FILADELFIA,0.0,0.0,25.0,0.0,0.0,0.0,1.0
2017,17,17,17380,LA DORADA,2.0,1289.0,791.0,20.0,6.0,0.0,6.0
2017,17,17,17433,MANZANARES,41.0,0.0,0.0,0.0,0.0,0.0,1.0
2017,17,17,17444,MARQUETALIA,20.0,0.0,0.0,0.0,0.0,0.0,1.0
2017,17,17,17513,PÁCORA,0.0,0.0,35.0,0.0,0.0,0.0,1.0
2017,17,17,17541,PENSILVANIA,267.0,21.0,24.0,0.0,0.0,0.0,2.0
2017,17,17,17614,RIOSUCIO,0.0,153.0,138.0,0.0,0.0,0.0,3.0
2017,17,17,17616,RISARALDA,4.0,0.0,0.0,0.0,0.0,0.0,1.0
2017,17,17,17662,SAMANÁ,32.0,0.0,32.0,0.0,0.0,0.0,2.0
2017,18,18,18001,FLORENCIA,48.0,1487.0,9651.0,342.0,381.0,10.0,7.0
2017,18,18,18094,BELÉN DE LOS ANDAQUÍES,0.0,0.0,1.0,0.0,0.0,0.0,1.0
2017,18,18,18150,CARTAGENA DEL CHAIRÁ,4.0,11.0,3.0,0.0,0.0,0.0,1.0
2017,18,18,18247,EL DONCELLO,4.0,8.0,44.0,0.0,0.0,0.0,2.0
2017,18,18,18256,EL PAUJÍL,0.0,0.0,15.0,0.0,0.0,0.0,1.0
2017,18,18,18592,PUERTO RICO,1.0,0.0,0.0,0.0,0.0,0.0,1.0
2017,18,18,18610,SAN JOSÉ DEL FRAGUA,1.0,0.0,0.0,0.0,0.0,0.0,1.0
2017,18,18,18753,SAN VICENTE DEL CAGUÁN,5.0,24.0,199.0,5.0,1.0,0.0,3.0
2017,19,19,19001,POPAYÁN,1.0,14091.0,28811.0,932.0,950.0,131.0,17.0
2017,19,19,19290,FLORENCIA,30.0,80.0,74.0,0.0,0.0,0.0,1.0
2017,19,19,19300,GUACHENÉ,0.0,33.0,0.0,0.0,0.0,0.0,1.0
2017,19,19,19318,GUAPI,0.0,0.0,1.0,0.0,41.0,0.0,2.0
2017,19,19,19450,MERCADERES,0.0,0.0,6.0,0.0,0.0,0.0,1.0
2017,19,19,19455,MIRANDA,0.0,72.0,222.0,0.0,0.0,0.0,3.0
2017,19,19,19532,PATÍA,0.0,20.0,283.0,4.0,6.0,0.0,3.0
2017,19,19,19533,PIAMONTE,2.0,9.0,20.0,0.0,0.0,0.0,1.0
2017,19,19,19573,PUERTO TEJADA,0.0,49.0,0.0,0.0,0.0,0.0,1.0
2017,19,19,19698,SANTANDER DE QUILICHAO,1.0,1165.0,3922.0,19.0,145.0,0.0,6.0
2017,19,19,19821,TORIBÍO,0.0,0.0,5.0,0.0,0.0,0.0,1.0
2017,20,20,20001,VALLEDUPAR,13.0,7821.0,23870.0,1861.0,93.0,0.0,16.0
2017,20,20,20011,AGUACHICA,3.0,1682.0,1456.0,0.0,0.0,0.0,3.0
2017,20,20,20060,BOSCONIA,5.0,17.0,19.0,0.0,0.0,0.0,1.0
2017,20,20,20228,CURUMANÍ,0.0,50.0,395.0,6.0,0.0,0.0,1.0
2017,20,20,20238,EL COPEY,0.0,0.0,0.0,1.0,0.0,0.0,1.0
2017,20,20,20517,PAILITAS,1.0,0.0,12.0,0.0,0.0,0.0,2.0
2017,23,23,23001,MONTERÍA,867.0,4077.0,27298.0,1079.0,479.0,1.0,17.0
2017,23,23,23068,AYAPEL,0.0,0.0,1.0,0.0,0.0,0.0,1.0
2017,23,23,23079,BUENAVISTA,1.0,0.0,2.0,0.0,0.0,0.0,2.0
2017,23,23,23090,CANALETE,3.0,0.0,1.0,0.0,0.0,0.0,2.0
2017,23,23,23162,CERETÉ,175.0,81.0,505.0,0.0,0.0,0.0,3.0
2017,23,23,23168,CHIMÁ,0.0,0.0,3.0,0.0,0.0,0.0,1.0
2017,23,23,23182,CHINÚ,4.0,0.0,2.0,0.0,0.0,0.0,2.0
2017,23,23,23189,CIÉNAGA DE ORO,1.0,0.0,1671.0,0.0,0.0,1.0,2.0
2017,23,23,23300,COTORRA,2.0,0.0,4.0,0.0,0.0,0.0,2.0
2017,23,23,23350,LA APARTADA,0.0,0.0,1.0,0.0,0.0,0.0,1.0
2017,23,23,23417,LORICA,5.0,8.0,1824.0,0.0,0.0,0.0,5.0
2017,23,23,23419,LOS CÓRDOBAS,2.0,0.0,0.0,0.0,0.0,0.0,1.0
2017,23,23,23464,MOMIL,2.0,0.0,1.0,0.0,0.0,0.0,2.0
2017,23,23,23466,MONTELÍBANO,0.0,0.0,320.0,0.0,1.0,0.0,3.0
2017,23,23,23500,MOÑITOS,0.0,0.0,67.0,0.0,0.0,0.0,1.0
2017,23,23,23555,PLANETA RICA,3.0,0.0,372.0,0.0,0.0,0.0,3.0
2017,23,23,23570,PUEBLO NUEVO,1.0,0.0,6.0,0.0,0.0,0.0,2.0
2017,23,23,23574,PUERTO ESCONDIDO,0.0,0.0,40.0,0.0,0.0,0.0,1.0
2017,23,23,23580,PUERTO LIBERTADOR,0.0,0.0,1.0,0.0,0.0,0.0,1.0
2017,23,23,23586,PURÍSIMA DE LA CONCEPCIÓN,1.0,0.0,1.0,0.0,0.0,0.0,2.0
2017,23,23,23660,SAHAGÚN,5.0,132.0,1429.0,50.0,20.0,0.0,4.0
2017,23,23,23670,SAN ANDRÉS DE SOTAVENTO,0.0,0.0,2.0,2.0,0.0,0.0,2.0
2017,23,23,23672,SAN ANTERO,0.0,0.0,2.0,0.0,0.0,0.0,1.0
2017,23,23,23675,SAN BERNARDO DEL VIENTO,6.0,18.0,77.0,0.0,0.0,0.0,2.0
2017,23,23,23678,SAN CARLOS,1.0,0.0,4.0,0.0,0.0,0.0,2.0
2017,23,23,23686,SAN PELAYO,0.0,0.0,18.0,0.0,0.0,0.0,2.0
2017,23,23,23807,TIERRALTA,18.0,41.0,196.0,0.0,0.0,0.0,4.0
2017,23,23,23815,TUCHÍN,18.0,52.0,37.0,0.0,0.0,0.0,1.0
2017,23,23,23855,VALENCIA,0.0,0.0,30.0,0.0,0.0,0.0,2.0
2017,25,25,25035,ANAPOIMA,0.0,1.0,0.0,0.0,0.0,0.0,1.0
2017,25,25,25040,ANOLAIMA,0.0,1.0,0.0,0.0,0.0,0.0,1.0
2017,25,25,25053,ARBELÁEZ,1.0,9.0,96.0,13.0,5.0,0.0,2.0
2017,25,25,25126,CAJICÁ,7.0,261.0,6964.0,391.0,226.0,31.0,3.0
2017,25,25,25151,CÁQUEZA,1.0,0.0,37.0,0.0,0.0,0.0,3.0
2017,25,25,25154,CARMEN DE CARUPA,1.0,0.0,0.0,0.0,0.0,0.0,1.0
2017,25,25,25175,CHÍA,61.0,7313.0,10681.0,1310.0,1520.0,31.0,4.0
2017,25,25,25178,CHIPAQUE,0.0,0.0,22.0,0.0,0.0,0.0,1.0
2017,25,25,25183,CHOCONTÁ,1.0,0.0,10.0,0.0,0.0,0.0,2.0
2017,25,25,25214,COTA,1.0,0.0,0.0,0.0,0.0,0.0,1.0
2017,25,25,25245,EL COLEGIO,31.0,35.0,38.0,0.0,0.0,0.0,1.0
2017,25,25,25269,FACATATIVÁ,388.0,198.0,5866.0,211.0,6.0,0.0,11.0
2017,25,25,25286,FUNZA,6.0,15.0,44.0,0.0,0.0,0.0,4.0
2017,25,25,25290,FUSAGASUGÁ,528.0,2858.0,5287.0,107.0,152.0,0.0,9.0
2017,25,25,25295,GACHANCIPÁ,3.0,0.0,0.0,0.0,0.0,0.0,1.0
2017,25,25,25297,GACHETÁ,0.0,92.0,477.0,9.0,2.0,0.0,2.0
2017,25,25,25299,GAMA,0.0,4.0,0.0,0.0,0.0,0.0,1.0
2017,25,25,25307,GIRARDOT,68.0,3923.0,5095.0,137.0,15.0,0.0,9.0
2017,25,25,25386,LA MESA,2.0,0.0,0.0,0.0,0.0,0.0,1.0
2017,25,25,25402,LA VEGA,0.0,1.0,0.0,0.0,0.0,0.0,1.0
2017,25,25,25430,MADRID,37.0,483.0,0.0,0.0,0.0,0.0,3.0
2017,25,25,25473,MOSQUERA,12.0,6057.0,0.0,0.0,0.0,0.0,2.0
2017,25,25,25488,NILO,0.0,5155.0,0.0,0.0,0.0,0.0,1.0
2017,25,25,25491,NOCAIMA,0.0,0.0,12.0,0.0,0.0,0.0,1.0
2017,25,25,25513,PACHO,1.0,1.0,0.0,0.0,0.0,0.0,2.0
2017,25,25,25572,PUERTO SALGAR,1.0,0.0,0.0,0.0,0.0,0.0,1.0
2017,25,25,25612,RICAURTE,1.0,0.0,0.0,0.0,0.0,0.0,1.0
2017,25,25,25645,SAN ANTONIO DEL TEQUENDAMA,1.0,0.0,0.0,0.0,0.0,0.0,1.0
2017,25,25,25662,SAN JUAN DE RIOSECO,0.0,0.0,13.0,0.0,0.0,0.0,1.0
2017,25,25,25736,SESQUILÉ,2.0,0.0,0.0,0.0,0.0,0.0,1.0
2017,25,25,25740,SIBATÉ,1.0,0.0,682.0,0.0,0.0,0.0,2.0
2017,25,25,25745,SIMIJACA,0.0,0.0,11.0,0.0,0.0,0.0,1.0
2017,25,25,25754,SOACHA,55.0,6536.0,3015.0,14.0,0.0,0.0,5.0
2017,25,25,25772,SUESCA,3.0,0.0,0.0,0.0,0.0,0.0,1.0
2017,25,25,25785,TABIO,5.0,0.0,0.0,0.0,0.0,0.0,1.0
2017,25,25,25793,TAUSA,0.0,0.0,93.0,0.0,0.0,0.0,1.0
2017,25,25,25797,TENA,1.0,0.0,0.0,0.0,0.0,0.0,1.0
2017,25,25,25815,TOCAIMA,86.0,68.0,0.0,0.0,0.0,0.0,2.0
2017,25,25,25817,TOCANCIPÁ,8.0,0.0,0.0,0.0,0.0,0.0,1.0
2017,25,25,25843,VILLA DE SAN DIEGO DE UBATÉ,3.0,0.0,1010.0,35.0,0.0,0.0,2.0
2017,25,25,25875,VILLETA,0.0,2706.0,0.0,0.0,0.0,0.0,1.0
2017,25,25,25899,ZIPAQUIRÁ,1.0,284.0,2521.0,84.0,19.0,0.0,6.0
2017,27,27,27001,QUIBDÓ,0.0,943.0,11866.0,248.0,392.0,0.0,11.0
2017,27,27,27006,ACANDÍ,0.0,0.0,17.0,0.0,0.0,0.0,1.0
2017,27,27,27361,ISTMINA,0.0,0.0,173.0,0.0,0.0,0.0,1.0
2017,41,41,41001,NEIVA,237.0,5274.0,21060.0,712.0,593.0,23.0,21.0
2017,41,41,41006,ACEVEDO,0.0,0.0,37.0,0.0,0.0,0.0,1.0
2017,41,41,41016,AIPE,1.0,0.0,0.0,0.0,0.0,0.0,1.0
2017,41,41,41020,ALGECIRAS,4.0,3.0,52.0,0.0,0.0,0.0,3.0
2017,41,41,41026,ALTAMIRA,0.0,0.0,3.0,0.0,0.0,0.0,1.0
2017,41,41,41078,BARAYA,0.0,1.0,0.0,0.0,0.0,0.0,1.0
2017,41,41,41132,CAMPOALEGRE,1.0,1453.0,0.0,0.0,0.0,0.0,3.0
2017,41,41,41298,GARZÓN,0.0,1683.0,453.0,0.0,0.0,0.0,5.0
2017,41,41,41306,GIGANTE,1.0,31.0,25.0,0.0,0.0,0.0,2.0
2017,41,41,41319,GUADALUPE,1.0,5.0,11.0,0.0,0.0,0.0,1.0
2017,41,41,41359,ISNOS,0.0,2.0,0.0,0.0,0.0,0.0,1.0
2017,41,41,41396,LA PLATA,1.0,1498.0,1059.0,20.0,5.0,0.0,5.0
2017,41,41,41524,PALERMO,0.0,5.0,0.0,0.0,0.0,0.0,1.0
2017,41,41,41551,PITALITO,2.0,2932.0,3058.0,72.0,20.0,0.0,12.0
2017,41,41,41615,RIVERA,381.0,194.0,24.0,0.0,0.0,0.0,2.0
2017,41,41,41668,SAN AGUSTÍN,0.0,23.0,51.0,0.0,0.0,0.0,2.0
2017,41,41,41801,TERUEL,1.0,0.0,0.0,0.0,0.0,0.0,1.0
2017,44,44,44001,RIOHACHA,312.0,2017.0,9341.0,181.0,287.0,1.0,10.0
2017,44,44,44035,ALBANIA,0.0,0.0,46.0,0.0,0.0,0.0,1.0
2017,44,44,44279,FONSECA,0.0,3369.0,1167.0,0.0,0.0,0.0,2.0
2017,44,44,44430,MAICAO,3.0,164.0,2473.0,0.0,0.0,0.0,2.0
2017,44,44,44560,MANAURE,0.0,0.0,506.0,0.0,0.0,0.0,1.0
2017,44,44,44650,SAN JUAN DEL CESAR,217.0,35.0,0.0,0.0,0.0,0.0,1.0
2017,44,44,44847,URIBIA,0.0,0.0,51.0,0.0,0.0,0.0,1.0
2017,44,44,44874,VILLANUEVA,2.0,41.0,857.0,0.0,0.0,0.0,2.0
2017,47,47,47001,SANTA MARTA,1798.0,8456.0,26144.0,1044.0,286.0,32.0,13.0
2017,47,47,47053,ARACATACA,3.0,0.0,0.0,0.0,0.0,0.0,1.0
2017,47,47,47058,ARIGUANÍ,1.0,0.0,0.0,0.0,0.0,0.0,1.0
2017,47,47,47170,CHIVOLO,1.0,0.0,0.0,0.0,0.0,0.0,1.0
2017,47,47,47189,CIÉNAGA,667.0,365.0,1.0,0.0,0.0,0.0,3.0
2017,47,47,47245,EL BANCO,25.0,40.0,156.0,7.0,1.0,0.0,2.0
2017,47,47,47268,EL RETÉN,1.0,0.0,0.0,0.0,0.0,0.0,1.0
2017,47,47,47288,FUNDACIÓN,37.0,40.0,20.0,0.0,0.0,0.0,1.0
2017,47,47,47551,PIVIJAY,2.0,0.0,0.0,0.0,0.0,0.0,1.0
2017,47,47,47555,PLATO,15.0,41.0,143.0,10.0,2.0,0.0,3.0
2017,47,47,47570,PUEBLOVIEJO,2.0,0.0,0.0,0.0,0.0,0.0,1.0
2017,47,47,47707,SANTA ANA,2.0,0.0,0.0,0.0,0.0,0.0,1.0
2017,47,47,47980,ZONA BANANERA,3.0,0.0,0.0,0.0,0.0,0.0,1.0
2017,5,5,5001,MEDELLÍN,2053.0,74377.0,160968.0,8911.0,6790.0,1552.0,49.0
2017,5,5,5002,ABEJORRAL,0.0,140.0,1.0,0.0,0.0,0.0,2.0
2017,5,5,5031,AMALFI,0.0,13.0,184.0,0.0,0.0,0.0,1.0
2017,5,5,5034,ANDES,82.0,85.0,505.0,0.0,29.0,0.0,3.0
2017,5,5,5042,SANTA FÉ DE ANTIOQUIA,0.0,1491.0,120.0,0.0,0.0,0.0,3.0
2017,5,5,5045,APARTADÓ,46.0,8841.0,1722.0,91.0,52.0,0.0,14.0
2017,5,5,5059,ARMENIA,37.0,255.0,397.0,23.0,0.0,0.0,2.0
2017,5,5,5079,BARBOSA,0.0,6.0,6.0,0.0,0.0,0.0,1.0
2017,5,5,5088,BELLO,34.0,817.0,7566.0,39.0,0.0,0.0,2.0
2017,5,5,5129,CALDAS,0.0,2350.0,1688.0,22.0,21.0,0.0,2.0
2017,5,5,5147,CAREPA,0.0,19.0,190.0,32.0,0.0,0.0,1.0
2017,5,5,5148,EL CARMEN DE VIBORAL,62.0,177.0,1730.0,19.0,46.0,0.0,1.0
2017,5,5,5154,CAUCASIA,1.0,2706.0,617.0,0.0,7.0,0.0,3.0
2017,5,5,5172,CHIGORODÓ,4.0,7.0,18.0,0.0,0.0,0.0,1.0
2017,5,5,5190,CISNEROS,0.0,584.0,0.0,0.0,0.0,0.0,1.0
2017,5,5,5212,COPACABANA,0.0,0.0,399.0,0.0,0.0,0.0,1.0
2017,5,5,5237,DONMATÍAS,0.0,21.0,0.0,0.0,0.0,0.0,1.0
2017,5,5,5250,EL BAGRE,27.0,96.0,1.0,0.0,0.0,0.0,3.0
2017,5,5,5266,ENVIGADO,487.0,115.0,4389.0,183.0,22.0,0.0,4.0
2017,5,5,5284,FRONTINO,4.0,13.0,3.0,0.0,0.0,0.0,1.0
2017,5,5,5306,GIRALDO,0.0,1.0,0.0,0.0,0.0,0.0,1.0
2017,5,5,5318,GUARNE,0.0,27.0,0.0,0.0,0.0,0.0,1.0
2017,5,5,5360,ITAGÜÍ,52.0,10634.0,1300.0,0.0,32.0,0.0,6.0
2017,5,5,5364,JARDÍN,0.0,0.0,32.0,0.0,0.0,0.0,1.0
2017,5,5,5368,JERICÓ,0.0,0.0,105.0,0.0,0.0,0.0,2.0
2017,5,5,5390,LA PINTADA,0.0,89.0,126.0,0.0,0.0,0.0,3.0
2017,5,5,5490,NECOCLÍ,6.0,13.0,17.0,0.0,0.0,0.0,1.0
2017,5,5,5579,PUERTO BERRÍO,0.0,2254.0,105.0,0.0,6.0,0.0,3.0
2017,5,5,5591,PUERTO TRIUNFO,0.0,32.0,0.0,0.0,0.0,0.0,1.0
2017,5,5,5615,RIONEGRO,11.0,7312.0,5700.0,156.0,217.0,0.0,6.0
2017,5,5,5631,SABANETA,0.0,0.0,6321.0,420.0,58.0,0.0,4.0
2017,5,5,5649,SAN CARLOS,0.0,0.0,28.0,0.0,0.0,0.0,1.0
2017,5,5,5659,SAN JUAN DE URABÁ,0.0,4.0,1.0,0.0,0.0,0.0,2.0
2017,5,5,5664,SAN PEDRO DE LOS MILAGROS,0.0,35.0,0.0,0.0,0.0,0.0,1.0
2017,5,5,5679,SANTA BÁRBARA,0.0,0.0,1.0,0.0,0.0,0.0,1.0
2017,5,5,5686,SANTA ROSA DE OSOS,0.0,679.0,3089.0,20.0,0.0,0.0,4.0
2017,5,5,5736,SEGOVIA,0.0,45.0,38.0,0.0,0.0,0.0,1.0
2017,5,5,5756,SONSÓN,0.0,44.0,228.0,0.0,0.0,0.0,2.0
2017,5,5,5789,TÁMESIS,0.0,0.0,13.0,0.0,0.0,0.0,1.0
2017,5,5,5837,TURBO,13.0,166.0,1218.0,42.0,15.0,0.0,5.0
2017,5,5,5847,URRAO,1.0,26.0,4.0,0.0,0.0,0.0,2.0
2017,5,5,5887,YARUMAL,57.0,37.0,352.0,0.0,0.0,0.0,3.0
2017,5,5,5890,YOLOMBÓ,0.0,64.0,77.0,0.0,0.0,0.0,1.0
2017,50,50,50001,VILLAVICENCIO,660.0,4764.0,21140.0,538.0,280.0,0.0,22.0
2017,50,50,50006,ACACÍAS,1.0,177.0,2093.0,111.0,17.0,0.0,3.0
2017,50,50,50150,CASTILLA LA NUEVA,4.0,11.0,17.0,0.0,0.0,0.0,1.0
2017,50,50,50226,CUMARAL,0.0,29.0,245.0,6.0,1.0,0.0,2.0
2017,50,50,50251,EL CASTILLO,1.0,0.0,0.0,0.0,0.0,0.0,1.0
2017,50,50,50313,GRANADA,48.0,970.0,96.0,0.0,0.0,0.0,3.0
2017,50,50,50350,LA MACARENA,0.0,0.0,30.0,0.0,0.0,0.0,1.0
2017,50,50,50370,URIBE,2.0,0.0,0.0,0.0,0.0,0.0,1.0
2017,50,50,50568,PUERTO GAITÁN,2.0,0.0,0.0,0.0,0.0,0.0,1.0
2017,50,50,50573,PUERTO LÓPEZ,1.0,0.0,0.0,0.0,0.0,0.0,1.0
2017,50,50,50590,PUERTO RICO,0.0,0.0,29.0,0.0,0.0,0.0,1.0
2017,50,50,50680,SAN CARLOS DE GUAROA,4.0,0.0,0.0,0.0,0.0,0.0,1.0
2017,50,50,50683,SAN JUAN DE ARAMA,0.0,3.0,22.0,0.0,0.0,0.0,1.0
2017,50,50,50689,SAN MARTÍN,1.0,0.0,52.0,0.0,0.0,0.0,2.0
2017,50,50,50711,VISTAHERMOSA,1.0,0.0,0.0,0.0,0.0,0.0,1.0
2017,52,52,52001,PASTO,277.0,4134.0,31948.0,1272.0,990.0,35.0,23.0
2017,52,52,52019,ALBÁN,0.0,1.0,58.0,0.0,0.0,0.0,2.0
2017,52,52,52022,ALDANA,1.0,0.0,0.0,0.0,0.0,0.0,1.0
2017,52,52,52110,BUESACO,5.0,17.0,6.0,0.0,0.0,0.0,1.0
2017,52,52,52210,CONTADERO,1.0,0.0,0.0,0.0,0.0,0.0,1.0
2017,52,52,52224,CUASPUD CARLOSAMA,1.0,0.0,0.0,0.0,0.0,0.0,1.0
2017,52,52,52227,CUMBAL,3.0,0.0,0.0,0.0,0.0,0.0,1.0
2017,52,52,52240,CHACHAGÜÍ,3.0,0.0,0.0,0.0,0.0,0.0,1.0
2017,52,52,52356,IPIALES,156.0,1033.0,839.0,0.0,0.0,0.0,9.0
2017,52,52,52399,LA UNIÓN,38.0,48.0,9.0,0.0,0.0,0.0,1.0
2017,52,52,52411,LINARES,0.0,0.0,31.0,0.0,0.0,0.0,1.0
2017,52,52,52418,LOS ANDES,0.0,1.0,0.0,0.0,0.0,0.0,1.0
2017,52,52,52560,POTOSÍ,1.0,0.0,0.0,0.0,0.0,0.0,1.0
2017,52,52,52573,PUERRES,3.0,0.0,0.0,0.0,0.0,0.0,1.0
2017,52,52,52585,PUPIALES,1.0,0.0,0.0,0.0,0.0,0.0,1.0
2017,52,52,52612,RICAURTE,0.0,0.0,29.0,0.0,0.0,0.0,1.0
2017,52,52,52678,SAMANIEGO,0.0,0.0,35.0,0.0,0.0,0.0,1.0
2017,52,52,52693,SAN PABLO,1.0,5.0,4.0,0.0,0.0,0.0,1.0
2017,52,52,52694,SAN PEDRO DE CARTAGO,1.0,0.0,0.0,0.0,0.0,0.0,1.0
2017,52,52,52720,SAPUYES,2.0,0.0,0.0,0.0,0.0,0.0,1.0
2017,52,52,52786,TAMINANGO,0.0,0.0,40.0,0.0,0.0,0.0,1.0
2017,52,52,52788,TANGUA,7.0,0.0,0.0,0.0,0.0,0.0,1.0
2017,52,52,52835,SAN ANDRÉS DE TUMACO,0.0,845.0,1085.0,5.0,5.0,0.0,5.0
2017,52,52,52838,TÚQUERRES,15.0,16.0,208.0,0.0,0.0,0.0,4.0
2017,54,54,54001,SAN JOSÉ DE CÚCUTA,435.0,12074.0,28778.0,1324.0,864.0,0.0,24.0
2017,54,54,54051,ARBOLEDAS,0.0,0.0,38.0,0.0,0.0,0.0,1.0
2017,54,54,54128,CÁCHIRA,0.0,13.0,7.0,0.0,0.0,0.0,1.0
2017,54,54,54172,CHINÁCOTA,0.0,12.0,0.0,0.0,0.0,0.0,1.0
2017,54,54,54239,DURANIA,0.0,15.0,36.0,0.0,0.0,0.0,1.0
2017,54,54,54313,GRAMALOTE,0.0,1.0,29.0,0.0,0.0,0.0,2.0
2017,54,54,54405,LOS PATIOS,2.0,0.0,0.0,0.0,0.0,0.0,1.0
2017,54,54,54498,OCAÑA,77.0,516.0,6967.0,140.0,57.0,0.0,7.0
2017,54,54,54518,PAMPLONA,112.0,630.0,13728.0,126.0,327.0,0.0,3.0
2017,54,54,54660,SALAZAR,0.0,20.0,21.0,0.0,0.0,0.0,1.0
2017,54,54,54673,SAN CAYETANO,0.0,3.0,34.0,0.0,0.0,0.0,1.0
2017,54,54,54720,SARDINATA,0.0,0.0,2.0,0.0,0.0,0.0,1.0
2017,54,54,54800,TEORAMA,0.0,0.0,0.0,1.0,0.0,0.0,1.0
2017,54,54,54810,TIBÚ,0.0,26.0,2.0,0.0,0.0,0.0,1.0
2017,54,54,54874,VILLA DEL ROSARIO,587.0,52.0,5267.0,42.0,0.0,0.0,1.0
2017,63,63,63001,ARMENIA,972.0,10022.0,15375.0,221.0,199.0,9.0,21.0
2017,63,63,63111,BUENAVISTA,29.0,0.0,0.0,0.0,0.0,0.0,1.0
2017,63,63,63130,CALARCÁ,4.0,18.0,7.0,0.0,0.0,0.0,2.0
2017,63,63,63190,CIRCASIA,0.0,0.0,183.0,0.0,0.0,0.0,1.0
2017,63,63,63212,CÓRDOBA,0.0,1.0,0.0,0.0,0.0,0.0,1.0
2017,63,63,63302,GÉNOVA,0.0,4.0,10.0,0.0,0.0,0.0,2.0
2017,63,63,63401,LA TEBAIDA,1.0,0.0,0.0,0.0,0.0,0.0,1.0
2017,63,63,63470,MONTENEGRO,8.0,0.0,0.0,0.0,0.0,0.0,1.0
2017,63,63,63594,QUIMBAYA,0.0,0.0,125.0,0.0,0.0,0.0,2.0
2017,66,66,66001,PEREIRA,1061.0,10493.0,31403.0,1621.0,1872.0,124.0,27.0
2017,66,66,66045,APÍA,0.0,0.0,29.0,0.0,0.0,0.0,1.0
2017,66,66,66088,BELÉN DE UMBRÍA,0.0,0.0,23.0,0.0,0.0,0.0,1.0
2017,66,66,66170,DOSQUEBRADAS,106.0,3519.0,0.0,0.0,7.0,0.0,4.0
2017,66,66,66318,GUÁTICA,30.0,0.0,0.0,0.0,0.0,0.0,1.0
2017,66,66,66383,LA CELIA,1.0,0.0,0.0,0.0,0.0,0.0,1.0
2017,66,66,66400,LA VIRGINIA,52.0,3.0,2.0,0.0,0.0,0.0,2.0
2017,66,66,66440,MARSELLA,2.0,0.0,0.0,0.0,0.0,0.0,2.0
2017,66,66,66572,PUEBLO RICO,0.0,0.0,17.0,0.0,0.0,0.0,1.0
2017,66,66,66594,QUINCHÍA,1.0,0.0,13.0,0.0,0.0,0.0,2.0
2017,66,66,66682,SANTA ROSA DE CABAL,97.0,136.0,1137.0,11.0,0.0,0.0,3.0
2017,66,66,66687,SANTUARIO,9.0,0.0,0.0,0.0,0.0,0.0,1.0
2017,68,68,68001,BUCARAMANGA,1257.0,23500.0,57910.0,4624.0,7947.0,143.0,27.0
2017,68,68,68020,ALBANIA,1.0,7.0,17.0,0.0,0.0,0.0,1.0
2017,68,68,68077,BARBOSA,1.0,0.0,0.0,1.0,0.0,0.0,2.0
2017,68,68,68081,BARRANCABERMEJA,104.0,4345.0,6247.0,135.0,73.0,0.0,13.0
2017,68,68,68190,CIMITARRA,0.0,0.0,0.0,3.0,0.0,0.0,1.0
2017,68,68,68211,CONTRATACIÓN,1.0,0.0,0.0,0.0,0.0,0.0,1.0
2017,68,68,68255,EL PLAYÓN,0.0,189.0,0.0,0.0,0.0,0.0,1.0
2017,68,68,68276,FLORIDABLANCA,0.0,2230.0,0.0,8.0,0.0,0.0,2.0
2017,68,68,68296,GALÁN,0.0,1.0,0.0,0.0,0.0,0.0,1.0
2017,68,68,68298,GÁMBITA,0.0,2.0,0.0,0.0,0.0,0.0,1.0
2017,68,68,68307,GIRÓN,0.0,3558.0,0.0,0.0,0.0,0.0,2.0
2017,68,68,68432,MÁLAGA,0.0,1334.0,624.0,27.0,1.0,0.0,4.0
2017,68,68,68500,OIBA,0.0,0.0,40.0,0.0,0.0,0.0,1.0
2017,68,68,68547,PIEDECUESTA,0.0,1682.0,13.0,0.0,0.0,0.0,2.0
2017,68,68,68679,SAN GIL,1.0,4560.0,2771.0,77.0,17.0,0.0,8.0
2017,68,68,68755,SOCORRO,0.0,76.0,1360.0,186.0,57.0,0.0,3.0
2017,68,68,68861,VÉLEZ,222.0,2100.0,460.0,14.0,3.0,0.0,4.0
2017,70,70,70001,SINCELEJO,1155.0,2767.0,19263.0,223.0,84.0,0.0,17.0
2017,70,70,70110,BUENAVISTA,0.0,1.0,0.0,0.0,0.0,0.0,1.0
2017,70,70,70124,CAIMITO,1.0,0.0,0.0,0.0,0.0,0.0,1.0
2017,70,70,70204,COLOSÓ,2.0,0.0,0.0,0.0,0.0,0.0,1.0
2017,70,70,70215,COROZAL,263.0,78.0,998.0,45.0,19.0,0.0,3.0
2017,70,70,70221,COVEÑAS,1.0,277.0,30.0,0.0,0.0,0.0,4.0
2017,70,70,70235,GALERAS,8.0,2.0,0.0,0.0,0.0,0.0,2.0
2017,70,70,70400,LA UNIÓN,1.0,0.0,55.0,0.0,0.0,0.0,2.0
2017,70,70,70429,MAJAGUAL,2.0,0.0,0.0,0.0,0.0,0.0,1.0
2017,70,70,70508,OVEJAS,12.0,0.0,6.0,0.0,0.0,0.0,3.0
2017,70,70,70670,SAMPUÉS,1.0,0.0,0.0,0.0,0.0,0.0,1.0
2017,70,70,70678,SAN BENITO ABAD,3.0,0.0,0.0,0.0,0.0,0.0,1.0
2017,70,70,70702,SAN JUAN DE BETULIA,1.0,0.0,0.0,0.0,0.0,0.0,1.0
2017,70,70,70708,SAN MARCOS,6.0,0.0,5.0,0.0,0.0,0.0,2.0
2017,70,70,70713,SAN ONOFRE,1.0,0.0,0.0,0.0,0.0,0.0,1.0
2017,70,70,70717,SAN PEDRO,3.0,0.0,0.0,0.0,0.0,0.0,1.0
2017,70,70,70742,SAN LUIS DE SINCÉ,1.0,0.0,4.0,0.0,0.0,0.0,2.0
2017,70,70,70820,SANTIAGO DE TOLÚ,2.0,47.0,0.0,0.0,0.0,0.0,2.0
2017,70,70,70823,SAN JOSÉ DE TOLUVIEJO,0.0,0.0,1.0,0.0,0.0,0.0,1.0
2017,73,73,73001,IBAGUÉ,977.0,14340.0,25245.0,910.0,567.0,26.0,21.0
2017,73,73,73026,ALVARADO,1.0,0.0,0.0,0.0,0.0,0.0,1.0
2017,73,73,73055,ARMERO,1.0,2.0,0.0,0.0,0.0,0.0,2.0
2017,73,73,73148,CARMEN DE APICALÁ,6.0,19.0,22.0,0.0,0.0,0.0,1.0
2017,73,73,73168,CHAPARRAL,125.0,204.0,694.0,0.0,0.0,0.0,4.0
2017,73,73,73268,ESPINAL,1811.0,3003.0,1708.0,31.0,0.0,0.0,7.0
2017,73,73,73275,FLANDES,183.0,23.0,67.0,16.0,0.0,0.0,2.0
2017,73,73,73283,FRESNO,0.0,1.0,55.0,0.0,0.0,0.0,2.0
2017,73,73,73319,GUAMO,2.0,25.0,0.0,0.0,0.0,0.0,2.0
2017,73,73,73349,HONDA,2.0,318.0,268.0,0.0,0.0,0.0,4.0
2017,73,73,73352,ICONONZO,0.0,17.0,26.0,0.0,0.0,0.0,3.0
2017,73,73,73411,LÍBANO,6.0,40.0,204.0,11.0,1.0,0.0,3.0
2017,73,73,73443,SAN SEBASTIÁN DE MARIQUITA,9.0,91.0,330.0,26.0,2.0,0.0,4.0
2017,73,73,73449,MELGAR,0.0,0.0,177.0,1.0,0.0,0.0,3.0
2017,73,73,73555,PLANADAS,0.0,22.0,0.0,0.0,0.0,0.0,1.0
2017,73,73,73585,PURIFICACIÓN,1.0,29.0,287.0,0.0,0.0,0.0,2.0
2017,73,73,73616,RIOBLANCO,0.0,0.0,38.0,0.0,0.0,0.0,1.0
2017,73,73,73854,VALLE DE SAN JUAN,1.0,0.0,0.0,0.0,0.0,0.0,1.0
2017,73,73,73861,VENADILLO,57.0,24.0,0.0,0.0,0.0,0.0,1.0
2017,73,73,73870,VILLAHERMOSA,1.0,0.0,0.0,0.0,0.0,0.0,1.0
2017,76,76,76001,CALI,5364.0,32655.0,84625.0,4650.0,4856.0,564.0,53.0
2017,76,76,76041,ANSERMANUEVO,39.0,0.0,0.0,0.0,0.0,0.0,1.0
2017,76,76,76109,BUENAVENTURA,188.0,2394.0,4383.0,0.0,2.0,0.0,8.0
2017,76,76,76111,GUADALAJARA DE BUGA,355.0,5186.0,2183.0,0.0,0.0,0.0,8.0
2017,76,76,76113,BUGALAGRANDE,0.0,5.0,97.0,3.0,59.0,0.0,2.0
2017,76,76,76122,CAICEDONIA,0.0,172.0,389.0,0.0,0.0,0.0,1.0
2017,76,76,76130,CANDELARIA,0.0,388.0,334.0,0.0,0.0,0.0,2.0
2017,76,76,76147,CARTAGO,88.0,3109.0,1217.0,17.0,26.0,0.0,9.0
2017,76,76,76233,DAGUA,40.0,0.0,177.0,0.0,0.0,0.0,1.0
2017,76,76,76248,EL CERRITO,0.0,263.0,0.0,0.0,0.0,0.0,1.0
2017,76,76,76250,EL DOVIO,18.0,0.0,14.0,0.0,0.0,0.0,1.0
2017,76,76,76364,JAMUNDÍ,7.0,22.0,21.0,12.0,0.0,0.0,3.0
2017,76,76,76520,PALMIRA,31.0,3650.0,10637.0,99.0,498.0,89.0,9.0
2017,76,76,76563,PRADERA,0.0,0.0,37.0,0.0,0.0,0.0,1.0
2017,76,76,76622,ROLDANILLO,716.0,231.0,407.0,0.0,0.0,0.0,2.0
2017,76,76,76736,SEVILLA,0.0,0.0,92.0,0.0,0.0,0.0,1.0
2017,76,76,76834,TULUÁ,293.0,4276.0,5470.0,170.0,148.0,0.0,10.0
2017,76,76,76890,YOTOCO,1.0,0.0,0.0,0.0,0.0,0.0,1.0
2017,76,76,76892,YUMBO,0.0,566.0,0.0,0.0,0.0,0.0,2.0
2017,76,76,76895,ZARZAL,0.0,292.0,947.0,0.0,0.0,0.0,1.0
2017,8,8,8001,BARRANQUILLA,5250.0,34725.0,84594.0,4353.0,3049.0,289.0,35.0
2017,8,8,8433,MALAMBO,0.0,83.0,0.0,0.0,0.0,0.0,1.0
2017,8,8,8573,PUERTO COLOMBIA,109.0,88.0,466.0,35.0,86.0,0.0,3.0
2017,8,8,8638,SABANALARGA,0.0,745.0,0.0,0.0,0.0,0.0,1.0
2017,8,8,8685,SANTO TOMÁS,0.0,0.0,0.0,1.0,0.0,0.0,1.0
2017,8,8,8758,SOLEDAD,1826.0,407.0,175.0,0.0,0.0,0.0,3.0
2017,8,8,8770,SUAN,0.0,0.0,15.0,0.0,0.0,0.0,1.0
2017,81,81,81001,ARAUCA,0.0,975.0,1640.0,24.0,0.0,0.0,6.0
2017,81,81,81736,SARAVENA,0.0,43.0,71.0,0.0,0.0,0.0,2.0
2017,81,81,81794,TAME,0.0,6.0,104.0,1.0,0.0,0.0,4.0
2017,85,85,85001,YOPAL,557.0,1767.0,6751.0,371.0,13.0,0.0,15.0
2017,85,85,85010,AGUAZUL,15.0,3.0,125.0,0.0,0.0,0.0,3.0
2017,85,85,85139,MANÍ,1.0,0.0,0.0,0.0,0.0,0.0,1.0
2017,85,85,85250,PAZ DE ARIPORO,61.0,8.0,142.0,0.0,0.0,0.0,2.0
2017,85,85,85410,TAURAMENA,40.0,0.0,119.0,0.0,0.0,0.0,1.0
2017,85,85,85430,TRINIDAD,14.0,3.0,46.0,0.0,0.0,0.0,1.0
2017,85,85,85440,VILLANUEVA,16.0,30.0,7.0,0.0,0.0,0.0,2.0
2017,86,86,86001,MOCOA,0.0,955.0,418.0,137.0,43.0,0.0,5.0
2017,86,86,86320,ORITO,2.0,0.0,44.0,0.0,0.0,0.0,2.0
2017,86,86,86568,PUERTO ASÍS,5.0,1806.0,269.0,0.0,0.0,0.0,4.0
2017,86,86,86569,PUERTO CAICEDO,0.0,0.0,0.0,0.0,14.0,0.0,1.0
2017,86,86,86571,PUERTO GUZMÁN,0.0,2.0,0.0,0.0,0.0,0.0,1.0
2017,86,86,86749,SIBUNDOY,3.0,125.0,206.0,0.0,0.0,0.0,3.0
2017,86,86,86755,SAN FRANCISCO,0.0,0.0,42.0,0.0,0.0,0.0,1.0
2017,86,86,86865,VALLE DEL GUAMUEZ,0.0,11.0,216.0,7.0,66.0,0.0,3.0
2017,88,88,88001,SAN ANDRÉS,65.0,1210.0,68.0,0.0,34.0,11.0,5.0
2017,91,91,91001,LETICIA,3.0,318.0,315.0,49.0,45.0,14.0,8.0
2017,91,91,91263,EL ENCANTO,1.0,0.0,0.0,1.0,0.0,0.0,2.0
2017,91,91,91407,LA PEDRERA,1.0,0.0,0.0,0.0,0.0,0.0,1.0
2017,91,91,91430,LA VICTORIA,2.0,0.0,0.0,0.0,0.0,0.0,1.0
2017,94,94,94001,INÍRIDA,7.0,376.0,193.0,20.0,9.0,0.0,4.0
2017,95,95,95001,SAN JOSÉ DEL GUAVIARE,0.0,1534.0,564.0,39.0,1.0,0.0,6.0
2017,97,97,97001,MITÚ,0.0,168.0,39.0,22.0,0.0,0.0,2.0
2017,99,99,99001,PUERTO CARREÑO,0.0,672.0,114.0,15.0,0.0,0.0,4.0
2018,5,5,5001,MEDELLÍN,2054.0,73049.0,166856.0,10492.0,6817.0,1596.0,48.0
2018,5,5,5031,AMALFI,0.0,11.0,170.0,0.0,0.0,0.0,1.0
2018,5,5,5034,ANDES,40.0,32.0,567.0,0.0,7.0,0.0,3.0
2018,5,5,5042,SANTA FÉ DE ANTIOQUIA,0.0,1501.0,127.0,69.0,0.0,0.0,3.0
2018,5,5,5045,APARTADÓ,7.0,8316.0,1756.0,273.0,14.0,0.0,12.0
2018,5,5,5059,ARMENIA,17.0,1.0,19.0,0.0,0.0,0.0,2.0
2018,5,5,5088,BELLO,17.0,820.0,7752.0,109.0,0.0,0.0,3.0
2018,5,5,5101,CIUDAD BOLÍVAR,0.0,0.0,26.0,0.0,0.0,0.0,1.0
2018,5,5,5129,CALDAS,0.0,2353.0,1635.0,52.0,12.0,0.0,2.0
2018,5,5,5147,CAREPA,0.0,8.0,282.0,13.0,0.0,0.0,1.0
2018,5,5,5148,EL CARMEN DE VIBORAL,56.0,155.0,1992.0,26.0,24.0,0.0,1.0
2018,5,5,5154,CAUCASIA,0.0,2703.0,592.0,51.0,2.0,0.0,3.0
2018,5,5,5172,CHIGORODÓ,0.0,5.0,43.0,0.0,0.0,0.0,2.0
2018,5,5,5190,CISNEROS,0.0,430.0,0.0,0.0,0.0,0.0,1.0
2018,5,5,5212,COPACABANA,0.0,0.0,396.0,0.0,0.0,0.0,1.0
2018,5,5,5250,EL BAGRE,550.0,89.0,0.0,0.0,0.0,0.0,2.0
2018,5,5,5266,ENVIGADO,455.0,113.0,4373.0,181.0,10.0,0.0,3.0
2018,5,5,5318,GUARNE,0.0,92.0,0.0,0.0,0.0,0.0,1.0
2018,5,5,5360,ITAGÜÍ,56.0,10320.0,1301.0,497.0,30.0,0.0,4.0
2018,5,5,5364,JARDÍN,0.0,0.0,21.0,0.0,0.0,0.0,1.0
2018,5,5,5368,JERICÓ,0.0,0.0,89.0,0.0,0.0,0.0,2.0
2018,5,5,5376,LA CEJA,0.0,81.0,0.0,0.0,0.0,0.0,1.0
2018,5,5,5390,LA PINTADA,0.0,25.0,116.0,0.0,0.0,0.0,1.0
2018,5,5,5490,NECOCLÍ,0.0,0.0,34.0,0.0,0.0,0.0,1.0
2018,5,5,5579,PUERTO BERRÍO,0.0,2521.0,120.0,45.0,3.0,0.0,3.0
2018,5,5,5615,RIONEGRO,12.0,6655.0,5766.0,385.0,161.0,0.0,5.0
2018,5,5,5628,SABANALARGA,0.0,7.0,30.0,0.0,0.0,0.0,2.0
2018,5,5,5631,SABANETA,0.0,0.0,6188.0,640.0,92.0,0.0,4.0
2018,5,5,5649,SAN CARLOS,0.0,0.0,52.0,0.0,0.0,0.0,1.0
2018,5,5,5659,SAN JUAN DE URABÁ,0.0,5.0,0.0,0.0,0.0,0.0,1.0
2018,5,5,5664,SAN PEDRO DE LOS MILAGROS,0.0,79.0,0.0,0.0,0.0,0.0,1.0
2018,5,5,5686,SANTA ROSA DE OSOS,0.0,672.0,2996.0,49.0,65.0,0.0,4.0
2018,5,5,5736,SEGOVIA,0.0,36.0,60.0,0.0,0.0,0.0,1.0
2018,5,5,5756,SONSÓN,0.0,2.0,195.0,0.0,0.0,0.0,2.0
2018,5,5,5837,TURBO,0.0,133.0,1168.0,19.0,14.0,0.0,4.0
2018,5,5,5887,YARUMAL,24.0,44.0,255.0,0.0,0.0,0.0,3.0
2018,5,5,5890,YOLOMBÓ,0.0,32.0,77.0,0.0,0.0,0.0,1.0
2018,8,8,8001,BARRANQUILLA,4744.0,32644.0,85370.0,3761.0,2443.0,298.0,34.0
2018,8,8,8433,MALAMBO,0.0,199.0,0.0,0.0,0.0,0.0,1.0
2018,8,8,8573,PUERTO COLOMBIA,0.0,77.0,1462.0,76.0,224.0,0.0,3.0
2018,8,8,8634,SABANAGRANDE,1.0,0.0,0.0,0.0,0.0,0.0,1.0
2018,8,8,8638,SABANALARGA,0.0,1041.0,0.0,45.0,0.0,0.0,1.0
2018,8,8,8758,SOLEDAD,1805.0,645.0,294.0,0.0,0.0,0.0,3.0
2018,8,8,8770,SUAN,286.0,110.0,102.0,28.0,0.0,0.0,2.0
2018,11,11,11001,BOGOTÁ D.C.,38061.0,169548.0,525513.0,43687.0,25431.0,2215.0,126.0
2018,13,13,13001,CARTAGENA DE INDIAS,1964.0,30606.0,38274.0,2116.0,1371.0,118.0,36.0
2018,13,13,13006,ACHÍ,0.0,0.0,20.0,0.0,0.0,0.0,1.0
2018,13,13,13212,CÓRDOBA,0.0,0.0,0.0,13.0,0.0,0.0,1.0
2018,13,13,13244,EL CARMEN DE BOLÍVAR,0.0,0.0,506.0,0.0,0.0,0.0,1.0
2018,13,13,13430,MAGANGUÉ,115.0,39.0,915.0,0.0,0.0,0.0,2.0
2018,13,13,13442,MARÍA LA BAJA,0.0,0.0,78.0,0.0,0.0,0.0,1.0
2018,13,13,13468,SANTA CRUZ DE MOMPOX,0.0,164.0,528.0,28.0,0.0,0.0,3.0
2018,13,13,13647,SAN ESTANISLAO,0.0,0.0,5.0,0.0,0.0,0.0,1.0
2018,13,13,13657,SAN JUAN NEPOMUCENO,0.0,0.0,777.0,0.0,0.0,0.0,1.0
2018,13,13,13688,SANTA ROSA DEL SUR,0.0,0.0,73.0,0.0,0.0,0.0,1.0
2018,13,13,13836,TURBACO,0.0,0.0,92.0,0.0,0.0,0.0,2.0
2018,13,13,13873,VILLANUEVA,0.0,0.0,1.0,0.0,0.0,0.0,1.0
2018,15,15,15001,TUNJA,1135.0,6991.0,30029.0,2529.0,1427.0,155.0,10.0
2018,15,15,15097,BOAVITA,0.0,8.0,70.0,1.0,1.0,0.0,1.0
2018,15,15,15176,CHIQUINQUIRÁ,0.0,79.0,2345.0,36.0,51.0,0.0,7.0
2018,15,15,15223,CUBARÁ,0.0,16.0,140.0,2.0,1.0,0.0,1.0
2018,15,15,15238,DUITAMA,0.0,1446.0,5250.0,318.0,69.0,0.0,8.0
2018,15,15,15299,GARAGOA,0.0,24.0,243.0,3.0,1.0,0.0,2.0
2018,15,15,15322,GUATEQUE,0.0,0.0,69.0,0.0,0.0,0.0,1.0
2018,15,15,15455,MIRAFLORES,0.0,0.0,55.0,0.0,0.0,0.0,1.0
2018,15,15,15469,MONIQUIRÁ,0.0,0.0,225.0,29.0,0.0,0.0,2.0
2018,15,15,15572,PUERTO BOYACÁ,0.0,530.0,45.0,0.0,0.0,0.0,2.0
2018,15,15,15693,SANTA ROSA DE VITERBO,802.0,0.0,0.0,0.0,0.0,0.0,1.0
2018,15,15,15753,SOATÁ,0.0,13.0,108.0,0.0,1.0,0.0,2.0
2018,15,15,15757,SOCHA,0.0,12.0,75.0,3.0,0.0,0.0,1.0
2018,15,15,15759,SOGAMOSO,0.0,5600.0,6232.0,422.0,115.0,0.0,6.0
2018,15,15,15778,SUTATENZA,0.0,0.0,7.0,0.0,0.0,0.0,1.0
2018,15,15,15798,TENZA,0.0,0.0,4.0,0.0,0.0,0.0,1.0
2018,17,17,17001,MANIZALES,2841.0,8352.0,30558.0,2165.0,3117.0,477.0,13.0
2018,17,17,17013,AGUADAS,0.0,21.0,33.0,0.0,0.0,0.0,3.0
2018,17,17,17042,ANSERMA,55.0,206.0,70.0,0.0,0.0,0.0,2.0
2018,17,17,17050,ARANZAZU,25.0,0.0,0.0,0.0,0.0,0.0,1.0
2018,17,17,17088,BELALCÁZAR,0.0,26.0,45.0,0.0,0.0,0.0,2.0
2018,17,17,17174,CHINCHINÁ,26.0,37.0,0.0,0.0,0.0,0.0,2.0
2018,17,17,17272,FILADELFIA,26.0,0.0,20.0,0.0,0.0,0.0,2.0
2018,17,17,17380,LA DORADA,0.0,1366.0,776.0,100.0,4.0,0.0,5.0
2018,17,17,17433,MANZANARES,8.0,11.0,0.0,0.0,0.0,0.0,1.0
2018,17,17,17444,MARQUETALIA,0.0,8.0,0.0,0.0,0.0,0.0,1.0
2018,17,17,17486,NEIRA,54.0,25.0,0.0,0.0,0.0,0.0,1.0
2018,17,17,17513,PÁCORA,0.0,0.0,25.0,0.0,0.0,0.0,1.0
2018,17,17,17524,PALESTINA,0.0,27.0,0.0,0.0,0.0,0.0,1.0
2018,17,17,17541,PENSILVANIA,176.0,37.0,24.0,0.0,0.0,0.0,2.0
2018,17,17,17614,RIOSUCIO,0.0,179.0,165.0,0.0,0.0,0.0,3.0
2018,17,17,17616,RISARALDA,26.0,0.0,0.0,0.0,0.0,0.0,1.0
2018,17,17,17653,SALAMINA,25.0,0.0,0.0,0.0,0.0,0.0,1.0
2018,17,17,17662,SAMANÁ,0.0,26.0,42.0,0.0,0.0,0.0,2.0
2018,17,17,17665,SAN JOSÉ,0.0,0.0,14.0,0.0,0.0,0.0,1.0
2018,17,17,17777,SUPÍA,0.0,20.0,0.0,0.0,0.0,0.0,1.0
2018,17,17,17873,VILLAMARÍA,7.0,0.0,0.0,0.0,0.0,0.0,1.0
2018,17,17,17877,VITERBO,25.0,0.0,0.0,0.0,0.0,0.0,1.0
2018,18,18,18001,FLORENCIA,0.0,1449.0,9256.0,437.0,371.0,22.0,7.0
2018,18,18,18094,BELÉN DE LOS ANDAQUÍES,0.0,0.0,1.0,0.0,0.0,0.0,1.0
2018,18,18,18247,EL DONCELLO,0.0,0.0,35.0,0.0,0.0,0.0,1.0
2018,18,18,18256,EL PAUJÍL,0.0,0.0,41.0,0.0,0.0,0.0,1.0
2018,18,18,18592,PUERTO RICO,0.0,0.0,1.0,0.0,0.0,0.0,1.0
2018,18,18,18753,SAN VICENTE DEL CAGUÁN,0.0,8.0,168.0,1.0,1.0,0.0,3.0
2018,19,19,19001,POPAYÁN,0.0,13233.0,26840.0,1252.0,774.0,123.0,18.0
2018,19,19,19137,CALDONO,0.0,0.0,30.0,0.0,0.0,0.0,1.0
2018,19,19,19290,FLORENCIA,12.0,8.0,0.0,0.0,0.0,0.0,1.0
2018,19,19,19300,GUACHENÉ,0.0,2.0,0.0,0.0,0.0,0.0,1.0
2018,19,19,19318,GUAPI,0.0,0.0,1.0,0.0,0.0,0.0,1.0
2018,19,19,19450,MERCADERES,0.0,0.0,6.0,0.0,0.0,0.0,1.0
2018,19,19,19455,MIRANDA,0.0,29.0,207.0,0.0,0.0,0.0,3.0
2018,19,19,19532,PATÍA,0.0,18.0,308.0,1.0,2.0,0.0,3.0
2018,19,19,19573,PUERTO TEJADA,0.0,28.0,0.0,0.0,0.0,0.0,1.0
2018,19,19,19622,ROSAS,0.0,0.0,31.0,0.0,0.0,0.0,1.0
2018,19,19,19698,SANTANDER DE QUILICHAO,1.0,1197.0,4289.0,11.0,184.0,0.0,7.0
2018,19,19,19743,SILVIA,0.0,32.0,0.0,0.0,0.0,0.0,1.0
2018,19,19,19821,TORIBÍO,0.0,0.0,73.0,0.0,0.0,0.0,1.0
2018,20,20,20001,VALLEDUPAR,0.0,8645.0,23316.0,2926.0,183.0,0.0,15.0
2018,20,20,20011,AGUACHICA,0.0,1964.0,1792.0,0.0,0.0,0.0,3.0
2018,20,20,20060,BOSCONIA,0.0,1.0,26.0,0.0,0.0,0.0,2.0
2018,20,20,20228,CURUMANÍ,0.0,45.0,386.0,1.0,1.0,0.0,1.0
2018,20,20,20710,SAN ALBERTO,15.0,0.0,0.0,0.0,0.0,0.0,1.0
2018,23,23,23001,MONTERÍA,631.0,3584.0,28128.0,1165.0,420.0,9.0,17.0
2018,23,23,23162,CERETÉ,98.0,35.0,722.0,0.0,0.0,0.0,1.0
2018,23,23,23189,CIÉNAGA DE ORO,0.0,0.0,1882.0,0.0,0.0,0.0,1.0
2018,23,23,23350,LA APARTADA,0.0,1.0,0.0,0.0,0.0,0.0,1.0
2018,23,23,23417,LORICA,0.0,0.0,1967.0,0.0,0.0,0.0,3.0
2018,23,23,23466,MONTELÍBANO,0.0,0.0,224.0,0.0,0.0,0.0,2.0
2018,23,23,23500,MOÑITOS,0.0,0.0,77.0,0.0,0.0,0.0,1.0
2018,23,23,23555,PLANETA RICA,0.0,0.0,357.0,0.0,0.0,0.0,1.0
2018,23,23,23574,PUERTO ESCONDIDO,0.0,0.0,48.0,0.0,0.0,0.0,1.0
2018,23,23,23660,SAHAGÚN,0.0,80.0,1219.0,21.0,11.0,0.0,3.0
2018,23,23,23670,SAN ANDRÉS DE SOTAVENTO,0.0,0.0,61.0,0.0,0.0,0.0,2.0
2018,23,23,23675,SAN BERNARDO DEL VIENTO,0.0,0.0,98.0,0.0,0.0,0.0,1.0
2018,23,23,23686,SAN PELAYO,0.0,0.0,23.0,0.0,0.0,0.0,1.0
2018,23,23,23807,TIERRALTA,0.0,1.0,145.0,0.0,0.0,0.0,3.0
2018,23,23,23855,VALENCIA,0.0,0.0,38.0,0.0,0.0,0.0,1.0
2018,25,25,25053,ARBELÁEZ,0.0,8.0,53.0,0.0,0.0,0.0,1.0
2018,25,25,25126,CAJICÁ,0.0,313.0,5632.0,224.0,19.0,36.0,2.0
2018,25,25,25151,CÁQUEZA,0.0,0.0,22.0,0.0,0.0,0.0,1.0
2018,25,25,25175,CHÍA,24.0,6748.0,10981.0,1085.0,1243.0,44.0,5.0
2018,25,25,25178,CHIPAQUE,0.0,0.0,20.0,0.0,0.0,0.0,1.0
2018,25,25,25245,EL COLEGIO,0.0,4.0,0.0,0.0,0.0,0.0,1.0
2018,25,25,25269,FACATATIVÁ,15.0,145.0,5568.0,112.0,5.0,0.0,9.0
2018,25,25,25286,FUNZA,0.0,148.0,45.0,0.0,0.0,0.0,2.0
2018,25,25,25290,FUSAGASUGÁ,677.0,2912.0,5029.0,85.0,166.0,0.0,8.0
2018,25,25,25297,GACHETÁ,0.0,61.0,473.0,9.0,4.0,0.0,1.0
2018,25,25,25307,GIRARDOT,86.0,4167.0,4910.0,167.0,10.0,0.0,7.0
2018,25,25,25430,MADRID,13.0,511.0,0.0,0.0,0.0,0.0,2.0
2018,25,25,25473,MOSQUERA,0.0,5855.0,117.0,90.0,0.0,0.0,2.0
2018,25,25,25488,NILO,0.0,5321.0,0.0,0.0,0.0,0.0,1.0
2018,25,25,25491,NOCAIMA,0.0,0.0,6.0,0.0,0.0,0.0,1.0
2018,25,25,25513,PACHO,0.0,66.0,0.0,0.0,0.0,0.0,1.0
2018,25,25,25740,SIBATÉ,0.0,0.0,737.0,0.0,0.0,0.0,1.0
2018,25,25,25745,SIMIJACA,0.0,0.0,7.0,0.0,0.0,0.0,1.0
2018,25,25,25754,SOACHA,0.0,6459.0,3335.0,20.0,1.0,0.0,5.0
2018,25,25,25793,TAUSA,0.0,0.0,84.0,0.0,0.0,0.0,1.0
2018,25,25,25797,TENA,0.0,0.0,31.0,0.0,0.0,0.0,1.0
2018,25,25,25815,TOCAIMA,28.0,66.0,15.0,0.0,0.0,0.0,1.0
2018,25,25,25843,VILLA DE SAN DIEGO DE UBATÉ,0.0,0.0,1037.0,17.0,0.0,0.0,1.0
2018,25,25,25875,VILLETA,0.0,2703.0,0.0,93.0,0.0,0.0,1.0
2018,25,25,25899,ZIPAQUIRÁ,0.0,222.0,2486.0,24.0,12.0,0.0,5.0
2018,27,27,27001,QUIBDÓ,95.0,853.0,11676.0,219.0,182.0,0.0,10.0
2018,27,27,27361,ISTMINA,0.0,0.0,109.0,0.0,0.0,0.0,1.0
2018,27,27,27787,TADÓ,0.0,0.0,1.0,0.0,0.0,0.0,1.0
2018,41,41,41001,NEIVA,248.0,5002.0,20726.0,682.0,812.0,29.0,20.0
2018,41,41,41006,ACEVEDO,0.0,0.0,27.0,0.0,0.0,0.0,1.0
2018,41,41,41020,ALGECIRAS,0.0,0.0,46.0,0.0,0.0,0.0,1.0
2018,41,41,41026,ALTAMIRA,0.0,0.0,2.0,0.0,0.0,0.0,1.0
2018,41,41,41132,CAMPOALEGRE,0.0,1386.0,0.0,0.0,0.0,0.0,1.0
2018,41,41,41298,GARZÓN,0.0,1721.0,540.0,22.0,0.0,0.0,5.0
2018,41,41,41306,GIGANTE,0.0,1.0,0.0,0.0,0.0,0.0,1.0
2018,41,41,41319,GUADALUPE,0.0,3.0,0.0,0.0,0.0,0.0,1.0
2018,41,41,41396,LA PLATA,0.0,1652.0,1099.0,5.0,2.0,0.0,4.0
2018,41,41,41551,PITALITO,0.0,2610.0,3011.0,90.0,33.0,0.0,10.0
2018,41,41,41615,RIVERA,286.0,238.0,170.0,0.0,0.0,0.0,1.0
2018,41,41,41668,SAN AGUSTÍN,0.0,0.0,19.0,0.0,0.0,0.0,1.0
2018,44,44,44001,RIOHACHA,368.0,2235.0,9451.0,178.0,530.0,1.0,9.0
2018,44,44,44035,ALBANIA,0.0,0.0,0.0,0.0,17.0,0.0,1.0
2018,44,44,44279,FONSECA,0.0,3327.0,1161.0,0.0,0.0,0.0,2.0
2018,44,44,44430,MAICAO,0.0,123.0,2581.0,0.0,0.0,0.0,1.0
2018,44,44,44560,MANAURE,0.0,0.0,346.0,0.0,0.0,0.0,1.0
2018,44,44,44650,SAN JUAN DEL CESAR,240.0,43.0,0.0,0.0,0.0,0.0,1.0
2018,44,44,44847,URIBIA,0.0,0.0,34.0,0.0,0.0,0.0,1.0
2018,44,44,44874,VILLANUEVA,0.0,25.0,906.0,0.0,0.0,0.0,1.0
2018,47,47,47001,SANTA MARTA,1118.0,6568.0,24974.0,1103.0,247.0,10.0,13.0
2018,47,47,47189,CIÉNAGA,550.0,311.0,0.0,0.0,0.0,0.0,3.0
2018,47,47,47245,EL BANCO,0.0,9.0,99.0,1.0,2.0,0.0,2.0
2018,47,47,47288,FUNDACIÓN,0.0,3.0,0.0,0.0,0.0,0.0,1.0
2018,47,47,47555,PLATO,0.0,7.0,87.0,1.0,1.0,0.0,2.0
2018,50,50,50001,VILLAVICENCIO,689.0,4631.0,21210.0,648.0,286.0,0.0,21.0
2018,50,50,50006,ACACÍAS,0.0,191.0,2158.0,70.0,14.0,0.0,2.0
2018,50,50,50110,BARRANCA DE UPÍA,0.0,0.0,27.0,0.0,0.0,0.0,1.0
2018,50,50,50150,CASTILLA LA NUEVA,0.0,0.0,0.0,16.0,0.0,0.0,1.0
2018,50,50,50226,CUMARAL,0.0,30.0,207.0,6.0,1.0,0.0,2.0
2018,50,50,50313,GRANADA,11.0,843.0,46.0,0.0,0.0,0.0,3.0
2018,50,50,50350,LA MACARENA,0.0,0.0,17.0,0.0,0.0,0.0,1.0
2018,50,50,50450,PUERTO CONCORDIA,0.0,0.0,25.0,0.0,0.0,0.0,1.0
2018,50,50,50590,PUERTO RICO,0.0,0.0,22.0,0.0,0.0,0.0,1.0
2018,50,50,50689,SAN MARTÍN,0.0,0.0,54.0,0.0,0.0,0.0,1.0
2018,52,52,52001,PASTO,230.0,3707.0,31587.0,1208.0,952.0,45.0,23.0
2018,52,52,52019,ALBÁN,0.0,0.0,50.0,0.0,0.0,0.0,1.0
2018,52,52,52215,CÓRDOBA,41.0,0.0,0.0,0.0,0.0,0.0,1.0
2018,52,52,52356,IPIALES,34.0,807.0,640.0,0.0,0.0,0.0,8.0
2018,52,52,52399,LA UNIÓN,0.0,3.0,49.0,0.0,0.0,0.0,2.0
2018,52,52,52411,LINARES,0.0,0.0,27.0,0.0,0.0,0.0,1.0
2018,52,52,52612,RICAURTE,0.0,1.0,25.0,0.0,0.0,0.0,1.0
2018,52,52,52678,SAMANIEGO,0.0,0.0,34.0,0.0,0.0,0.0,1.0
2018,52,52,52786,TAMINANGO,0.0,0.0,40.0,0.0,0.0,0.0,1.0
2018,52,52,52835,SAN ANDRÉS DE TUMACO,0.0,643.0,1233.0,4.0,4.0,0.0,5.0
2018,52,52,52838,TÚQUERRES,0.0,0.0,395.0,0.0,0.0,0.0,3.0
2018,54,54,54001,SAN JOSÉ DE CÚCUTA,515.0,11794.0,27643.0,1337.0,819.0,0.0,20.0
2018,54,54,54051,ARBOLEDAS,0.0,0.0,29.0,0.0,0.0,0.0,1.0
2018,54,54,54128,CÁCHIRA,0.0,11.0,0.0,0.0,0.0,0.0,1.0
2018,54,54,54172,CHINÁCOTA,0.0,9.0,0.0,0.0,0.0,0.0,1.0
2018,54,54,54239,DURANIA,0.0,15.0,31.0,0.0,0.0,0.0,1.0
2018,54,54,54313,GRAMALOTE,0.0,0.0,22.0,0.0,0.0,0.0,1.0
2018,54,54,54498,OCAÑA,24.0,486.0,7012.0,184.0,82.0,0.0,7.0
2018,54,54,54518,PAMPLONA,115.0,792.0,14126.0,132.0,276.0,0.0,4.0
2018,54,54,54660,SALAZAR,0.0,1.0,12.0,0.0,0.0,0.0,1.0
2018,54,54,54673,SAN CAYETANO,0.0,0.0,25.0,0.0,0.0,0.0,1.0
2018,54,54,54810,TIBÚ,0.0,7.0,30.0,0.0,0.0,0.0,2.0
2018,54,54,54874,VILLA DEL ROSARIO,499.0,42.0,5228.0,21.0,0.0,0.0,1.0
2018,63,63,63001,ARMENIA,762.0,10244.0,17513.0,571.0,361.0,26.0,16.0
2018,63,63,63111,BUENAVISTA,8.0,14.0,0.0,0.0,0.0,0.0,1.0
2018,63,63,63130,CALARCÁ,93.0,0.0,0.0,0.0,0.0,0.0,1.0
2018,63,63,63190,CIRCASIA,34.0,0.0,153.0,0.0,0.0,0.0,2.0
2018,63,63,63302,GÉNOVA,39.0,0.0,6.0,0.0,0.0,0.0,2.0
2018,63,63,63470,MONTENEGRO,110.0,0.0,0.0,0.0,0.0,0.0,1.0
2018,63,63,63548,PIJAO,34.0,0.0,0.0,0.0,0.0,0.0,1.0
2018,63,63,63594,QUIMBAYA,66.0,0.0,69.0,0.0,0.0,0.0,3.0
2018,63,63,63690,SALENTO,35.0,0.0,0.0,0.0,0.0,0.0,1.0
2018,66,66,66001,PEREIRA,1656.0,9540.0,31865.0,1629.0,1725.0,127.0,24.0
2018,66,66,66045,APÍA,0.0,0.0,21.0,0.0,0.0,0.0,1.0
2018,66,66,66088,BELÉN DE UMBRÍA,0.0,0.0,22.0,0.0,0.0,0.0,1.0
2018,66,66,66170,DOSQUEBRADAS,0.0,3731.0,0.0,60.0,21.0,0.0,2.0
2018,66,66,66400,LA VIRGINIA,54.0,0.0,0.0,0.0,0.0,0.0,1.0
2018,66,66,66572,PUEBLO RICO,0.0,0.0,33.0,0.0,0.0,0.0,2.0
2018,66,66,66594,QUINCHÍA,0.0,0.0,11.0,0.0,0.0,0.0,1.0
2018,66,66,66682,SANTA ROSA DE CABAL,8.0,69.0,1014.0,15.0,0.0,0.0,2.0
2018,68,68,68001,BUCARAMANGA,1107.0,21906.0,58082.0,5973.0,10641.0,152.0,26.0
2018,68,68,68081,BARRANCABERMEJA,57.0,4289.0,6145.0,181.0,28.0,0.0,11.0
2018,68,68,68255,EL PLAYÓN,0.0,199.0,0.0,0.0,0.0,0.0,1.0
2018,68,68,68276,FLORIDABLANCA,0.0,2273.0,0.0,57.0,0.0,0.0,1.0
2018,68,68,68307,GIRÓN,0.0,2817.0,0.0,50.0,0.0,0.0,2.0
2018,68,68,68432,MÁLAGA,0.0,1269.0,616.0,95.0,1.0,0.0,4.0
2018,68,68,68500,OIBA,0.0,0.0,65.0,0.0,0.0,0.0,1.0
2018,68,68,68547,PIEDECUESTA,0.0,1137.0,28.0,55.0,0.0,0.0,2.0
2018,68,68,68679,SAN GIL,74.0,4028.0,2874.0,29.0,14.0,0.0,8.0
2018,68,68,68755,SOCORRO,0.0,246.0,1311.0,181.0,33.0,0.0,3.0
2018,68,68,68861,VÉLEZ,312.0,2580.0,425.0,58.0,3.0,0.0,4.0
2018,70,70,70001,SINCELEJO,952.0,2259.0,18466.0,208.0,65.0,0.0,15.0
2018,70,70,70215,COROZAL,0.0,77.0,1081.0,29.0,16.0,0.0,2.0
2018,70,70,70221,COVEÑAS,0.0,322.0,45.0,0.0,0.0,0.0,3.0
2018,70,70,70400,LA UNIÓN,0.0,0.0,51.0,0.0,0.0,0.0,1.0
2018,70,70,70429,MAJAGUAL,0.0,0.0,41.0,0.0,0.0,0.0,1.0
2018,70,70,70508,OVEJAS,0.0,0.0,3.0,0.0,0.0,0.0,1.0
2018,70,70,70708,SAN MARCOS,0.0,0.0,49.0,0.0,0.0,0.0,1.0
2018,70,70,70742,SAN LUIS DE SINCÉ,0.0,0.0,45.0,0.0,0.0,0.0,1.0
2018,70,70,70820,SANTIAGO DE TOLÚ,0.0,24.0,0.0,0.0,0.0,0.0,1.0
2018,73,73,73001,IBAGUÉ,1147.0,14685.0,23390.0,1135.0,598.0,19.0,20.0
2018,73,73,73148,CARMEN DE APICALÁ,0.0,1.0,0.0,0.0,0.0,0.0,1.0
2018,73,73,73168,CHAPARRAL,53.0,163.0,608.0,0.0,0.0,0.0,3.0
2018,73,73,73268,ESPINAL,2151.0,3273.0,1712.0,175.0,0.0,0.0,5.0
2018,73,73,73275,FLANDES,136.0,38.0,44.0,0.0,0.0,0.0,2.0
2018,73,73,73283,FRESNO,0.0,0.0,47.0,0.0,0.0,0.0,1.0
2018,73,73,73319,GUAMO,0.0,0.0,23.0,0.0,0.0,0.0,1.0
2018,73,73,73349,HONDA,0.0,295.0,280.0,0.0,0.0,0.0,3.0
2018,73,73,73352,ICONONZO,1.0,6.0,31.0,0.0,0.0,0.0,2.0
2018,73,73,73411,LÍBANO,0.0,11.0,144.0,3.0,0.0,0.0,3.0
2018,73,73,73443,SAN SEBASTIÁN DE MARIQUITA,0.0,36.0,303.0,5.0,1.0,0.0,2.0
2018,73,73,73449,MELGAR,0.0,1.0,199.0,0.0,0.0,0.0,3.0
2018,73,73,73585,PURIFICACIÓN,0.0,26.0,337.0,0.0,0.0,0.0,2.0
2018,73,73,73616,RIOBLANCO,0.0,0.0,36.0,0.0,0.0,0.0,1.0
2018,73,73,73861,VENADILLO,13.0,31.0,0.0,0.0,0.0,0.0,1.0
2018,76,76,76001,CALI,5516.0,28987.0,85199.0,5198.0,4619.0,628.0,50.0
2018,76,76,76041,ANSERMANUEVO,2.0,29.0,0.0,0.0,0.0,0.0,1.0
2018,76,76,76109,BUENAVENTURA,30.0,2166.0,4363.0,39.0,0.0,0.0,7.0
2018,76,76,76111,GUADALAJARA DE BUGA,451.0,5007.0,2369.0,82.0,0.0,0.0,9.0
2018,76,76,76122,CAICEDONIA,0.0,145.0,370.0,0.0,0.0,0.0,1.0
2018,76,76,76130,CANDELARIA,0.0,380.0,260.0,0.0,0.0,0.0,2.0
2018,76,76,76147,CARTAGO,89.0,3680.0,1132.0,43.0,26.0,0.0,8.0
2018,76,76,76233,DAGUA,55.0,8.0,128.0,0.0,0.0,0.0,1.0
2018,76,76,76248,EL CERRITO,0.0,185.0,0.0,0.0,0.0,0.0,1.0
2018,76,76,76250,EL DOVIO,47.0,7.0,0.0,0.0,0.0,0.0,1.0
2018,76,76,76364,JAMUNDÍ,0.0,0.0,12.0,0.0,0.0,0.0,1.0
2018,76,76,76400,LA UNIÓN,67.0,0.0,0.0,0.0,0.0,0.0,1.0
2018,76,76,76520,PALMIRA,41.0,3427.0,10755.0,199.0,517.0,69.0,9.0
2018,76,76,76563,PRADERA,0.0,21.0,32.0,0.0,0.0,0.0,2.0
2018,76,76,76622,ROLDANILLO,596.0,281.0,359.0,0.0,0.0,0.0,2.0
2018,76,76,76736,SEVILLA,0.0,22.0,68.0,0.0,0.0,0.0,2.0
2018,76,76,76834,TULUÁ,292.0,3898.0,5642.0,284.0,114.0,0.0,8.0
2018,76,76,76892,YUMBO,0.0,657.0,4.0,0.0,0.0,0.0,3.0
2018,76,76,76895,ZARZAL,0.0,325.0,1020.0,6.0,0.0,0.0,1.0
2018,81,81,81001,ARAUCA,0.0,720.0,1431.0,57.0,0.0,0.0,6.0
2018,81,81,81736,SARAVENA,0.0,31.0,122.0,0.0,0.0,0.0,3.0
2018,81,81,81794,TAME,0.0,0.0,134.0,0.0,0.0,0.0,2.0
2018,85,85,85001,YOPAL,296.0,1697.0,6829.0,212.0,6.0,0.0,13.0
2018,85,85,85010,AGUAZUL,0.0,0.0,37.0,0.0,0.0,0.0,1.0
2018,85,85,85250,PAZ DE ARIPORO,0.0,0.0,155.0,0.0,0.0,0.0,1.0
2018,85,85,85410,TAURAMENA,1.0,0.0,128.0,0.0,0.0,0.0,1.0
2018,85,85,85430,TRINIDAD,0.0,0.0,37.0,0.0,0.0,0.0,1.0
2018,85,85,85440,VILLANUEVA,0.0,0.0,1.0,0.0,0.0,0.0,1.0
2018,86,86,86001,MOCOA,0.0,953.0,553.0,33.0,63.0,0.0,6.0
2018,86,86,86320,ORITO,0.0,0.0,61.0,0.0,0.0,0.0,1.0
2018,86,86,86568,PUERTO ASÍS,0.0,1739.0,196.0,0.0,0.0,0.0,4.0
2018,86,86,86749,SIBUNDOY,0.0,223.0,319.0,0.0,0.0,0.0,3.0
2018,86,86,86755,SAN FRANCISCO,0.0,0.0,27.0,0.0,0.0,0.0,1.0
2018,86,86,86865,VALLE DEL GUAMUEZ,0.0,12.0,209.0,3.0,41.0,0.0,3.0
2018,88,88,88001,SAN ANDRÉS,75.0,1242.0,25.0,26.0,34.0,15.0,6.0
2018,88,88,88564,PROVIDENCIA,0.0,40.0,26.0,0.0,0.0,0.0,2.0
2018,91,91,91001,LETICIA,0.0,322.0,318.0,14.0,98.0,11.0,8.0
2018,94,94,94001,INÍRIDA,0.0,364.0,126.0,81.0,3.0,0.0,2.0
2018,95,95,95001,SAN JOSÉ DEL GUAVIARE,0.0,1532.0,643.0,32.0,1.0,0.0,5.0
2018,97,97,97001,MITÚ,0.0,128.0,37.0,0.0,26.0,0.0,4.0
2018,99,99,99001,PUERTO CARREÑO,0.0,488.0,93.0,24.0,0.0,0.0,4.0
2019,11,11,11001,BOGOTÁ D.C.,33981.0,146778.0,512491.0,49294.0,26471.0,2298.0,125.0
2019,13,13,13001,CARTAGENA DE INDIAS,1511.0,27561.0,39363.0,2139.0,1107.0,108.0,36.0
2019,13,13,13006,ACHÍ,0.0,0.0,10.0,0.0,0.0,0.0,1.0
2019,13,13,13030,ALTOS DEL ROSARIO,1.0,0.0,0.0,0.0,0.0,0.0,1.0
2019,13,13,13188,CICUCO,2.0,0.0,0.0,0.0,0.0,0.0,2.0
2019,13,13,13212,CÓRDOBA,3.0,0.0,0.0,0.0,0.0,0.0,1.0
2019,13,13,13244,EL CARMEN DE BOLÍVAR,0.0,29.0,527.0,0.0,0.0,0.0,2.0
2019,13,13,13430,MAGANGUÉ,94.0,49.0,891.0,17.0,0.0,0.0,3.0
2019,13,13,13442,MARÍA LA BAJA,2.0,29.0,104.0,0.0,0.0,0.0,3.0
2019,13,13,13468,SANTA CRUZ DE MOMPOX,1.0,118.0,570.0,3.0,0.0,0.0,4.0
2019,13,13,13647,SAN ESTANISLAO,0.0,1.0,0.0,0.0,0.0,0.0,1.0
2019,13,13,13657,SAN JUAN NEPOMUCENO,0.0,0.0,927.0,0.0,0.0,0.0,1.0
2019,13,13,13667,SAN MARTÍN DE LOBA,1.0,0.0,0.0,0.0,0.0,0.0,1.0
2019,13,13,13670,SAN PABLO,0.0,8.0,0.0,0.0,0.0,0.0,1.0
2019,13,13,13688,SANTA ROSA DEL SUR,0.0,33.0,78.0,0.0,0.0,0.0,2.0
2019,13,13,13810,TIQUISIO,1.0,0.0,0.0,0.0,0.0,0.0,1.0
2019,13,13,13836,TURBACO,0.0,0.0,45.0,0.0,0.0,0.0,1.0
2019,13,13,13873,VILLANUEVA,0.0,1.0,80.0,0.0,0.0,0.0,1.0
2019,13,13,13894,ZAMBRANO,1.0,0.0,0.0,0.0,0.0,0.0,1.0
2019,15,15,15001,TUNJA,629.0,6152.0,28123.0,2451.0,1516.0,173.0,11.0
2019,15,15,15047,AQUITANIA,0.0,0.0,2.0,0.0,0.0,0.0,1.0
2019,15,15,15087,BELÉN,0.0,0.0,1.0,0.0,0.0,0.0,1.0
2019,15,15,15097,BOAVITA,0.0,5.0,84.0,0.0,0.0,0.0,1.0
2019,15,15,15114,BUSBANZÁ,0.0,0.0,1.0,0.0,0.0,0.0,1.0
2019,15,15,15131,CALDAS,0.0,0.0,1.0,0.0,0.0,0.0,1.0
2019,15,15,15162,CERINZA,0.0,0.0,2.0,0.0,0.0,0.0,1.0
2019,15,15,15176,CHIQUINQUIRÁ,78.0,151.0,3077.0,40.0,44.0,0.0,8.0
2019,15,15,15180,CHISCAS,0.0,0.0,8.0,0.0,0.0,0.0,1.0
2019,15,15,15187,CHIVATÁ,0.0,0.0,2.0,0.0,0.0,0.0,1.0
2019,15,15,15189,CIÉNEGA,0.0,0.0,1.0,0.0,0.0,0.0,1.0
2019,15,15,15223,CUBARÁ,0.0,9.0,184.0,0.0,0.0,0.0,1.0
2019,15,15,15224,CUCAITA,1.0,0.0,1.0,0.0,0.0,0.0,2.0
2019,15,15,15236,CHIVOR,1.0,0.0,0.0,0.0,0.0,0.0,1.0
2019,15,15,15238,DUITAMA,140.0,1703.0,5573.0,344.0,53.0,0.0,8.0
2019,15,15,15299,GARAGOA,81.0,43.0,310.0,9.0,1.0,0.0,3.0
2019,15,15,15322,GUATEQUE,0.0,0.0,62.0,0.0,0.0,0.0,1.0
2019,15,15,15332,GÜICÁN DE LA SIERRA,0.0,0.0,1.0,0.0,0.0,0.0,1.0
2019,15,15,15407,VILLA DE LEYVA,0.0,7.0,0.0,0.0,0.0,0.0,1.0
2019,15,15,15455,MIRAFLORES,15.0,18.0,49.0,0.0,0.0,0.0,2.0
2019,15,15,15466,MONGUÍ,0.0,0.0,1.0,0.0,0.0,0.0,1.0
2019,15,15,15469,MONIQUIRÁ,0.0,0.0,205.0,3.0,0.0,0.0,3.0
2019,15,15,15480,MUZO,0.0,0.0,1.0,0.0,0.0,0.0,1.0
2019,15,15,15491,NOBSA,0.0,0.0,2.0,0.0,0.0,0.0,1.0
2019,15,15,15494,NUEVO COLÓN,0.0,0.0,1.0,0.0,0.0,0.0,1.0
2019,15,15,15507,OTANCHE,0.0,0.0,24.0,0.0,0.0,0.0,1.0
2019,15,15,15516,PAIPA,0.0,0.0,1.0,0.0,0.0,0.0,1.0
2019,15,15,15572,PUERTO BOYACÁ,2.0,543.0,23.0,0.0,0.0,0.0,3.0
2019,15,15,15621,RONDÓN,0.0,15.0,2.0,0.0,0.0,0.0,1.0
2019,15,15,15646,SAMACÁ,0.0,1.0,2.0,0.0,0.0,0.0,1.0
2019,15,15,15676,SAN MIGUEL DE SEMA,0.0,0.0,0.0,0.0,1.0,0.0,1.0
2019,15,15,15693,SANTA ROSA DE VITERBO,340.0,0.0,0.0,0.0,0.0,0.0,1.0
2019,15,15,15753,SOATÁ,1.0,18.0,220.0,1.0,0.0,0.0,4.0
2019,15,15,15757,SOCHA,1.0,13.0,110.0,1.0,0.0,0.0,2.0
2019,15,15,15759,SOGAMOSO,145.0,5785.0,6838.0,400.0,126.0,7.0,6.0
2019,15,15,15778,SUTATENZA,30.0,0.0,0.0,0.0,0.0,0.0,1.0
2019,15,15,15814,TOCA,0.0,0.0,2.0,0.0,0.0,0.0,1.0
2019,15,15,15816,TOGÜÍ,0.0,0.0,1.0,0.0,0.0,0.0,1.0
2019,17,17,17001,MANIZALES,3307.0,7281.0,30445.0,2613.0,2865.0,487.0,14.0
2019,17,17,17013,AGUADAS,24.0,16.0,32.0,0.0,0.0,0.0,3.0
2019,17,17,17042,ANSERMA,0.0,208.0,93.0,0.0,0.0,0.0,2.0
2019,17,17,17088,BELALCÁZAR,0.0,0.0,36.0,0.0,0.0,0.0,1.0
2019,17,17,17174,CHINCHINÁ,19.0,0.0,0.0,47.0,0.0,0.0,2.0
2019,17,17,17272,FILADELFIA,27.0,39.0,20.0,0.0,0.0,0.0,2.0
2019,17,17,17380,LA DORADA,1.0,1279.0,956.0,24.0,2.0,0.0,5.0
2019,17,17,17433,MANZANARES,15.0,0.0,22.0,0.0,0.0,0.0,2.0
2019,17,17,17444,MARQUETALIA,40.0,0.0,0.0,0.0,0.0,0.0,1.0
2019,17,17,17486,NEIRA,46.0,0.0,0.0,0.0,0.0,0.0,1.0
2019,17,17,17513,PÁCORA,0.0,0.0,16.0,0.0,0.0,0.0,1.0
2019,17,17,17541,PENSILVANIA,158.0,65.0,22.0,0.0,0.0,0.0,2.0
2019,17,17,17614,RIOSUCIO,0.0,181.0,106.0,0.0,0.0,0.0,3.0
2019,17,17,17662,SAMANÁ,56.0,0.0,16.0,0.0,0.0,0.0,2.0
2019,17,17,17665,SAN JOSÉ,0.0,0.0,15.0,0.0,0.0,0.0,2.0
2019,17,17,17877,VITERBO,1.0,0.0,0.0,0.0,0.0,0.0,1.0
2019,18,18,18001,FLORENCIA,68.0,1476.0,9367.0,454.0,278.0,27.0,7.0
2019,18,18,18029,ALBANIA,3.0,0.0,0.0,0.0,0.0,0.0,1.0
2019,18,18,18094,BELÉN DE LOS ANDAQUÍES,0.0,0.0,57.0,0.0,0.0,0.0,2.0
2019,18,18,18150,CARTAGENA DEL CHAIRÁ,3.0,0.0,36.0,0.0,0.0,0.0,2.0
2019,18,18,18205,CURILLO,1.0,0.0,0.0,0.0,0.0,0.0,1.0
2019,18,18,18247,EL DONCELLO,1.0,0.0,35.0,0.0,0.0,0.0,3.0
2019,18,18,18256,EL PAUJÍL,0.0,0.0,57.0,0.0,0.0,0.0,1.0
2019,18,18,18410,LA MONTAÑITA,2.0,0.0,0.0,0.0,0.0,0.0,1.0
2019,18,18,18592,PUERTO RICO,2.0,0.0,1.0,0.0,0.0,0.0,2.0
2019,18,18,18610,SAN JOSÉ DEL FRAGUA,1.0,1.0,34.0,0.0,0.0,0.0,2.0
2019,18,18,18753,SAN VICENTE DEL CAGUÁN,5.0,6.0,263.0,1.0,1.0,0.0,5.0
2019,18,18,18860,VALPARAÍSO,1.0,0.0,1.0,0.0,0.0,0.0,2.0
2019,19,19,19001,POPAYÁN,0.0,12440.0,28608.0,1829.0,814.0,138.0,19.0
2019,19,19,19022,ALMAGUER,0.0,0.0,5.0,0.0,0.0,0.0,1.0
2019,19,19,19100,BOLÍVAR,0.0,0.0,2.0,0.0,0.0,0.0,1.0
2019,19,19,19110,BUENOS AIRES,0.0,1.0,7.0,0.0,0.0,0.0,1.0
2019,19,19,19137,CALDONO,0.0,1.0,72.0,0.0,0.0,0.0,2.0
2019,19,19,19142,CALOTO,0.0,2.0,20.0,0.0,0.0,0.0,1.0
2019,19,19,19212,CORINTO,0.0,1.0,12.0,0.0,0.0,0.0,1.0
2019,19,19,19256,EL TAMBO,0.0,0.0,6.0,0.0,0.0,0.0,1.0
2019,19,19,19290,FLORENCIA,118.0,45.0,15.0,0.0,0.0,0.0,1.0
2019,19,19,19318,GUAPI,0.0,0.0,1.0,0.0,0.0,0.0,1.0
2019,19,19,19355,INZÁ,0.0,0.0,41.0,0.0,0.0,0.0,1.0
2019,19,19,19364,JAMBALÓ,0.0,0.0,20.0,0.0,0.0,0.0,1.0
2019,19,19,19392,LA SIERRA,0.0,0.0,5.0,0.0,0.0,0.0,1.0
2019,19,19,19397,LA VEGA,0.0,0.0,1.0,0.0,0.0,0.0,1.0
2019,19,19,19418,LÓPEZ DE MICAY,0.0,0.0,10.0,0.0,0.0,0.0,1.0
2019,19,19,19455,MIRANDA,0.0,0.0,181.0,0.0,0.0,0.0,3.0
2019,19,19,19473,MORALES,0.0,29.0,22.0,0.0,0.0,0.0,1.0
2019,19,19,19517,PÁEZ,1.0,3.0,79.0,0.0,0.0,0.0,2.0
2019,19,19,19532,PATÍA,0.0,18.0,414.0,1.0,1.0,0.0,2.0
2019,19,19,19548,PIENDAMÓ - TUNÍA,0.0,0.0,4.0,0.0,0.0,0.0,1.0
2019,19,19,19585,PURACÉ,0.0,0.0,9.0,0.0,0.0,0.0,1.0
2019,19,19,19622,ROSAS,0.0,0.0,29.0,0.0,0.0,0.0,2.0
2019,19,19,19693,SAN SEBASTIÁN,0.0,0.0,2.0,0.0,0.0,0.0,1.0
2019,19,19,19698,SANTANDER DE QUILICHAO,0.0,1322.0,4548.0,9.0,78.0,0.0,8.0
2019,19,19,19743,SILVIA,0.0,33.0,43.0,0.0,0.0,0.0,2.0
2019,19,19,19760,SOTARÁ PAISPAMBA,0.0,0.0,3.0,0.0,0.0,0.0,1.0
2019,19,19,19780,SUÁREZ,0.0,3.0,4.0,0.0,0.0,0.0,1.0
2019,19,19,19809,TIMBIQUÍ,0.0,0.0,15.0,0.0,0.0,0.0,1.0
2019,19,19,19821,TORIBÍO,0.0,4.0,103.0,0.0,0.0,0.0,2.0
2019,19,19,19824,TOTORÓ,0.0,0.0,16.0,0.0,0.0,0.0,1.0
2019,20,20,20001,VALLEDUPAR,6.0,8150.0,23504.0,1309.0,275.0,0.0,18.0
2019,20,20,20011,AGUACHICA,2.0,2004.0,2451.0,6.0,0.0,0.0,4.0
2019,20,20,20013,AGUSTÍN CODAZZI,0.0,0.0,2.0,0.0,0.0,0.0,1.0
2019,20,20,20060,BOSCONIA,0.0,0.0,24.0,0.0,0.0,0.0,2.0
2019,20,20,20175,CHIMICHAGUA,0.0,1.0,0.0,0.0,0.0,0.0,1.0
2019,20,20,20178,CHIRIGUANÁ,1.0,0.0,0.0,0.0,0.0,0.0,1.0
2019,20,20,20228,CURUMANÍ,1.0,31.0,291.0,1.0,1.0,0.0,2.0
2019,20,20,20238,EL COPEY,2.0,0.0,0.0,0.0,0.0,0.0,2.0
2019,20,20,20250,EL PASO,3.0,0.0,0.0,0.0,0.0,0.0,1.0
2019,20,20,20570,PUEBLO BELLO,1.0,0.0,0.0,0.0,0.0,0.0,1.0
2019,23,23,23001,MONTERÍA,856.0,2913.0,29255.0,1013.0,234.0,0.0,18.0
2019,23,23,23079,BUENAVISTA,6.0,0.0,0.0,0.0,0.0,0.0,1.0
2019,23,23,23090,CANALETE,7.0,0.0,0.0,0.0,0.0,0.0,1.0
2019,23,23,23162,CERETÉ,108.0,60.0,742.0,0.0,0.0,0.0,3.0
2019,23,23,23168,CHIMÁ,3.0,0.0,0.0,0.0,0.0,0.0,1.0
2019,23,23,23182,CHINÚ,11.0,0.0,2.0,0.0,0.0,0.0,2.0
2019,23,23,23189,CIÉNAGA DE ORO,4.0,0.0,1574.0,0.0,0.0,6.0,3.0
2019,23,23,23300,COTORRA,6.0,1.0,2.0,0.0,0.0,0.0,2.0
2019,23,23,23417,LORICA,9.0,1.0,1720.0,0.0,0.0,0.0,5.0
2019,23,23,23464,MOMIL,4.0,0.0,0.0,0.0,0.0,0.0,1.0
2019,23,23,23466,MONTELÍBANO,3.0,0.0,161.0,0.0,0.0,0.0,3.0
2019,23,23,23500,MOÑITOS,0.0,0.0,41.0,0.0,0.0,0.0,2.0
2019,23,23,23555,PLANETA RICA,7.0,0.0,285.0,0.0,0.0,0.0,3.0
2019,23,23,23570,PUEBLO NUEVO,4.0,0.0,0.0,0.0,0.0,0.0,1.0
2019,23,23,23574,PUERTO ESCONDIDO,1.0,0.0,37.0,0.0,0.0,0.0,2.0
2019,23,23,23580,PUERTO LIBERTADOR,5.0,0.0,0.0,0.0,0.0,0.0,1.0
2019,23,23,23586,PURÍSIMA DE LA CONCEPCIÓN,2.0,0.0,0.0,0.0,0.0,0.0,1.0
2019,23,23,23660,SAHAGÚN,9.0,63.0,1318.0,20.0,6.0,0.0,5.0
2019,23,23,23670,SAN ANDRÉS DE SOTAVENTO,12.0,0.0,82.0,0.0,0.0,0.0,3.0
2019,23,23,23672,SAN ANTERO,1.0,0.0,31.0,0.0,0.0,0.0,3.0
2019,23,23,23675,SAN BERNARDO DEL VIENTO,15.0,0.0,89.0,0.0,0.0,0.0,2.0
2019,23,23,23678,SAN CARLOS,3.0,0.0,0.0,0.0,0.0,0.0,1.0
2019,23,23,23686,SAN PELAYO,6.0,1.0,4.0,0.0,0.0,0.0,3.0
2019,23,23,23807,TIERRALTA,25.0,1.0,151.0,0.0,0.0,0.0,3.0
2019,23,23,23815,TUCHÍN,14.0,0.0,9.0,0.0,0.0,0.0,1.0
2019,23,23,23855,VALENCIA,12.0,0.0,41.0,0.0,0.0,0.0,3.0
2019,25,25,25001,AGUA DE DIOS,0.0,0.0,4.0,0.0,0.0,0.0,1.0
2019,25,25,25035,ANAPOIMA,11.0,0.0,0.0,0.0,0.0,0.0,1.0
2019,25,25,25040,ANOLAIMA,1.0,0.0,0.0,0.0,0.0,0.0,1.0
2019,25,25,25053,ARBELÁEZ,2.0,3.0,25.0,1.0,0.0,0.0,2.0
2019,25,25,25086,BELTRÁN,1.0,0.0,0.0,0.0,0.0,0.0,1.0
2019,25,25,25123,CACHIPAY,1.0,0.0,0.0,0.0,0.0,0.0,1.0
2019,25,25,25126,CAJICÁ,14.0,237.0,4560.0,213.0,0.0,43.0,3.0
2019,25,25,25151,CÁQUEZA,1.0,0.0,10.0,0.0,0.0,0.0,2.0
2019,25,25,25154,CARMEN DE CARUPA,1.0,0.0,0.0,0.0,0.0,0.0,1.0
2019,25,25,25175,CHÍA,160.0,6438.0,12336.0,1385.0,1206.0,49.0,6.0
2019,25,25,25178,CHIPAQUE,0.0,0.0,32.0,0.0,0.0,0.0,1.0
2019,25,25,25183,CHOCONTÁ,3.0,0.0,0.0,0.0,0.0,0.0,1.0
2019,25,25,25200,COGUA,1.0,1.0,30.0,0.0,0.0,0.0,2.0
2019,25,25,25214,COTA,11.0,0.0,0.0,0.0,0.0,0.0,1.0
2019,25,25,25245,EL COLEGIO,9.0,33.0,2.0,0.0,0.0,0.0,2.0
2019,25,25,25260,EL ROSAL,1.0,0.0,0.0,0.0,0.0,0.0,1.0
2019,25,25,25269,FACATATIVÁ,756.0,173.0,5517.0,100.0,5.0,0.0,11.0
2019,25,25,25279,FÓMEQUE,1.0,0.0,0.0,0.0,0.0,0.0,1.0
2019,25,25,25286,FUNZA,25.0,127.0,39.0,0.0,0.0,0.0,4.0
2019,25,25,25290,FUSAGASUGÁ,604.0,2927.0,4597.0,308.0,94.0,0.0,9.0
2019,25,25,25295,GACHANCIPÁ,8.0,1.0,0.0,0.0,0.0,0.0,1.0
2019,25,25,25297,GACHETÁ,0.0,80.0,537.0,6.0,1.0,0.0,2.0
2019,25,25,25307,GIRARDOT,88.0,3893.0,4621.0,318.0,8.0,0.0,8.0
2019,25,25,25317,GUACHETÁ,0.0,0.0,40.0,0.0,0.0,0.0,1.0
2019,25,25,25320,GUADUAS,0.0,0.0,5.0,0.0,0.0,0.0,1.0
2019,25,25,25322,GUASCA,2.0,0.0,0.0,0.0,0.0,0.0,1.0
2019,25,25,25335,GUAYABETAL,0.0,0.0,1.0,0.0,0.0,0.0,1.0
2019,25,25,25372,JUNÍN,0.0,0.0,1.0,0.0,0.0,0.0,1.0
2019,25,25,25377,LA CALERA,3.0,1.0,0.0,0.0,0.0,0.0,1.0
2019,25,25,25386,LA MESA,6.0,0.0,0.0,0.0,0.0,0.0,1.0
2019,25,25,25394,LA PALMA,1.0,0.0,24.0,0.0,0.0,0.0,2.0
2019,25,25,25426,MACHETÁ,1.0,0.0,0.0,0.0,0.0,0.0,1.0
2019,25,25,25430,MADRID,23.0,573.0,0.0,0.0,0.0,0.0,2.0
2019,25,25,25473,MOSQUERA,57.0,4804.0,189.0,316.0,0.0,0.0,5.0
2019,25,25,25486,NEMOCÓN,1.0,0.0,0.0,0.0,0.0,0.0,1.0
2019,25,25,25488,NILO,1.0,5665.0,0.0,0.0,0.0,0.0,2.0
2019,25,25,25513,PACHO,1.0,123.0,25.0,0.0,0.0,0.0,3.0
2019,25,25,25530,PARATEBUENO,0.0,0.0,1.0,0.0,0.0,0.0,1.0
2019,25,25,25535,PASCA,4.0,1.0,0.0,0.0,0.0,0.0,1.0
2019,25,25,25580,PULÍ,1.0,0.0,0.0,0.0,0.0,0.0,1.0
2019,25,25,25594,QUETAME,0.0,0.0,38.0,0.0,0.0,0.0,1.0
2019,25,25,25612,RICAURTE,1.0,0.0,0.0,0.0,0.0,0.0,1.0
2019,25,25,25645,SAN ANTONIO DEL TEQUENDAMA,1.0,0.0,0.0,0.0,0.0,0.0,1.0
2019,25,25,25649,SAN BERNARDO,1.0,0.0,0.0,0.0,0.0,0.0,1.0
2019,25,25,25662,SAN JUAN DE RIOSECO,0.0,0.0,23.0,0.0,0.0,0.0,1.0
2019,25,25,25736,SESQUILÉ,3.0,0.0,0.0,0.0,0.0,0.0,1.0
2019,25,25,25740,SIBATÉ,3.0,0.0,974.0,0.0,0.0,0.0,3.0
2019,25,25,25743,SILVANIA,1.0,0.0,0.0,0.0,0.0,0.0,1.0
2019,25,25,25745,SIMIJACA,0.0,0.0,1.0,0.0,0.0,0.0,1.0
2019,25,25,25754,SOACHA,131.0,6033.0,3792.0,560.0,6.0,0.0,7.0
2019,25,25,25758,SOPÓ,3.0,0.0,0.0,0.0,0.0,0.0,1.0
2019,25,25,25769,SUBACHOQUE,2.0,0.0,0.0,0.0,0.0,0.0,1.0
2019,25,25,25785,TABIO,4.0,0.0,0.0,0.0,0.0,0.0,1.0
2019,25,25,25793,TAUSA,0.0,0.0,59.0,0.0,0.0,0.0,1.0
2019,25,25,25797,TENA,0.0,0.0,26.0,0.0,0.0,0.0,1.0
2019,25,25,25799,TENJO,3.0,0.0,0.0,0.0,0.0,0.0,1.0
2019,25,25,25815,TOCAIMA,30.0,40.0,20.0,0.0,0.0,0.0,1.0
2019,25,25,25817,TOCANCIPÁ,11.0,1.0,0.0,0.0,0.0,0.0,1.0
2019,25,25,25823,TOPAIPÍ,1.0,0.0,0.0,0.0,0.0,0.0,1.0
2019,25,25,25843,VILLA DE SAN DIEGO DE UBATÉ,5.0,0.0,1089.0,0.0,0.0,0.0,2.0
2019,25,25,25845,UNE,1.0,0.0,0.0,0.0,0.0,0.0,1.0
2019,25,25,25873,VILLAPINZÓN,2.0,0.0,0.0,0.0,0.0,0.0,1.0
2019,25,25,25875,VILLETA,1.0,2595.0,0.0,221.0,0.0,0.0,2.0
2019,25,25,25878,VIOTÁ,2.0,0.0,0.0,0.0,0.0,0.0,1.0
2019,25,25,25899,ZIPAQUIRÁ,14.0,203.0,2565.0,26.0,2.0,0.0,6.0
2019,27,27,27001,QUIBDÓ,102.0,885.0,12124.0,313.0,61.0,0.0,11.0
2019,27,27,27006,ACANDÍ,1.0,0.0,9.0,0.0,0.0,0.0,2.0
2019,27,27,27025,ALTO BAUDÓ,1.0,0.0,0.0,0.0,0.0,0.0,1.0
2019,27,27,27099,BOJAYÁ,1.0,0.0,0.0,0.0,0.0,0.0,1.0
2019,27,27,27250,EL LITORAL DEL SAN JUAN,1.0,0.0,20.0,0.0,0.0,0.0,2.0
2019,27,27,27361,ISTMINA,0.0,0.0,1125.0,0.0,0.0,0.0,3.0
2019,27,27,27413,LLORÓ,0.0,1.0,0.0,0.0,0.0,0.0,1.0
2019,27,27,27787,TADÓ,1.0,0.0,0.0,0.0,0.0,0.0,1.0
2019,41,41,41001,NEIVA,380.0,4955.0,20607.0,934.0,833.0,27.0,23.0
2019,41,41,41006,ACEVEDO,2.0,0.0,25.0,0.0,0.0,0.0,2.0
2019,41,41,41016,AIPE,2.0,1.0,0.0,0.0,0.0,0.0,1.0
2019,41,41,41020,ALGECIRAS,0.0,1.0,36.0,0.0,0.0,0.0,2.0
2019,41,41,41026,ALTAMIRA,0.0,0.0,1.0,0.0,0.0,0.0,1.0
2019,41,41,41132,CAMPOALEGRE,3.0,1443.0,0.0,76.0,0.0,0.0,2.0
2019,41,41,41298,GARZÓN,1.0,1661.0,698.0,51.0,0.0,0.0,6.0
2019,41,41,41306,GIGANTE,3.0,0.0,1.0,0.0,0.0,0.0,1.0
2019,41,41,41396,LA PLATA,1.0,1517.0,1096.0,54.0,1.0,0.0,6.0
2019,41,41,41524,PALERMO,1.0,0.0,0.0,0.0,0.0,0.0,1.0
2019,41,41,41551,PITALITO,2.0,2693.0,3497.0,44.0,46.0,0.0,11.0
2019,41,41,41615,RIVERA,301.0,199.0,213.0,0.0,0.0,0.0,2.0
2019,41,41,41668,SAN AGUSTÍN,8.0,0.0,40.0,0.0,0.0,0.0,2.0
2019,41,41,41676,SANTA MARÍA,2.0,0.0,0.0,0.0,0.0,0.0,1.0
2019,41,41,41801,TERUEL,3.0,0.0,0.0,0.0,0.0,0.0,1.0
2019,41,41,41885,YAGUARÁ,0.0,1.0,0.0,0.0,0.0,0.0,1.0
2019,44,44,44001,RIOHACHA,307.0,2292.0,10054.0,142.0,443.0,1.0,9.0
2019,44,44,44035,ALBANIA,0.0,0.0,0.0,0.0,13.0,0.0,1.0
2019,44,44,44090,DIBULLA,2.0,0.0,0.0,0.0,0.0,0.0,1.0
2019,44,44,44279,FONSECA,1.0,2797.0,1015.0,63.0,0.0,0.0,3.0
2019,44,44,44430,MAICAO,4.0,123.0,2502.0,0.0,0.0,0.0,4.0
2019,44,44,44560,MANAURE,1.0,0.0,280.0,0.0,0.0,0.0,2.0
2019,44,44,44650,SAN JUAN DEL CESAR,403.0,13.0,0.0,0.0,0.0,0.0,2.0
2019,44,44,44847,URIBIA,1.0,0.0,37.0,0.0,0.0,0.0,2.0
2019,44,44,44874,VILLANUEVA,1.0,0.0,868.0,0.0,0.0,0.0,2.0
2019,47,47,47001,SANTA MARTA,2178.0,6097.0,25961.0,1164.0,332.0,41.0,14.0
2019,47,47,47053,ARACATACA,14.0,0.0,0.0,0.0,0.0,0.0,2.0
2019,47,47,47058,ARIGUANÍ,5.0,0.0,0.0,0.0,0.0,0.0,1.0
2019,47,47,47170,CHIVOLO,1.0,0.0,0.0,0.0,0.0,0.0,1.0
2019,47,47,47189,CIÉNAGA,694.0,369.0,0.0,0.0,0.0,0.0,3.0
2019,47,47,47245,EL BANCO,15.0,4.0,78.0,0.0,0.0,0.0,2.0
2019,47,47,47258,EL PIÑÓN,1.0,0.0,0.0,0.0,0.0,0.0,1.0
2019,47,47,47268,EL RETÉN,8.0,1.0,0.0,0.0,0.0,0.0,2.0
2019,47,47,47288,FUNDACIÓN,31.0,0.0,3.0,0.0,0.0,0.0,1.0
2019,47,47,47460,NUEVA GRANADA,1.0,0.0,0.0,0.0,0.0,0.0,1.0
2019,47,47,47551,PIVIJAY,5.0,0.0,0.0,0.0,0.0,0.0,1.0
2019,47,47,47555,PLATO,7.0,4.0,185.0,0.0,1.0,0.0,3.0
2019,47,47,47570,PUEBLOVIEJO,47.0,0.0,0.0,0.0,0.0,0.0,2.0
2019,47,47,47675,SALAMINA,0.0,1.0,0.0,0.0,0.0,0.0,1.0
2019,47,47,47692,SAN SEBASTIÁN DE BUENAVISTA,1.0,0.0,0.0,0.0,0.0,0.0,1.0
2019,47,47,47798,TENERIFE,1.0,0.0,0.0,0.0,0.0,0.0,1.0
2019,47,47,47980,ZONA BANANERA,34.0,2.0,0.0,0.0,0.0,0.0,2.0
2019,5,5,5001,MEDELLÍN,1926.0,67888.0,163379.0,12571.0,6528.0,1506.0,50.0
2019,5,5,5031,AMALFI,0.0,0.0,81.0,0.0,0.0,0.0,1.0
2019,5,5,5034,ANDES,45.0,15.0,538.0,0.0,6.0,0.0,3.0
2019,5,5,5040,ANORÍ,0.0,0.0,1.0,0.0,0.0,0.0,1.0
2019,5,5,5042,SANTA FÉ DE ANTIOQUIA,0.0,1187.0,107.0,30.0,0.0,0.0,3.0
2019,5,5,5045,APARTADÓ,10.0,7836.0,2421.0,216.0,8.0,0.0,12.0
2019,5,5,5059,ARMENIA,49.0,9.0,51.0,0.0,0.0,0.0,2.0
2019,5,5,5079,BARBOSA,0.0,1.0,0.0,0.0,0.0,0.0,1.0
2019,5,5,5088,BELLO,0.0,779.0,7211.0,128.0,0.0,0.0,3.0
2019,5,5,5101,CIUDAD BOLÍVAR,0.0,0.0,51.0,0.0,0.0,0.0,2.0
2019,5,5,5129,CALDAS,0.0,2544.0,1544.0,116.0,1.0,0.0,2.0
2019,5,5,5147,CAREPA,0.0,5.0,289.0,12.0,0.0,0.0,2.0
2019,5,5,5148,EL CARMEN DE VIBORAL,48.0,117.0,1777.0,11.0,28.0,0.0,1.0
2019,5,5,5154,CAUCASIA,0.0,2282.0,538.0,73.0,0.0,0.0,3.0
2019,5,5,5172,CHIGORODÓ,0.0,0.0,40.0,0.0,0.0,0.0,2.0
2019,5,5,5190,CISNEROS,0.0,299.0,0.0,0.0,0.0,0.0,1.0
2019,5,5,5212,COPACABANA,0.0,0.0,336.0,0.0,0.0,0.0,1.0
2019,5,5,5250,EL BAGRE,117.0,95.0,0.0,0.0,0.0,0.0,3.0
2019,5,5,5266,ENVIGADO,633.0,132.0,4663.0,260.0,14.0,0.0,5.0
2019,5,5,5306,GIRALDO,0.0,0.0,19.0,0.0,0.0,0.0,1.0
2019,5,5,5313,GRANADA,0.0,0.0,1.0,0.0,0.0,0.0,1.0
2019,5,5,5318,GUARNE,0.0,117.0,0.0,0.0,0.0,0.0,1.0
2019,5,5,5360,ITAGÜÍ,89.0,9163.0,1407.0,1148.0,0.0,0.0,4.0
2019,5,5,5364,JARDÍN,0.0,0.0,18.0,0.0,0.0,0.0,1.0
2019,5,5,5368,JERICÓ,0.0,1.0,55.0,0.0,0.0,0.0,3.0
2019,5,5,5376,LA CEJA,0.0,108.0,3.0,0.0,0.0,0.0,2.0
2019,5,5,5380,LA ESTRELLA,703.0,0.0,0.0,0.0,0.0,0.0,1.0
2019,5,5,5390,LA PINTADA,0.0,0.0,118.0,0.0,0.0,0.0,2.0
2019,5,5,5440,MARINILLA,36.0,104.0,26.0,0.0,0.0,0.0,3.0
2019,5,5,5480,MUTATÁ,0.0,0.0,2.0,0.0,0.0,0.0,1.0
2019,5,5,5490,NECOCLÍ,2.0,0.0,26.0,0.0,0.0,0.0,3.0
2019,5,5,5579,PUERTO BERRÍO,0.0,2440.0,64.0,0.0,0.0,0.0,3.0
2019,5,5,5607,RETIRO,0.0,0.0,1.0,0.0,0.0,0.0,1.0
2019,5,5,5615,RIONEGRO,16.0,6515.0,5864.0,394.0,101.0,0.0,7.0
2019,5,5,5628,SABANALARGA,0.0,0.0,20.0,0.0,0.0,0.0,1.0
2019,5,5,5631,SABANETA,0.0,0.0,6544.0,579.0,101.0,0.0,4.0
2019,5,5,5649,SAN CARLOS,0.0,0.0,43.0,0.0,0.0,0.0,1.0
2019,5,5,5656,SAN JERÓNIMO,0.0,0.0,26.0,0.0,0.0,0.0,1.0
2019,5,5,5659,SAN JUAN DE URABÁ,0.0,2.0,0.0,0.0,0.0,0.0,1.0
2019,5,5,5664,SAN PEDRO DE LOS MILAGROS,0.0,55.0,0.0,0.0,0.0,0.0,1.0
2019,5,5,5686,SANTA ROSA DE OSOS,0.0,499.0,2860.0,163.0,35.0,0.0,4.0
2019,5,5,5736,SEGOVIA,0.0,33.0,63.0,0.0,0.0,0.0,2.0
2019,5,5,5756,SONSÓN,0.0,0.0,106.0,0.0,0.0,0.0,2.0
2019,5,5,5789,TÁMESIS,0.0,0.0,5.0,0.0,0.0,0.0,1.0
2019,5,5,5837,TURBO,4.0,147.0,1025.0,9.0,4.0,0.0,6.0
2019,5,5,5847,URRAO,0.0,0.0,27.0,0.0,0.0,0.0,1.0
2019,5,5,5887,YARUMAL,0.0,66.0,253.0,0.0,0.0,0.0,3.0
2019,5,5,5890,YOLOMBÓ,0.0,0.0,20.0,0.0,0.0,0.0,1.0
2019,50,50,50001,VILLAVICENCIO,902.0,4289.0,21256.0,786.0,203.0,8.0,23.0
2019,50,50,50006,ACACÍAS,0.0,220.0,2327.0,66.0,14.0,0.0,4.0
2019,50,50,50110,BARRANCA DE UPÍA,0.0,0.0,28.0,0.0,0.0,0.0,2.0
2019,50,50,50150,CASTILLA LA NUEVA,11.0,0.0,2.0,20.0,0.0,0.0,2.0
2019,50,50,50226,CUMARAL,2.0,29.0,233.0,5.0,0.0,0.0,3.0
2019,50,50,50251,EL CASTILLO,2.0,0.0,0.0,0.0,0.0,0.0,1.0
2019,50,50,50287,FUENTE DE ORO,2.0,0.0,0.0,0.0,0.0,0.0,1.0
2019,50,50,50313,GRANADA,73.0,757.0,60.0,0.0,0.0,0.0,3.0
2019,50,50,50330,MESETAS,1.0,0.0,0.0,0.0,0.0,0.0,1.0
2019,50,50,50350,LA MACARENA,0.0,47.0,16.0,0.0,0.0,0.0,2.0
2019,50,50,50400,LEJANÍAS,0.0,0.0,1.0,0.0,0.0,0.0,1.0
2019,50,50,50450,PUERTO CONCORDIA,0.0,0.0,22.0,0.0,0.0,0.0,1.0
2019,50,50,50568,PUERTO GAITÁN,1.0,0.0,0.0,0.0,0.0,0.0,1.0
2019,50,50,50573,PUERTO LÓPEZ,3.0,0.0,0.0,0.0,0.0,0.0,1.0
2019,50,50,50577,PUERTO LLERAS,2.0,0.0,0.0,0.0,0.0,0.0,1.0
2019,50,50,50590,PUERTO RICO,0.0,0.0,20.0,0.0,0.0,0.0,1.0
2019,50,50,50606,RESTREPO,1.0,0.0,0.0,0.0,0.0,0.0,1.0
2019,50,50,50680,SAN CARLOS DE GUAROA,2.0,0.0,0.0,0.0,0.0,0.0,1.0
2019,50,50,50683,SAN JUAN DE ARAMA,3.0,0.0,1.0,0.0,0.0,0.0,2.0
2019,50,50,50689,SAN MARTÍN,4.0,0.0,32.0,0.0,0.0,0.0,2.0
2019,50,50,50711,VISTAHERMOSA,1.0,0.0,0.0,0.0,0.0,0.0,1.0
2019,52,52,52001,PASTO,326.0,3349.0,31287.0,1194.0,991.0,50.0,26.0
2019,52,52,52019,ALBÁN,0.0,0.0,23.0,0.0,0.0,0.0,1.0
2019,52,52,52022,ALDANA,3.0,0.0,0.0,0.0,0.0,0.0,1.0
2019,52,52,52079,BARBACOAS,0.0,0.0,20.0,0.0,0.0,0.0,1.0
2019,52,52,52110,BUESACO,2.0,2.0,2.0,0.0,0.0,0.0,2.0
2019,52,52,52210,CONTADERO,3.0,0.0,0.0,0.0,0.0,0.0,1.0
2019,52,52,52215,CÓRDOBA,3.0,0.0,0.0,0.0,0.0,0.0,1.0
2019,52,52,52224,CUASPUD CARLOSAMA,1.0,0.0,0.0,0.0,0.0,0.0,1.0
2019,52,52,52227,CUMBAL,8.0,0.0,0.0,0.0,0.0,0.0,1.0
2019,52,52,52240,CHACHAGÜÍ,2.0,0.0,32.0,0.0,0.0,0.0,2.0
2019,52,52,52250,EL CHARCO,1.0,0.0,0.0,0.0,0.0,0.0,1.0
2019,52,52,52258,EL TABLÓN DE GÓMEZ,1.0,7.0,45.0,0.0,0.0,0.0,3.0
2019,52,52,52317,GUACHUCAL,3.0,0.0,0.0,0.0,0.0,0.0,1.0
2019,52,52,52323,GUALMATÁN,3.0,0.0,0.0,0.0,0.0,0.0,1.0
2019,52,52,52352,ILES,1.0,0.0,0.0,0.0,0.0,0.0,1.0
2019,52,52,52354,IMUÉS,1.0,0.0,0.0,0.0,0.0,0.0,1.0
2019,52,52,52356,IPIALES,338.0,765.0,1151.0,0.0,0.0,0.0,9.0
2019,52,52,52399,LA UNIÓN,24.0,0.0,43.0,0.0,0.0,0.0,2.0
2019,52,52,52405,LEIVA,1.0,0.0,0.0,0.0,0.0,0.0,1.0
2019,52,52,52411,LINARES,0.0,0.0,27.0,0.0,0.0,0.0,1.0
2019,52,52,52540,POLICARPA,1.0,0.0,0.0,0.0,0.0,0.0,1.0
2019,52,52,52560,POTOSÍ,3.0,0.0,0.0,0.0,0.0,0.0,1.0
2019,52,52,52573,PUERRES,20.0,0.0,0.0,0.0,0.0,0.0,1.0
2019,52,52,52585,PUPIALES,5.0,1.0,0.0,0.0,0.0,0.0,1.0
2019,52,52,52612,RICAURTE,0.0,0.0,38.0,0.0,0.0,0.0,2.0
2019,52,52,52678,SAMANIEGO,0.0,0.0,31.0,0.0,0.0,0.0,1.0
2019,52,52,52693,SAN PABLO,0.0,0.0,28.0,0.0,0.0,0.0,1.0
2019,52,52,52720,SAPUYES,2.0,0.0,0.0,0.0,0.0,0.0,1.0
2019,52,52,52786,TAMINANGO,1.0,0.0,0.0,0.0,0.0,0.0,1.0
2019,52,52,52835,SAN ANDRÉS DE TUMACO,1.0,786.0,1291.0,6.0,2.0,0.0,7.0
2019,52,52,52838,TÚQUERRES,42.0,0.0,358.0,0.0,0.0,0.0,3.0
2019,54,54,54001,SAN JOSÉ DE CÚCUTA,501.0,11298.0,26943.0,1731.0,768.0,0.0,22.0
2019,54,54,54051,ARBOLEDAS,0.0,0.0,28.0,0.0,0.0,0.0,1.0
2019,54,54,54172,CHINÁCOTA,0.0,2.0,0.0,0.0,0.0,0.0,1.0
2019,54,54,54239,DURANIA,0.0,1.0,31.0,0.0,0.0,0.0,1.0
2019,54,54,54313,GRAMALOTE,0.0,0.0,8.0,0.0,0.0,0.0,1.0
2019,54,54,54405,LOS PATIOS,2.0,0.0,0.0,0.0,0.0,0.0,1.0
2019,54,54,54498,OCAÑA,9.0,543.0,6917.0,131.0,67.0,0.0,7.0
2019,54,54,54518,PAMPLONA,145.0,890.0,14109.0,122.0,230.0,8.0,4.0
2019,54,54,54660,SALAZAR,0.0,0.0,12.0,0.0,0.0,0.0,1.0
2019,54,54,54673,SAN CAYETANO,0.0,0.0,21.0,0.0,0.0,0.0,1.0
2019,54,54,54810,TIBÚ,1.0,0.0,27.0,0.0,0.0,0.0,2.0
2019,54,54,54874,VILLA DEL ROSARIO,297.0,52.0,4883.0,45.0,0.0,0.0,2.0
2019,63,63,63001,ARMENIA,490.0,9260.0,17238.0,1279.0,340.0,43.0,18.0
2019,63,63,63111,BUENAVISTA,30.0,9.0,0.0,0.0,0.0,0.0,1.0
2019,63,63,63130,CALARCÁ,5.0,1.0,0.0,0.0,0.0,0.0,1.0
2019,63,63,63302,GÉNOVA,0.0,29.0,0.0,0.0,0.0,0.0,1.0
2019,63,63,63470,MONTENEGRO,6.0,0.0,0.0,0.0,0.0,0.0,1.0
2019,63,63,63594,QUIMBAYA,0.0,0.0,24.0,0.0,0.0,0.0,2.0
2019,66,66,66001,PEREIRA,1838.0,8735.0,30693.0,2064.0,1689.0,169.0,25.0
2019,66,66,66088,BELÉN DE UMBRÍA,1.0,0.0,0.0,0.0,0.0,0.0,1.0
2019,66,66,66170,DOSQUEBRADAS,4.0,3394.0,29.0,359.0,21.0,0.0,4.0
2019,66,66,66318,GUÁTICA,0.0,1.0,0.0,0.0,0.0,0.0,1.0
2019,66,66,66400,LA VIRGINIA,1.0,0.0,3.0,0.0,0.0,0.0,2.0
2019,66,66,66440,MARSELLA,1.0,0.0,0.0,0.0,0.0,0.0,1.0
2019,66,66,66572,PUEBLO RICO,0.0,0.0,16.0,0.0,0.0,0.0,1.0
2019,66,66,66594,QUINCHÍA,0.0,0.0,39.0,0.0,0.0,0.0,1.0
2019,66,66,66682,SANTA ROSA DE CABAL,0.0,78.0,1016.0,6.0,0.0,0.0,3.0
2019,66,66,66687,SANTUARIO,1.0,0.0,0.0,0.0,0.0,0.0,1.0
2019,68,68,68001,BUCARAMANGA,937.0,21157.0,56589.0,5654.0,8042.0,169.0,25.0
2019,68,68,68020,ALBANIA,0.0,0.0,2.0,0.0,0.0,0.0,1.0
2019,68,68,68077,BARBOSA,1.0,0.0,36.0,0.0,0.0,0.0,2.0
2019,68,68,68081,BARRANCABERMEJA,60.0,3885.0,6189.0,419.0,21.0,0.0,10.0
2019,68,68,68190,CIMITARRA,1.0,0.0,0.0,0.0,0.0,0.0,1.0
2019,68,68,68255,EL PLAYÓN,0.0,175.0,0.0,0.0,0.0,0.0,1.0
2019,68,68,68276,FLORIDABLANCA,2.0,1893.0,0.0,305.0,0.0,0.0,2.0
2019,68,68,68307,GIRÓN,0.0,3193.0,0.0,0.0,0.0,0.0,1.0
2019,68,68,68385,LANDÁZURI,1.0,0.0,0.0,0.0,0.0,0.0,1.0
2019,68,68,68432,MÁLAGA,0.0,1153.0,668.0,151.0,0.0,0.0,4.0
2019,68,68,68500,OIBA,0.0,0.0,43.0,2.0,0.0,0.0,1.0
2019,68,68,68524,PALMAS DEL SOCORRO,1.0,0.0,0.0,0.0,0.0,0.0,1.0
2019,68,68,68547,PIEDECUESTA,0.0,999.0,33.0,169.0,0.0,0.0,2.0
2019,68,68,68575,PUERTO WILCHES,1.0,0.0,0.0,0.0,0.0,0.0,1.0
2019,68,68,68673,SAN BENITO,0.0,0.0,1.0,0.0,0.0,0.0,1.0
2019,68,68,68679,SAN GIL,0.0,3295.0,2824.0,592.0,10.0,0.0,7.0
2019,68,68,68689,SAN VICENTE DE CHUCURÍ,1.0,0.0,0.0,0.0,0.0,0.0,1.0
2019,68,68,68755,SOCORRO,0.0,259.0,1212.0,129.0,60.0,0.0,3.0
2019,68,68,68770,SUAITA,0.0,0.0,1.0,0.0,0.0,0.0,1.0
2019,68,68,68861,VÉLEZ,201.0,2450.0,595.0,294.0,3.0,0.0,4.0
2019,70,70,70001,SINCELEJO,1074.0,2276.0,19904.0,239.0,99.0,0.0,17.0
2019,70,70,70110,BUENAVISTA,5.0,0.0,0.0,0.0,0.0,0.0,1.0
2019,70,70,70124,CAIMITO,4.0,0.0,0.0,0.0,0.0,0.0,1.0
2019,70,70,70204,COLOSÓ,9.0,0.0,0.0,0.0,0.0,0.0,1.0
2019,70,70,70215,COROZAL,530.0,88.0,1113.0,27.0,13.0,0.0,4.0
2019,70,70,70221,COVEÑAS,8.0,350.0,64.0,0.0,0.0,0.0,4.0
2019,70,70,70230,CHALÁN,4.0,0.0,0.0,0.0,0.0,0.0,1.0
2019,70,70,70233,EL ROBLE,4.0,0.0,0.0,0.0,0.0,0.0,1.0
2019,70,70,70235,GALERAS,23.0,0.0,0.0,0.0,0.0,0.0,1.0
2019,70,70,70400,LA UNIÓN,3.0,0.0,20.0,0.0,0.0,0.0,2.0
2019,70,70,70418,LOS PALMITOS,10.0,1.0,0.0,0.0,0.0,0.0,1.0
2019,70,70,70429,MAJAGUAL,6.0,0.0,67.0,0.0,0.0,0.0,2.0
2019,70,70,70473,MORROA,5.0,0.0,0.0,0.0,0.0,0.0,1.0
2019,70,70,70508,OVEJAS,10.0,1.0,4.0,0.0,0.0,0.0,3.0
2019,70,70,70523,PALMITO,2.0,0.0,0.0,0.0,0.0,0.0,1.0
2019,70,70,70670,SAMPUÉS,24.0,0.0,0.0,0.0,0.0,0.0,1.0
2019,70,70,70678,SAN BENITO ABAD,31.0,1.0,0.0,0.0,0.0,0.0,1.0
2019,70,70,70702,SAN JUAN DE BETULIA,25.0,1.0,0.0,0.0,0.0,0.0,1.0
2019,70,70,70708,SAN MARCOS,13.0,0.0,37.0,0.0,0.0,0.0,2.0
2019,70,70,70713,SAN ONOFRE,9.0,0.0,0.0,0.0,0.0,0.0,1.0
2019,70,70,70717,SAN PEDRO,4.0,1.0,1.0,0.0,0.0,0.0,2.0
2019,70,70,70742,SAN LUIS DE SINCÉ,9.0,0.0,40.0,0.0,0.0,0.0,3.0
2019,70,70,70771,SUCRE,3.0,0.0,0.0,0.0,0.0,0.0,1.0
2019,70,70,70820,SANTIAGO DE TOLÚ,26.0,17.0,0.0,0.0,0.0,0.0,2.0
2019,70,70,70823,SAN JOSÉ DE TOLUVIEJO,8.0,0.0,0.0,0.0,0.0,0.0,1.0
2019,73,73,73001,IBAGUÉ,1212.0,12637.0,22701.0,1540.0,459.0,54.0,20.0
2019,73,73,73024,ALPUJARRA,1.0,1.0,0.0,0.0,0.0,0.0,1.0
2019,73,73,73026,ALVARADO,2.0,0.0,0.0,0.0,0.0,0.0,1.0
2019,73,73,73055,ARMERO,1.0,0.0,0.0,0.0,0.0,0.0,1.0
2019,73,73,73168,CHAPARRAL,50.0,134.0,634.0,0.0,0.0,0.0,4.0
2019,73,73,73268,ESPINAL,2105.0,3302.0,1876.0,1290.0,0.0,0.0,6.0
2019,73,73,73270,FALAN,1.0,0.0,0.0,0.0,0.0,0.0,1.0
2019,73,73,73275,FLANDES,84.0,42.0,65.0,0.0,0.0,0.0,2.0
2019,73,73,73283,FRESNO,1.0,0.0,74.0,0.0,0.0,0.0,2.0
2019,73,73,73319,GUAMO,1.0,0.0,23.0,0.0,0.0,0.0,2.0
2019,73,73,73349,HONDA,2.0,326.0,220.0,0.0,0.0,0.0,4.0
2019,73,73,73352,ICONONZO,1.0,0.0,14.0,0.0,0.0,0.0,2.0
2019,73,73,73408,LÉRIDA,3.0,0.0,0.0,0.0,0.0,0.0,1.0
2019,73,73,73411,LÍBANO,6.0,20.0,242.0,2.0,0.0,0.0,3.0
2019,73,73,73443,SAN SEBASTIÁN DE MARIQUITA,2.0,111.0,326.0,39.0,0.0,0.0,4.0
2019,73,73,73449,MELGAR,3.0,0.0,214.0,0.0,0.0,0.0,3.0
2019,73,73,73555,PLANADAS,0.0,0.0,37.0,0.0,0.0,0.0,2.0
2019,73,73,73585,PURIFICACIÓN,0.0,21.0,204.0,0.0,0.0,0.0,2.0
2019,73,73,73616,RIOBLANCO,1.0,0.0,15.0,0.0,0.0,0.0,2.0
2019,73,73,73671,SALDAÑA,1.0,0.0,0.0,0.0,0.0,0.0,1.0
2019,73,73,73675,SAN ANTONIO,1.0,0.0,0.0,0.0,0.0,0.0,1.0
2019,73,73,73861,VENADILLO,0.0,12.0,22.0,0.0,0.0,0.0,1.0
2019,73,73,73873,VILLARRICA,1.0,0.0,0.0,0.0,0.0,0.0,1.0
2019,76,76,76001,CALI,5688.0,25478.0,86867.0,6665.0,4436.0,667.0,52.0
2019,76,76,76041,ANSERMANUEVO,0.0,27.0,0.0,0.0,0.0,0.0,1.0
2019,76,76,76109,BUENAVENTURA,242.0,2292.0,4154.0,50.0,0.0,0.0,9.0
2019,76,76,76111,GUADALAJARA DE BUGA,832.0,4668.0,2490.0,131.0,0.0,0.0,9.0
2019,76,76,76113,BUGALAGRANDE,0.0,0.0,1.0,0.0,0.0,0.0,1.0
2019,76,76,76122,CAICEDONIA,1.0,145.0,382.0,0.0,0.0,0.0,2.0
2019,76,76,76130,CANDELARIA,0.0,322.0,185.0,0.0,0.0,0.0,3.0
2019,76,76,76147,CARTAGO,75.0,3373.0,1182.0,287.0,5.0,0.0,9.0
2019,76,76,76233,DAGUA,54.0,0.0,0.0,0.0,0.0,0.0,1.0
2019,76,76,76248,EL CERRITO,0.0,130.0,0.0,0.0,0.0,0.0,1.0
2019,76,76,76250,EL DOVIO,31.0,9.0,6.0,25.0,0.0,0.0,2.0
2019,76,76,76275,FLORIDA,1.0,29.0,0.0,0.0,0.0,0.0,2.0
2019,76,76,76306,GINEBRA,0.0,18.0,0.0,0.0,0.0,0.0,1.0
2019,76,76,76364,JAMUNDÍ,16.0,0.0,1.0,0.0,0.0,0.0,2.0
2019,76,76,76520,PALMIRA,80.0,3612.0,11102.0,518.0,349.0,69.0,10.0
2019,76,76,76563,PRADERA,0.0,21.0,56.0,0.0,0.0,0.0,3.0
2019,76,76,76622,ROLDANILLO,1344.0,400.0,447.0,0.0,0.0,0.0,3.0
2019,76,76,76736,SEVILLA,0.0,22.0,47.0,0.0,0.0,0.0,2.0
2019,76,76,76823,TORO,0.0,25.0,0.0,0.0,0.0,0.0,1.0
2019,76,76,76828,TRUJILLO,0.0,24.0,0.0,0.0,0.0,0.0,1.0
2019,76,76,76834,TULUÁ,529.0,3703.0,5295.0,409.0,75.0,0.0,10.0
2019,76,76,76890,YOTOCO,1.0,0.0,0.0,0.0,0.0,0.0,1.0
2019,76,76,76892,YUMBO,0.0,674.0,2.0,0.0,0.0,0.0,4.0
2019,76,76,76895,ZARZAL,0.0,365.0,976.0,0.0,0.0,0.0,1.0
2019,8,8,8001,BARRANQUILLA,4782.0,26145.0,87494.0,5100.0,2247.0,398.0,37.0
2019,8,8,8433,MALAMBO,2.0,245.0,0.0,0.0,0.0,0.0,2.0
2019,8,8,8573,PUERTO COLOMBIA,17.0,62.0,1543.0,67.0,225.0,0.0,3.0
2019,8,8,8638,SABANALARGA,1.0,1053.0,0.0,39.0,0.0,0.0,2.0
2019,8,8,8758,SOLEDAD,2684.0,655.0,299.0,0.0,0.0,0.0,4.0
2019,8,8,8770,SUAN,300.0,154.0,51.0,0.0,0.0,0.0,2.0
2019,81,81,81001,ARAUCA,0.0,643.0,1424.0,48.0,0.0,0.0,6.0
2019,81,81,81065,ARAUQUITA,0.0,55.0,0.0,0.0,0.0,0.0,2.0
2019,81,81,81220,CRAVO NORTE,0.0,0.0,37.0,0.0,0.0,0.0,1.0
2019,81,81,81736,SARAVENA,0.0,0.0,106.0,0.0,0.0,0.0,2.0
2019,81,81,81794,TAME,0.0,30.0,99.0,0.0,0.0,0.0,3.0
2019,85,85,85001,YOPAL,793.0,1919.0,6814.0,231.0,30.0,0.0,15.0
2019,85,85,85010,AGUAZUL,42.0,0.0,358.0,0.0,0.0,0.0,3.0
2019,85,85,85139,MANÍ,1.0,0.0,0.0,0.0,0.0,0.0,1.0
2019,85,85,85162,MONTERREY,14.0,14.0,2.0,0.0,0.0,0.0,1.0
2019,85,85,85250,PAZ DE ARIPORO,34.0,0.0,174.0,0.0,0.0,0.0,3.0
2019,85,85,85263,PORE,0.0,0.0,1.0,0.0,0.0,0.0,1.0
2019,85,85,85300,SABANALARGA,1.0,0.0,0.0,0.0,0.0,0.0,1.0
2019,85,85,85410,TAURAMENA,41.0,10.0,158.0,0.0,0.0,0.0,2.0
2019,85,85,85430,TRINIDAD,0.0,0.0,30.0,0.0,0.0,0.0,1.0
2019,85,85,85440,VILLANUEVA,1.0,8.0,34.0,15.0,0.0,0.0,4.0
2019,86,86,86001,MOCOA,0.0,1441.0,469.0,38.0,69.0,0.0,7.0
2019,86,86,86320,ORITO,0.0,0.0,88.0,0.0,0.0,0.0,1.0
2019,86,86,86568,PUERTO ASÍS,15.0,1970.0,339.0,5.0,0.0,0.0,7.0
2019,86,86,86569,PUERTO CAICEDO,0.0,1.0,0.0,0.0,0.0,0.0,1.0
2019,86,86,86749,SIBUNDOY,1.0,441.0,305.0,0.0,0.0,0.0,4.0
2019,86,86,86755,SAN FRANCISCO,0.0,0.0,13.0,0.0,0.0,0.0,1.0
2019,86,86,86760,SANTIAGO,0.0,0.0,1.0,0.0,0.0,0.0,1.0
2019,86,86,86865,VALLE DEL GUAMUEZ,0.0,16.0,257.0,3.0,3.0,0.0,4.0
2019,88,88,88001,SAN ANDRÉS,109.0,1113.0,23.0,244.0,21.0,13.0,5.0
2019,88,88,88564,PROVIDENCIA,0.0,26.0,26.0,0.0,0.0,0.0,2.0
2019,91,91,91001,LETICIA,1.0,412.0,294.0,72.0,35.0,13.0,9.0
2019,91,91,91263,EL ENCANTO,3.0,0.0,0.0,0.0,0.0,0.0,1.0
2019,91,91,91407,LA PEDRERA,1.0,0.0,0.0,0.0,0.0,0.0,1.0
2019,91,91,91540,PUERTO NARIÑO,0.0,0.0,25.0,0.0,0.0,0.0,1.0
2019,94,94,94001,INÍRIDA,6.0,470.0,123.0,69.0,2.0,0.0,4.0
2019,95,95,95001,SAN JOSÉ DEL GUAVIARE,2.0,1462.0,596.0,60.0,1.0,0.0,6.0
2019,97,97,97001,MITÚ,0.0,105.0,36.0,0.0,0.0,0.0,3.0
2019,99,99,99001,PUERTO CARREÑO,0.0,396.0,100.0,7.0,0.0,0.0,4.0
2019,99,99,99524,LA PRIMAVERA,0.0,0.0,20.0,0.0,0.0,0.0,1.0
2020,5,5,5001,MEDELLÍN,2523.0,67807.0,154712.0,10490.0,6651.0,1421.0,52.0
2020,5,5,5031,AMALFI,0.0,0.0,3.0,0.0,0.0,0.0,1.0
2020,5,5,5034,ANDES,1.0,0.0,471.0,0.0,2.0,0.0,2.0
2020,5,5,5042,SANTA FÉ DE ANTIOQUIA,6.0,1540.0,125.0,0.0,0.0,0.0,4.0
2020,5,5,5045,APARTADÓ,0.0,7609.0,3218.0,152.0,1.0,0.0,13.0
2020,5,5,5059,ARMENIA,30.0,41.0,84.0,20.0,0.0,0.0,2.0
2020,5,5,5088,BELLO,1.0,767.0,7779.0,357.0,0.0,0.0,4.0
2020,5,5,5101,CIUDAD BOLÍVAR,0.0,0.0,63.0,0.0,0.0,0.0,2.0
2020,5,5,5129,CALDAS,0.0,1821.0,1574.0,52.0,0.0,0.0,2.0
2020,5,5,5147,CAREPA,0.0,5.0,423.0,0.0,0.0,0.0,1.0
2020,5,5,5148,EL CARMEN DE VIBORAL,75.0,81.0,1379.0,0.0,36.0,0.0,1.0
2020,5,5,5154,CAUCASIA,0.0,2540.0,489.0,32.0,0.0,0.0,2.0
2020,5,5,5190,CISNEROS,0.0,205.0,0.0,0.0,0.0,0.0,1.0
2020,5,5,5212,COPACABANA,0.0,0.0,348.0,0.0,0.0,0.0,1.0
2020,5,5,5250,EL BAGRE,0.0,23.0,0.0,0.0,0.0,0.0,1.0
2020,5,5,5264,ENTRERRÍOS,1.0,0.0,0.0,0.0,0.0,0.0,1.0
2020,5,5,5266,ENVIGADO,771.0,176.0,4253.0,307.0,0.0,0.0,3.0
2020,5,5,5306,GIRALDO,0.0,0.0,19.0,0.0,0.0,0.0,1.0
2020,5,5,5318,GUARNE,0.0,112.0,0.0,0.0,0.0,0.0,1.0
2020,5,5,5360,ITAGÜÍ,109.0,9345.0,1538.0,440.0,0.0,0.0,4.0
2020,5,5,5361,ITUANGO,0.0,0.0,40.0,0.0,0.0,0.0,2.0
2020,5,5,5364,JARDÍN,0.0,0.0,16.0,0.0,0.0,0.0,1.0
2020,5,5,5368,JERICÓ,0.0,0.0,60.0,0.0,0.0,0.0,2.0
2020,5,5,5376,LA CEJA,0.0,204.0,0.0,0.0,0.0,0.0,1.0
2020,5,5,5380,LA ESTRELLA,686.0,0.0,0.0,0.0,0.0,0.0,1.0
2020,5,5,5390,LA PINTADA,0.0,35.0,48.0,0.0,0.0,0.0,2.0
2020,5,5,5440,MARINILLA,20.0,21.0,39.0,0.0,0.0,0.0,2.0
2020,5,5,5490,NECOCLÍ,0.0,0.0,24.0,0.0,0.0,0.0,1.0
2020,5,5,5579,PUERTO BERRÍO,0.0,2622.0,101.0,0.0,0.0,0.0,2.0
2020,5,5,5615,RIONEGRO,8.0,6129.0,5822.0,260.0,97.0,0.0,7.0
2020,5,5,5631,SABANETA,0.0,0.0,6327.0,628.0,129.0,0.0,5.0
2020,5,5,5647,SAN ANDRÉS DE CUERQUÍA,0.0,0.0,0.0,32.0,0.0,0.0,1.0
2020,5,5,5649,SAN CARLOS,0.0,0.0,39.0,0.0,0.0,0.0,1.0
2020,5,5,5656,SAN JERÓNIMO,0.0,0.0,23.0,0.0,0.0,0.0,1.0
2020,5,5,5664,SAN PEDRO DE LOS MILAGROS,0.0,59.0,0.0,0.0,0.0,0.0,1.0
2020,5,5,5686,SANTA ROSA DE OSOS,0.0,564.0,2776.0,383.0,44.0,0.0,3.0
2020,5,5,5736,SEGOVIA,0.0,13.0,79.0,0.0,0.0,0.0,1.0
2020,5,5,5756,SONSÓN,0.0,0.0,31.0,0.0,0.0,0.0,1.0
2020,5,5,5789,TÁMESIS,0.0,0.0,12.0,0.0,0.0,0.0,1.0
2020,5,5,5837,TURBO,1.0,150.0,879.0,10.0,1.0,0.0,4.0
2020,5,5,5847,URRAO,0.0,0.0,47.0,0.0,0.0,0.0,1.0
2020,5,5,5887,YARUMAL,15.0,50.0,277.0,0.0,0.0,0.0,3.0
2020,8,8,8001,BARRANQUILLA,4295.0,25216.0,87118.0,4633.0,2304.0,436.0,37.0
2020,8,8,8433,MALAMBO,1.0,75.0,0.0,0.0,0.0,0.0,2.0
2020,8,8,8520,PALMAR DE VARELA,1.0,0.0,0.0,0.0,0.0,0.0,1.0
2020,8,8,8573,PUERTO COLOMBIA,0.0,77.0,635.0,0.0,0.0,0.0,2.0
2020,8,8,8634,SABANAGRANDE,0.0,0.0,10.0,0.0,0.0,0.0,1.0
2020,8,8,8638,SABANALARGA,0.0,1101.0,0.0,39.0,0.0,0.0,1.0
2020,8,8,8758,SOLEDAD,2334.0,581.0,281.0,0.0,0.0,0.0,3.0
2020,8,8,8770,SUAN,90.0,10.0,270.0,0.0,0.0,0.0,2.0
2020,11,11,11001,BOGOTÁ D.C.,26251.0,143609.0,472038.0,45328.0,26474.0,2065.0,125.0
2020,13,13,13001,CARTAGENA DE INDIAS,1585.0,28378.0,40430.0,1827.0,2062.0,94.0,35.0
2020,13,13,13244,EL CARMEN DE BOLÍVAR,0.0,61.0,509.0,0.0,0.0,0.0,3.0
2020,13,13,13430,MAGANGUÉ,69.0,67.0,937.0,13.0,0.0,0.0,3.0
2020,13,13,13442,MARÍA LA BAJA,0.0,56.0,97.0,0.0,0.0,0.0,2.0
2020,13,13,13458,MONTECRISTO,1.0,0.0,0.0,0.0,0.0,0.0,1.0
2020,13,13,13468,SANTA CRUZ DE MOMPOX,1.0,144.0,592.0,0.0,0.0,0.0,4.0
2020,13,13,13473,MORALES,0.0,0.0,1.0,0.0,0.0,0.0,1.0
2020,13,13,13657,SAN JUAN NEPOMUCENO,0.0,0.0,1026.0,0.0,0.0,0.0,1.0
2020,13,13,13688,SANTA ROSA DEL SUR,0.0,93.0,71.0,0.0,0.0,0.0,2.0
2020,13,13,13836,TURBACO,0.0,0.0,21.0,0.0,0.0,0.0,1.0
2020,13,13,13873,VILLANUEVA,1.0,0.0,76.0,0.0,0.0,0.0,1.0
2020,15,15,15001,TUNJA,1563.0,6492.0,30746.0,2768.0,1567.0,158.0,12.0
2020,15,15,15087,BELÉN,1.0,0.0,0.0,0.0,0.0,0.0,1.0
2020,15,15,15097,BOAVITA,0.0,9.0,117.0,0.0,0.0,0.0,1.0
2020,15,15,15176,CHIQUINQUIRÁ,0.0,133.0,2398.0,58.0,29.0,0.0,7.0
2020,15,15,15223,CUBARÁ,0.0,19.0,229.0,1.0,0.0,0.0,1.0
2020,15,15,15238,DUITAMA,0.0,1574.0,5591.0,339.0,93.0,0.0,7.0
2020,15,15,15244,EL COCUY,1.0,0.0,0.0,0.0,0.0,0.0,1.0
2020,15,15,15299,GARAGOA,1.0,36.0,285.0,10.0,1.0,0.0,3.0
2020,15,15,15455,MIRAFLORES,0.0,0.0,52.0,0.0,0.0,0.0,1.0
2020,15,15,15469,MONIQUIRÁ,0.0,0.0,113.0,0.0,0.0,0.0,1.0
2020,15,15,15507,OTANCHE,0.0,0.0,22.0,0.0,0.0,0.0,1.0
2020,15,15,15572,PUERTO BOYACÁ,0.0,456.0,20.0,0.0,0.0,0.0,2.0
2020,15,15,15693,SANTA ROSA DE VITERBO,622.0,0.0,0.0,0.0,0.0,0.0,1.0
2020,15,15,15696,SANTA SOFÍA,1.0,0.0,0.0,0.0,0.0,0.0,1.0
2020,15,15,15753,SOATÁ,0.0,20.0,176.0,0.0,0.0,0.0,2.0
2020,15,15,15757,SOCHA,0.0,11.0,164.0,0.0,0.0,0.0,1.0
2020,15,15,15759,SOGAMOSO,1.0,5608.0,6234.0,401.0,136.0,6.0,7.0
2020,17,17,17001,MANIZALES,2450.0,7285.0,30001.0,2196.0,2727.0,499.0,14.0
2020,17,17,17013,AGUADAS,24.0,16.0,33.0,0.0,0.0,0.0,3.0
2020,17,17,17042,ANSERMA,1.0,210.0,92.0,0.0,0.0,0.0,1.0
2020,17,17,17088,BELALCÁZAR,0.0,0.0,36.0,0.0,0.0,0.0,1.0
2020,17,17,17174,CHINCHINÁ,0.0,0.0,612.0,0.0,0.0,0.0,1.0
2020,17,17,17272,FILADELFIA,27.0,0.0,18.0,0.0,0.0,0.0,2.0
2020,17,17,17380,LA DORADA,0.0,1273.0,1091.0,37.0,4.0,0.0,4.0
2020,17,17,17433,MANZANARES,36.0,0.0,21.0,0.0,0.0,0.0,2.0
2020,17,17,17444,MARQUETALIA,66.0,0.0,0.0,0.0,0.0,0.0,1.0
2020,17,17,17486,NEIRA,19.0,26.0,0.0,0.0,0.0,0.0,1.0
2020,17,17,17513,PÁCORA,0.0,0.0,18.0,0.0,0.0,0.0,1.0
2020,17,17,17541,PENSILVANIA,330.0,33.0,0.0,0.0,0.0,0.0,1.0
2020,17,17,17614,RIOSUCIO,0.0,195.0,148.0,0.0,0.0,0.0,2.0
2020,17,17,17662,SAMANÁ,31.0,0.0,16.0,0.0,0.0,0.0,2.0
2020,17,17,17665,SAN JOSÉ,0.0,0.0,12.0,0.0,0.0,0.0,1.0
2020,17,17,17777,SUPÍA,25.0,0.0,0.0,0.0,0.0,0.0,1.0
2020,17,17,17867,VICTORIA,1.0,0.0,0.0,0.0,0.0,0.0,1.0
2020,17,17,17877,VITERBO,1.0,0.0,0.0,0.0,0.0,0.0,1.0
2020,18,18,18001,FLORENCIA,16.0,1444.0,9218.0,303.0,255.0,20.0,6.0
2020,18,18,18094,BELÉN DE LOS ANDAQUÍES,0.0,0.0,39.0,0.0,0.0,0.0,2.0
2020,18,18,18150,CARTAGENA DEL CHAIRÁ,0.0,0.0,21.0,0.0,0.0,0.0,1.0
2020,18,18,18247,EL DONCELLO,0.0,0.0,95.0,0.0,0.0,0.0,1.0
2020,18,18,18256,EL PAUJÍL,0.0,0.0,61.0,0.0,0.0,0.0,1.0
2020,18,18,18460,MILÁN,1.0,0.0,0.0,0.0,0.0,0.0,1.0
2020,18,18,18592,PUERTO RICO,0.0,0.0,3.0,0.0,0.0,0.0,2.0
2020,18,18,18610,SAN JOSÉ DEL FRAGUA,0.0,0.0,24.0,0.0,0.0,0.0,1.0
2020,18,18,18753,SAN VICENTE DEL CAGUÁN,2.0,14.0,330.0,1.0,0.0,0.0,4.0
2020,18,18,18860,VALPARAÍSO,0.0,0.0,1.0,0.0,0.0,0.0,1.0
2020,19,19,19001,POPAYÁN,0.0,13283.0,28493.0,1542.0,670.0,140.0,20.0
2020,19,19,19022,ALMAGUER,0.0,0.0,4.0,0.0,0.0,0.0,1.0
2020,19,19,19100,BOLÍVAR,0.0,0.0,1.0,0.0,0.0,0.0,1.0
2020,19,19,19110,BUENOS AIRES,0.0,0.0,1.0,0.0,0.0,0.0,1.0
2020,19,19,19137,CALDONO,0.0,1.0,83.0,0.0,0.0,0.0,2.0
2020,19,19,19142,CALOTO,0.0,0.0,6.0,0.0,0.0,0.0,1.0
2020,19,19,19212,CORINTO,0.0,0.0,5.0,0.0,0.0,0.0,1.0
2020,19,19,19256,EL TAMBO,0.0,0.0,1.0,0.0,0.0,0.0,1.0
2020,19,19,19290,FLORENCIA,51.0,77.0,65.0,0.0,0.0,0.0,1.0
2020,19,19,19300,GUACHENÉ,0.0,1.0,0.0,0.0,0.0,0.0,1.0
2020,19,19,19318,GUAPI,0.0,0.0,1.0,0.0,0.0,0.0,1.0
2020,19,19,19355,INZÁ,0.0,0.0,10.0,0.0,0.0,0.0,1.0
2020,19,19,19364,JAMBALÓ,0.0,0.0,17.0,0.0,0.0,0.0,1.0
2020,19,19,19397,LA VEGA,0.0,0.0,1.0,0.0,0.0,0.0,1.0
2020,19,19,19455,MIRANDA,0.0,0.0,127.0,0.0,0.0,0.0,2.0
2020,19,19,19473,MORALES,0.0,35.0,7.0,0.0,0.0,0.0,1.0
2020,19,19,19517,PÁEZ,0.0,2.0,32.0,0.0,0.0,0.0,1.0
2020,19,19,19532,PATÍA,0.0,24.0,447.0,3.0,0.0,0.0,2.0
2020,19,19,19548,PIENDAMÓ - TUNÍA,0.0,0.0,2.0,0.0,0.0,0.0,1.0
2020,19,19,19585,PURACÉ,0.0,0.0,4.0,0.0,0.0,0.0,1.0
2020,19,19,19622,ROSAS,0.0,0.0,56.0,0.0,0.0,0.0,1.0
2020,19,19,19693,SAN SEBASTIÁN,0.0,0.0,1.0,0.0,0.0,0.0,1.0
2020,19,19,19698,SANTANDER DE QUILICHAO,1.0,1650.0,4669.0,7.0,43.0,0.0,9.0
2020,19,19,19701,SANTA ROSA,1.0,0.0,3.0,0.0,0.0,0.0,2.0
2020,19,19,19743,SILVIA,0.0,1.0,11.0,0.0,0.0,0.0,1.0
2020,19,19,19760,SOTARÁ PAISPAMBA,0.0,0.0,3.0,0.0,0.0,0.0,1.0
2020,19,19,19809,TIMBIQUÍ,0.0,0.0,1.0,0.0,0.0,0.0,1.0
2020,19,19,19821,TORIBÍO,0.0,0.0,79.0,0.0,0.0,0.0,2.0
2020,19,19,19824,TOTORÓ,0.0,0.0,6.0,0.0,0.0,0.0,1.0
2020,20,20,20001,VALLEDUPAR,4.0,8543.0,24348.0,2036.0,608.0,3.0,17.0
2020,20,20,20011,AGUACHICA,1.0,2466.0,2637.0,6.0,0.0,0.0,4.0
2020,20,20,20060,BOSCONIA,1.0,0.0,68.0,18.0,0.0,0.0,2.0
2020,20,20,20228,CURUMANÍ,0.0,40.0,406.0,0.0,0.0,0.0,1.0
2020,20,20,20621,LA PAZ,1.0,0.0,385.0,0.0,0.0,0.0,2.0
2020,20,20,20770,SAN MARTÍN,1.0,0.0,0.0,0.0,0.0,0.0,1.0
2020,23,23,23001,MONTERÍA,537.0,3698.0,33687.0,805.0,213.0,0.0,20.0
2020,23,23,23068,AYAPEL,0.0,0.0,2.0,0.0,0.0,0.0,1.0
2020,23,23,23162,CERETÉ,81.0,52.0,847.0,0.0,0.0,0.0,2.0
2020,23,23,23189,CIÉNAGA DE ORO,3.0,0.0,0.0,0.0,0.0,7.0,2.0
2020,23,23,23417,LORICA,1.0,39.0,836.0,0.0,0.0,0.0,4.0
2020,23,23,23419,LOS CÓRDOBAS,3.0,0.0,0.0,0.0,0.0,0.0,1.0
2020,23,23,23466,MONTELÍBANO,0.0,137.0,15.0,1.0,0.0,0.0,4.0
2020,23,23,23580,PUERTO LIBERTADOR,0.0,0.0,1.0,0.0,0.0,0.0,1.0
2020,23,23,23586,PURÍSIMA DE LA CONCEPCIÓN,0.0,1.0,0.0,0.0,0.0,0.0,1.0
2020,23,23,23660,SAHAGÚN,2.0,88.0,933.0,12.0,2.0,0.0,2.0
2020,23,23,23670,SAN ANDRÉS DE SOTAVENTO,0.0,0.0,102.0,0.0,0.0,0.0,3.0
2020,23,23,23672,SAN ANTERO,0.0,40.0,65.0,0.0,0.0,0.0,2.0
2020,23,23,23675,SAN BERNARDO DEL VIENTO,1.0,0.0,0.0,0.0,0.0,0.0,1.0
2020,23,23,23686,SAN PELAYO,1.0,0.0,1.0,0.0,0.0,0.0,2.0
2020,23,23,23807,TIERRALTA,2.0,0.0,141.0,0.0,0.0,0.0,4.0
2020,23,23,23855,VALENCIA,1.0,0.0,49.0,0.0,0.0,0.0,2.0
2020,25,25,25035,ANAPOIMA,4.0,0.0,0.0,0.0,0.0,0.0,1.0
2020,25,25,25053,ARBELÁEZ,0.0,3.0,18.0,1.0,0.0,0.0,1.0
2020,25,25,25099,BOJACÁ,2.0,0.0,0.0,0.0,0.0,0.0,1.0
2020,25,25,25126,CAJICÁ,5.0,197.0,4508.0,223.0,0.0,50.0,4.0
2020,25,25,25151,CÁQUEZA,1.0,0.0,3.0,0.0,0.0,0.0,2.0
2020,25,25,25175,CHÍA,88.0,7351.0,12557.0,1103.0,1180.0,56.0,6.0
2020,25,25,25178,CHIPAQUE,0.0,0.0,32.0,0.0,0.0,0.0,1.0
2020,25,25,25200,COGUA,1.0,0.0,0.0,0.0,0.0,0.0,1.0
2020,25,25,25214,COTA,3.0,0.0,0.0,0.0,0.0,0.0,1.0
2020,25,25,25245,EL COLEGIO,1.0,86.0,0.0,0.0,0.0,0.0,2.0
2020,25,25,25260,EL ROSAL,1.0,0.0,0.0,0.0,0.0,0.0,1.0
2020,25,25,25269,FACATATIVÁ,571.0,182.0,5756.0,84.0,0.0,0.0,10.0
2020,25,25,25286,FUNZA,4.0,148.0,122.0,0.0,0.0,0.0,5.0
2020,25,25,25290,FUSAGASUGÁ,732.0,3464.0,4850.0,194.0,100.0,0.0,8.0
2020,25,25,25297,GACHETÁ,0.0,61.0,545.0,1.0,0.0,0.0,2.0
2020,25,25,25307,GIRARDOT,125.0,4353.0,5619.0,273.0,2.0,0.0,9.0
2020,25,25,25317,GUACHETÁ,0.0,0.0,17.0,0.0,0.0,0.0,1.0
2020,25,25,25377,LA CALERA,1.0,0.0,0.0,0.0,0.0,0.0,1.0
2020,25,25,25386,LA MESA,1.0,0.0,296.0,0.0,0.0,0.0,2.0
2020,25,25,25394,LA PALMA,1.0,0.0,0.0,0.0,0.0,0.0,1.0
2020,25,25,25430,MADRID,1.0,641.0,574.0,231.0,0.0,0.0,3.0
2020,25,25,25473,MOSQUERA,51.0,5162.0,273.0,142.0,0.0,0.0,4.0
2020,25,25,25488,NILO,0.0,4508.0,0.0,0.0,0.0,0.0,1.0
2020,25,25,25513,PACHO,0.0,233.0,67.0,0.0,0.0,0.0,3.0
2020,25,25,25535,PASCA,5.0,1.0,0.0,0.0,0.0,0.0,1.0
2020,25,25,25572,PUERTO SALGAR,0.0,0.0,44.0,0.0,0.0,0.0,1.0
2020,25,25,25594,QUETAME,2.0,0.0,0.0,0.0,0.0,0.0,1.0
2020,25,25,25645,SAN ANTONIO DEL TEQUENDAMA,1.0,0.0,0.0,0.0,0.0,0.0,1.0
2020,25,25,25662,SAN JUAN DE RIOSECO,0.0,0.0,21.0,0.0,0.0,0.0,1.0
2020,25,25,25740,SIBATÉ,2.0,19.0,1060.0,0.0,0.0,0.0,3.0
2020,25,25,25743,SILVANIA,1.0,0.0,0.0,0.0,0.0,0.0,1.0
2020,25,25,25754,SOACHA,24.0,6668.0,5767.0,131.0,7.0,0.0,6.0
2020,25,25,25758,SOPÓ,1.0,0.0,0.0,0.0,0.0,0.0,1.0
2020,25,25,25769,SUBACHOQUE,1.0,0.0,0.0,0.0,0.0,0.0,1.0
2020,25,25,25772,SUESCA,1.0,0.0,0.0,0.0,0.0,0.0,1.0
2020,25,25,25785,TABIO,1.0,0.0,0.0,0.0,0.0,0.0,1.0
2020,25,25,25793,TAUSA,0.0,0.0,30.0,0.0,0.0,0.0,1.0
2020,25,25,25797,TENA,0.0,0.0,26.0,0.0,0.0,0.0,1.0
2020,25,25,25799,TENJO,4.0,1.0,0.0,0.0,0.0,0.0,1.0
2020,25,25,25815,TOCAIMA,59.0,19.0,3.0,0.0,0.0,0.0,1.0
2020,25,25,25817,TOCANCIPÁ,1.0,0.0,0.0,0.0,0.0,0.0,1.0
2020,25,25,25843,VILLA DE SAN DIEGO DE UBATÉ,0.0,0.0,1478.0,15.0,0.0,0.0,2.0
2020,25,25,25875,VILLETA,0.0,3152.0,177.0,48.0,0.0,0.0,4.0
2020,25,25,25899,ZIPAQUIRÁ,3.0,176.0,3723.0,11.0,2.0,0.0,5.0
2020,27,27,27001,QUIBDÓ,181.0,647.0,12990.0,473.0,18.0,0.0,10.0
2020,27,27,27006,ACANDÍ,0.0,0.0,21.0,0.0,0.0,0.0,1.0
2020,27,27,27250,EL LITORAL DEL SAN JUAN,0.0,0.0,13.0,0.0,0.0,0.0,1.0
2020,27,27,27361,ISTMINA,0.0,0.0,4.0,0.0,0.0,0.0,1.0
2020,27,27,27800,UNGUÍA,1.0,0.0,0.0,0.0,0.0,0.0,1.0
2020,41,41,41001,NEIVA,231.0,5331.0,23152.0,807.0,740.0,21.0,21.0
2020,41,41,41006,ACEVEDO,0.0,0.0,27.0,0.0,0.0,0.0,1.0
2020,41,41,41020,ALGECIRAS,0.0,0.0,75.0,0.0,0.0,0.0,1.0
2020,41,41,41026,ALTAMIRA,0.0,0.0,1.0,0.0,0.0,0.0,1.0
2020,41,41,41132,CAMPOALEGRE,0.0,1514.0,0.0,31.0,0.0,0.0,1.0
2020,41,41,41298,GARZÓN,0.0,1729.0,1088.0,26.0,0.0,0.0,4.0
2020,41,41,41306,GIGANTE,1.0,0.0,0.0,0.0,0.0,0.0,1.0
2020,41,41,41357,ÍQUIRA,0.0,0.0,29.0,0.0,0.0,0.0,1.0
2020,41,41,41378,LA ARGENTINA,1.0,0.0,0.0,0.0,0.0,0.0,1.0
2020,41,41,41396,LA PLATA,0.0,1536.0,1145.0,5.0,0.0,0.0,5.0
2020,41,41,41483,NÁTAGA,0.0,0.0,1.0,0.0,0.0,0.0,1.0
2020,41,41,41518,PAICOL,1.0,0.0,0.0,0.0,0.0,0.0,1.0
2020,41,41,41524,PALERMO,1.0,0.0,0.0,0.0,0.0,0.0,1.0
2020,41,41,41551,PITALITO,1.0,2698.0,3982.0,48.0,16.0,0.0,11.0
2020,41,41,41615,RIVERA,428.0,184.0,226.0,0.0,0.0,0.0,2.0
2020,41,41,41668,SAN AGUSTÍN,0.0,0.0,39.0,0.0,0.0,0.0,1.0
2020,41,41,41885,YAGUARÁ,1.0,0.0,0.0,0.0,0.0,0.0,1.0
2020,44,44,44001,RIOHACHA,296.0,2177.0,9901.0,132.0,493.0,1.0,10.0
2020,44,44,44279,FONSECA,0.0,2608.0,926.0,33.0,0.0,0.0,2.0
2020,44,44,44378,HATONUEVO,1.0,0.0,0.0,0.0,0.0,0.0,1.0
2020,44,44,44430,MAICAO,1.0,200.0,2284.0,0.0,0.0,0.0,4.0
2020,44,44,44560,MANAURE,1.0,0.0,160.0,0.0,0.0,0.0,2.0
2020,44,44,44650,SAN JUAN DEL CESAR,603.0,26.0,0.0,0.0,0.0,0.0,1.0
2020,44,44,44847,URIBIA,1.0,0.0,60.0,0.0,0.0,0.0,2.0
2020,44,44,44874,VILLANUEVA,0.0,25.0,823.0,0.0,0.0,0.0,1.0
2020,47,47,47001,SANTA MARTA,1994.0,6542.0,28066.0,988.0,390.0,42.0,14.0
2020,47,47,47053,ARACATACA,3.0,0.0,0.0,0.0,0.0,0.0,2.0
2020,47,47,47170,CHIVOLO,2.0,0.0,0.0,0.0,0.0,0.0,2.0
2020,47,47,47189,CIÉNAGA,1042.0,239.0,0.0,0.0,0.0,0.0,3.0
2020,47,47,47245,EL BANCO,0.0,6.0,101.0,1.0,0.0,0.0,1.0
2020,47,47,47288,FUNDACIÓN,2.0,0.0,0.0,0.0,0.0,0.0,1.0
2020,47,47,47551,PIVIJAY,2.0,0.0,0.0,0.0,0.0,0.0,1.0
2020,47,47,47555,PLATO,0.0,7.0,268.0,0.0,3.0,0.0,1.0
2020,47,47,47570,PUEBLOVIEJO,14.0,0.0,0.0,0.0,0.0,0.0,2.0
2020,47,47,47660,SABANAS DE SAN ÁNGEL,1.0,0.0,0.0,0.0,0.0,0.0,1.0
2020,47,47,47707,SANTA ANA,1.0,0.0,0.0,0.0,0.0,0.0,1.0
2020,47,47,47980,ZONA BANANERA,6.0,0.0,0.0,0.0,0.0,0.0,2.0
2020,50,50,50001,VILLAVICENCIO,881.0,4165.0,24424.0,726.0,105.0,12.0,21.0
2020,50,50,50006,ACACÍAS,1.0,251.0,2560.0,27.0,12.0,0.0,3.0
2020,50,50,50110,BARRANCA DE UPÍA,0.0,0.0,27.0,0.0,0.0,0.0,1.0
2020,50,50,50226,CUMARAL,0.0,32.0,274.0,1.0,0.0,0.0,2.0
2020,50,50,50287,FUENTE DE ORO,1.0,0.0,0.0,0.0,0.0,0.0,1.0
2020,50,50,50313,GRANADA,76.0,735.0,67.0,0.0,0.0,0.0,3.0
2020,50,50,50330,MESETAS,1.0,0.0,0.0,0.0,0.0,0.0,1.0
2020,50,50,50350,LA MACARENA,0.0,0.0,45.0,0.0,0.0,0.0,1.0
2020,50,50,50450,PUERTO CONCORDIA,0.0,0.0,58.0,0.0,0.0,0.0,1.0
2020,50,50,50568,PUERTO GAITÁN,0.0,137.0,0.0,0.0,0.0,0.0,1.0
2020,50,50,50573,PUERTO LÓPEZ,1.0,0.0,0.0,0.0,0.0,0.0,1.0
2020,50,50,50577,PUERTO LLERAS,1.0,0.0,0.0,0.0,0.0,0.0,1.0
2020,50,50,50590,PUERTO RICO,0.0,0.0,16.0,0.0,0.0,0.0,1.0
2020,50,50,50683,SAN JUAN DE ARAMA,1.0,0.0,0.0,0.0,0.0,0.0,1.0
2020,50,50,50689,SAN MARTÍN,0.0,0.0,60.0,22.0,83.0,0.0,2.0
2020,50,50,50711,VISTAHERMOSA,2.0,0.0,0.0,0.0,0.0,0.0,1.0
2020,52,52,52001,PASTO,105.0,3248.0,33207.0,1301.0,1073.0,53.0,21.0
2020,52,52,52019,ALBÁN,0.0,0.0,23.0,0.0,0.0,0.0,1.0
2020,52,52,52022,ALDANA,1.0,0.0,0.0,0.0,0.0,0.0,1.0
2020,52,52,52079,BARBACOAS,0.0,0.0,18.0,0.0,0.0,0.0,1.0
2020,52,52,52110,BUESACO,0.0,0.0,1.0,0.0,0.0,0.0,1.0
2020,52,52,52224,CUASPUD CARLOSAMA,1.0,0.0,0.0,0.0,0.0,0.0,1.0
2020,52,52,52227,CUMBAL,1.0,0.0,31.0,0.0,0.0,0.0,2.0
2020,52,52,52240,CHACHAGÜÍ,0.0,0.0,25.0,0.0,0.0,0.0,1.0
2020,52,52,52256,EL ROSARIO,1.0,0.0,0.0,0.0,0.0,0.0,1.0
2020,52,52,52258,EL TABLÓN DE GÓMEZ,0.0,0.0,32.0,0.0,0.0,0.0,2.0
2020,52,52,52317,GUACHUCAL,1.0,0.0,0.0,0.0,0.0,0.0,1.0
2020,52,52,52323,GUALMATÁN,1.0,1.0,26.0,0.0,0.0,0.0,2.0
2020,52,52,52356,IPIALES,127.0,946.0,1527.0,0.0,0.0,0.0,7.0
2020,52,52,52399,LA UNIÓN,0.0,0.0,38.0,0.0,0.0,0.0,1.0
2020,52,52,52411,LINARES,0.0,0.0,27.0,0.0,0.0,0.0,1.0
2020,52,52,52427,MAGÜÍ,0.0,0.0,1.0,0.0,0.0,0.0,1.0
2020,52,52,52560,POTOSÍ,2.0,0.0,0.0,0.0,0.0,0.0,1.0
2020,52,52,52573,PUERRES,1.0,0.0,0.0,0.0,0.0,0.0,1.0
2020,52,52,52585,PUPIALES,1.0,0.0,0.0,0.0,0.0,0.0,1.0
2020,52,52,52612,RICAURTE,0.0,0.0,40.0,0.0,0.0,0.0,2.0
2020,52,52,52678,SAMANIEGO,0.0,0.0,31.0,0.0,0.0,0.0,1.0
2020,52,52,52693,SAN PABLO,0.0,0.0,28.0,0.0,0.0,0.0,1.0
2020,52,52,52694,SAN PEDRO DE CARTAGO,1.0,0.0,0.0,0.0,0.0,0.0,1.0
2020,52,52,52699,SANTACRUZ,0.0,0.0,25.0,0.0,0.0,0.0,1.0
2020,52,52,52835,SAN ANDRÉS DE TUMACO,0.0,1058.0,1516.0,25.0,1.0,0.0,7.0
2020,52,52,52838,TÚQUERRES,2.0,3.0,447.0,0.0,0.0,0.0,2.0
2020,54,54,54001,SAN JOSÉ DE CÚCUTA,175.0,13247.0,28118.0,1150.0,869.0,0.0,20.0
2020,54,54,54003,ÁBREGO,0.0,0.0,39.0,0.0,0.0,0.0,1.0
2020,54,54,54051,ARBOLEDAS,0.0,0.0,16.0,0.0,0.0,0.0,1.0
2020,54,54,54239,DURANIA,0.0,43.0,16.0,0.0,0.0,0.0,1.0
2020,54,54,54313,GRAMALOTE,0.0,0.0,7.0,0.0,0.0,0.0,1.0
2020,54,54,54498,OCAÑA,1.0,625.0,6685.0,128.0,64.0,0.0,8.0
2020,54,54,54518,PAMPLONA,188.0,1132.0,14423.0,116.0,184.0,14.0,4.0
2020,54,54,54660,SALAZAR,0.0,0.0,12.0,0.0,0.0,0.0,1.0
2020,54,54,54673,SAN CAYETANO,0.0,0.0,23.0,0.0,0.0,0.0,1.0
2020,54,54,54810,TIBÚ,0.0,0.0,57.0,0.0,0.0,0.0,1.0
2020,54,54,54874,VILLA DEL ROSARIO,69.0,27.0,4618.0,38.0,0.0,0.0,2.0
2020,63,63,63001,ARMENIA,94.0,9328.0,17501.0,821.0,212.0,52.0,17.0
2020,63,63,63111,BUENAVISTA,0.0,9.0,0.0,0.0,0.0,0.0,1.0
2020,63,63,63130,CALARCÁ,1.0,0.0,0.0,0.0,0.0,0.0,1.0
2020,63,63,63302,GÉNOVA,0.0,27.0,0.0,0.0,0.0,0.0,1.0
2020,63,63,63594,QUIMBAYA,0.0,0.0,3.0,0.0,0.0,0.0,2.0
2020,66,66,66001,PEREIRA,1895.0,8334.0,32311.0,1725.0,1422.0,211.0,23.0
2020,66,66,66075,BALBOA,22.0,0.0,0.0,0.0,0.0,0.0,2.0
2020,66,66,66088,BELÉN DE UMBRÍA,54.0,0.0,25.0,0.0,0.0,0.0,2.0
2020,66,66,66170,DOSQUEBRADAS,23.0,2997.0,0.0,184.0,3.0,0.0,3.0
2020,66,66,66318,GUÁTICA,33.0,0.0,0.0,0.0,0.0,0.0,1.0
2020,66,66,66383,LA CELIA,21.0,0.0,0.0,0.0,0.0,0.0,1.0
2020,66,66,66456,MISTRATÓ,44.0,0.0,0.0,0.0,0.0,0.0,1.0
2020,66,66,66572,PUEBLO RICO,0.0,0.0,15.0,0.0,0.0,0.0,1.0
2020,66,66,66594,QUINCHÍA,63.0,0.0,31.0,0.0,0.0,0.0,2.0
2020,66,66,66682,SANTA ROSA DE CABAL,0.0,43.0,972.0,15.0,0.0,0.0,1.0
2020,68,68,68001,BUCARAMANGA,735.0,22971.0,55872.0,6327.0,7919.0,191.0,28.0
2020,68,68,68077,BARBOSA,0.0,0.0,429.0,0.0,0.0,0.0,1.0
2020,68,68,68081,BARRANCABERMEJA,46.0,4145.0,6855.0,298.0,3.0,0.0,10.0
2020,68,68,68255,EL PLAYÓN,0.0,199.0,0.0,0.0,0.0,0.0,1.0
2020,68,68,68276,FLORIDABLANCA,0.0,1962.0,0.0,78.0,0.0,0.0,1.0
2020,68,68,68307,GIRÓN,0.0,3478.0,0.0,0.0,0.0,0.0,1.0
2020,68,68,68432,MÁLAGA,1.0,1817.0,1002.0,65.0,0.0,0.0,5.0
2020,68,68,68500,OIBA,0.0,0.0,77.0,0.0,0.0,0.0,1.0
2020,68,68,68547,PIEDECUESTA,0.0,1272.0,10.0,86.0,0.0,0.0,2.0
2020,68,68,68679,SAN GIL,6.0,2952.0,2700.0,417.0,36.0,0.0,7.0
2020,68,68,68755,SOCORRO,1.0,199.0,1848.0,140.0,72.0,0.0,4.0
2020,68,68,68861,VÉLEZ,492.0,2710.0,617.0,68.0,2.0,0.0,4.0
2020,70,70,70001,SINCELEJO,518.0,2683.0,21479.0,390.0,60.0,2.0,12.0
2020,70,70,70204,COLOSÓ,0.0,1.0,0.0,0.0,0.0,0.0,1.0
2020,70,70,70215,COROZAL,400.0,97.0,1231.0,22.0,4.0,0.0,4.0
2020,70,70,70221,COVEÑAS,0.0,408.0,80.0,29.0,0.0,0.0,3.0
2020,70,70,70233,EL ROBLE,2.0,0.0,0.0,0.0,0.0,0.0,1.0
2020,70,70,70400,LA UNIÓN,1.0,0.0,21.0,0.0,0.0,0.0,2.0
2020,70,70,70418,LOS PALMITOS,1.0,0.0,0.0,0.0,0.0,0.0,1.0
2020,70,70,70429,MAJAGUAL,1.0,0.0,66.0,0.0,0.0,0.0,2.0
2020,70,70,70508,OVEJAS,3.0,0.0,3.0,0.0,0.0,0.0,2.0
2020,70,70,70523,PALMITO,3.0,0.0,0.0,0.0,0.0,0.0,1.0
2020,70,70,70670,SAMPUÉS,1.0,0.0,0.0,0.0,0.0,0.0,1.0
2020,70,70,70678,SAN BENITO ABAD,0.0,0.0,16.0,0.0,0.0,0.0,1.0
2020,70,70,70708,SAN MARCOS,0.0,0.0,43.0,0.0,0.0,0.0,2.0
2020,70,70,70713,SAN ONOFRE,1.0,0.0,0.0,0.0,0.0,0.0,1.0
2020,70,70,70717,SAN PEDRO,1.0,0.0,0.0,0.0,0.0,0.0,1.0
2020,70,70,70742,SAN LUIS DE SINCÉ,1.0,0.0,58.0,0.0,0.0,0.0,3.0
2020,70,70,70771,SUCRE,1.0,0.0,0.0,0.0,0.0,0.0,1.0
2020,70,70,70823,SAN JOSÉ DE TOLUVIEJO,2.0,2.0,126.0,12.0,0.0,0.0,2.0
2020,73,73,73001,IBAGUÉ,790.0,14153.0,27187.0,1439.0,471.0,56.0,19.0
2020,73,73,73168,CHAPARRAL,93.0,64.0,751.0,10.0,0.0,0.0,3.0
2020,73,73,73217,COYAIMA,0.0,1.0,0.0,0.0,0.0,0.0,1.0
2020,73,73,73268,ESPINAL,2623.0,3673.0,1879.0,525.0,0.0,0.0,6.0
2020,73,73,73275,FLANDES,53.0,46.0,56.0,0.0,0.0,0.0,2.0
2020,73,73,73283,FRESNO,0.0,0.0,54.0,0.0,0.0,0.0,1.0
2020,73,73,73319,GUAMO,1.0,0.0,0.0,0.0,0.0,0.0,1.0
2020,73,73,73349,HONDA,1.0,264.0,309.0,0.0,0.0,0.0,4.0
2020,73,73,73408,LÉRIDA,0.0,0.0,190.0,0.0,0.0,0.0,1.0
2020,73,73,73411,LÍBANO,1.0,20.0,288.0,2.0,0.0,0.0,4.0
2020,73,73,73443,SAN SEBASTIÁN DE MARIQUITA,0.0,112.0,395.0,24.0,0.0,0.0,3.0
2020,73,73,73449,MELGAR,0.0,1.0,240.0,0.0,0.0,0.0,4.0
2020,73,73,73483,NATAGAIMA,2.0,0.0,0.0,0.0,0.0,0.0,1.0
2020,73,73,73547,PIEDRAS,1.0,0.0,0.0,0.0,0.0,0.0,1.0
2020,73,73,73555,PLANADAS,0.0,0.0,65.0,0.0,0.0,0.0,2.0
2020,73,73,73585,PURIFICACIÓN,0.0,0.0,224.0,0.0,0.0,0.0,2.0
2020,73,73,73624,ROVIRA,1.0,0.0,0.0,0.0,0.0,0.0,1.0
2020,73,73,73861,VENADILLO,0.0,13.0,13.0,0.0,0.0,0.0,1.0
2020,76,76,76001,CALI,4827.0,22479.0,76353.0,6165.0,4210.0,772.0,51.0
2020,76,76,76109,BUENAVENTURA,64.0,2463.0,4551.0,87.0,0.0,0.0,9.0
2020,76,76,76111,GUADALAJARA DE BUGA,342.0,3683.0,3533.0,171.0,0.0,0.0,10.0
2020,76,76,76122,CAICEDONIA,0.0,184.0,389.0,0.0,0.0,0.0,1.0
2020,76,76,76130,CANDELARIA,0.0,228.0,116.0,0.0,0.0,0.0,2.0
2020,76,76,76147,CARTAGO,65.0,3312.0,1359.0,290.0,1.0,0.0,8.0
2020,76,76,76233,DAGUA,155.0,6.0,53.0,0.0,0.0,0.0,2.0
2020,76,76,76248,EL CERRITO,0.0,59.0,0.0,0.0,0.0,0.0,1.0
2020,76,76,76250,EL DOVIO,107.0,8.0,0.0,25.0,0.0,0.0,2.0
2020,76,76,76275,FLORIDA,0.0,28.0,37.0,0.0,0.0,0.0,2.0
2020,76,76,76306,GINEBRA,0.0,18.0,0.0,0.0,0.0,0.0,1.0
2020,76,76,76520,PALMIRA,68.0,4248.0,11068.0,175.0,330.0,61.0,9.0
2020,76,76,76563,PRADERA,1.0,13.0,66.0,0.0,0.0,0.0,4.0
2020,76,76,76622,ROLDANILLO,758.0,312.0,389.0,0.0,0.0,0.0,3.0
2020,76,76,76736,SEVILLA,0.0,11.0,80.0,0.0,0.0,0.0,2.0
2020,76,76,76823,TORO,0.0,56.0,0.0,0.0,0.0,0.0,1.0
2020,76,76,76828,TRUJILLO,0.0,52.0,0.0,0.0,0.0,0.0,1.0
2020,76,76,76834,TULUÁ,800.0,3371.0,5328.0,121.0,95.0,0.0,11.0
2020,76,76,76869,VIJES,0.0,69.0,0.0,0.0,0.0,0.0,1.0
2020,76,76,76892,YUMBO,1.0,647.0,0.0,0.0,0.0,0.0,3.0
2020,76,76,76895,ZARZAL,0.0,345.0,1033.0,0.0,0.0,0.0,1.0
2020,81,81,81001,ARAUCA,0.0,502.0,1253.0,44.0,0.0,0.0,6.0
2020,81,81,81065,ARAUQUITA,0.0,40.0,32.0,0.0,0.0,0.0,2.0
2020,81,81,81220,CRAVO NORTE,0.0,0.0,32.0,0.0,0.0,0.0,1.0
2020,81,81,81736,SARAVENA,0.0,29.0,87.0,25.0,0.0,0.0,3.0
2020,81,81,81794,TAME,0.0,60.0,87.0,0.0,0.0,0.0,3.0
2020,85,85,85001,YOPAL,522.0,3885.0,9406.0,225.0,54.0,0.0,14.0
2020,85,85,85010,AGUAZUL,3.0,0.0,31.0,0.0,0.0,0.0,2.0
2020,85,85,85250,PAZ DE ARIPORO,3.0,0.0,133.0,0.0,0.0,0.0,1.0
2020,85,85,85410,TAURAMENA,4.0,0.0,147.0,0.0,0.0,0.0,2.0
2020,85,85,85430,TRINIDAD,0.0,0.0,36.0,0.0,0.0,0.0,1.0
2020,85,85,85440,VILLANUEVA,0.0,0.0,31.0,0.0,0.0,0.0,1.0
2020,86,86,86001,MOCOA,0.0,1728.0,835.0,69.0,30.0,0.0,9.0
2020,86,86,86320,ORITO,0.0,0.0,80.0,0.0,0.0,0.0,1.0
2020,86,86,86568,PUERTO ASÍS,0.0,959.0,468.0,8.0,2.0,0.0,7.0
2020,86,86,86749,SIBUNDOY,0.0,476.0,248.0,0.0,0.0,0.0,3.0
2020,86,86,86755,SAN FRANCISCO,0.0,0.0,6.0,0.0,0.0,0.0,1.0
2020,86,86,86757,SAN MIGUEL,0.0,0.0,14.0,0.0,0.0,0.0,1.0
2020,86,86,86760,SANTIAGO,0.0,0.0,0.0,19.0,0.0,0.0,1.0
2020,86,86,86865,VALLE DEL GUAMUEZ,0.0,25.0,331.0,2.0,0.0,0.0,2.0
2020,88,88,88001,SAN ANDRÉS,199.0,1215.0,68.0,229.0,16.0,11.0,6.0
2020,88,88,88564,PROVIDENCIA,0.0,21.0,0.0,0.0,0.0,0.0,1.0
2020,91,91,91001,LETICIA,0.0,637.0,315.0,26.0,26.0,10.0,9.0
2020,94,94,94001,INÍRIDA,0.0,489.0,230.0,37.0,0.0,0.0,3.0
2020,94,94,94343,BARRANCOMINAS,1.0,0.0,0.0,0.0,0.0,0.0,1.0
2020,95,95,95001,SAN JOSÉ DEL GUAVIARE,1.0,1476.0,648.0,6.0,0.0,0.0,6.0
2020,97,97,97001,MITÚ,1.0,59.0,211.0,19.0,0.0,0.0,5.0
2020,99,99,99001,PUERTO CARREÑO,0.0,342.0,154.0,7.0,1.0,0.0,4.0
2020,99,99,99524,LA PRIMAVERA,0.0,0.0,20.0,0.0,0.0,0.0,1.0
2020,99,99,99624,SANTA ROSALÍA,0.0,0.0,26.0,0.0,0.0,0.0,1.0
2021,05,05,5001,Medellín,2742.0,62628.0,167080.0,9025.0,7018.0,1502.0,49.0
2021,05,05,5031,Amalfi,0.0,0.0,26.0,16.0,0.0,0.0,1.0
2021,05,05,5034,Andes,0.0,0.0,395.0,0.0,0.0,0.0,2.0
2021,05,05,5042,Santa Fé De Antioquia,0.0,1042.0,82.0,0.0,0.0,0.0,3.0
2021,05,05,5045,Apartadó,0.0,5006.0,3270.0,103.0,12.0,0.0,12.0
2021,05,05,5051,Arboletes,0.0,0.0,26.0,0.0,0.0,0.0,1.0
2021,05,05,5059,Armenia,0.0,0.0,93.0,0.0,0.0,0.0,1.0
2021,05,05,5088,Bello,0.0,708.0,7550.0,411.0,0.0,0.0,2.0
2021,05,05,5101,Ciudad Bolívar,0.0,0.0,60.0,0.0,0.0,0.0,2.0
2021,05,05,5129,Caldas,0.0,2124.0,1769.0,41.0,4.0,0.0,2.0
2021,05,05,5147,Carepa,0.0,4.0,364.0,0.0,0.0,0.0,1.0
2021,05,05,5148,El Carmen De Viboral,70.0,65.0,1447.0,0.0,7.0,0.0,2.0
2021,05,05,5154,Caucasia,0.0,1928.0,871.0,11.0,0.0,0.0,3.0
2021,05,05,5172,Chigorodó,0.0,0.0,48.0,0.0,0.0,0.0,1.0
2021,05,05,5190,Cisneros,0.0,220.0,0.0,0.0,0.0,0.0,1.0
2021,05,05,5212,Copacabana,0.0,0.0,280.0,0.0,0.0,0.0,1.0
2021,05,05,5234,Dabeiba,0.0,0.0,42.0,0.0,0.0,0.0,1.0
2021,05,05,5240,Ebéjico,0.0,0.0,19.0,0.0,0.0,0.0,1.0
2021,05,05,5250,El Bagre,0.0,286.0,0.0,0.0,0.0,0.0,1.0
2021,05,05,5264,Entrerríos,0.0,1.0,0.0,0.0,0.0,0.0,1.0
2021,05,05,5266,Envigado,682.0,259.0,5273.0,307.0,28.0,1.0,5.0
2021,05,05,5306,Giraldo,0.0,0.0,19.0,0.0,0.0,0.0,1.0
2021,05,05,5318,Guarne,0.0,56.0,0.0,0.0,0.0,0.0,1.0
2021,05,05,5360,Itagüí,77.0,7323.0,1312.0,90.0,0.0,0.0,4.0
2021,05,05,5361,Ituango,0.0,0.0,25.0,0.0,0.0,0.0,1.0
2021,05,05,5364,Jardín,0.0,0.0,40.0,0.0,0.0,0.0,1.0
2021,05,05,5368,Jericó,0.0,0.0,14.0,0.0,0.0,0.0,1.0
2021,05,05,5376,La Ceja,0.0,155.0,0.0,0.0,0.0,0.0,1.0
2021,05,05,5390,La Pintada,0.0,23.0,14.0,0.0,0.0,0.0,2.0
2021,05,05,5440,Marinilla,16.0,95.0,40.0,0.0,0.0,0.0,3.0
2021,05,05,5480,Mutatá,0.0,0.0,23.0,0.0,0.0,0.0,1.0
2021,05,05,5490,Necoclí,0.0,0.0,60.0,0.0,0.0,0.0,1.0
2021,05,05,5579,Puerto Berrío,0.0,2008.0,93.0,0.0,0.0,0.0,3.0
2021,05,05,5615,Rionegro,5.0,4970.0,5634.0,150.0,120.0,12.0,7.0
2021,05,05,5628,Sabanalarga,78.0,0.0,16.0,0.0,0.0,0.0,2.0
2021,05,05,5631,Sabaneta,0.0,0.0,5846.0,595.0,93.0,0.0,5.0
2021,05,05,5649,San Carlos,0.0,0.0,36.0,0.0,0.0,0.0,1.0
2021,05,05,5656,San Jerónimo,0.0,0.0,21.0,0.0,0.0,0.0,1.0
2021,05,05,5664,San Pedro De Los Milagros,0.0,20.0,0.0,0.0,0.0,0.0,1.0
2021,05,05,5665,San Pedro De Urabá,0.0,0.0,18.0,0.0,0.0,0.0,1.0
2021,05,05,5686,Santa Rosa De Osos,0.0,462.0,3477.0,346.0,143.0,0.0,3.0
2021,05,05,5736,Segovia,0.0,0.0,27.0,0.0,0.0,0.0,1.0
2021,05,05,5756,Sonsón,0.0,0.0,50.0,0.0,0.0,0.0,1.0
2021,05,05,5809,Titiribí,0.0,0.0,18.0,0.0,0.0,0.0,1.0
2021,05,05,5837,Turbo,0.0,169.0,1219.0,13.0,21.0,0.0,4.0
2021,05,05,5847,Urrao,0.0,0.0,60.0,0.0,0.0,0.0,1.0
2021,05,05,5858,Vegachí,0.0,0.0,23.0,0.0,22.0,0.0,1.0
2021,05,05,5873,Vigía Del Fuerte,0.0,0.0,10.0,0.0,0.0,0.0,1.0
2021,05,05,5887,Yarumal,25.0,37.0,192.0,0.0,0.0,0.0,2.0
2021,08,08,8001,Barranquilla,5615.0,20860.0,89586.0,4156.0,2282.0,388.0,37.0
2021,08,08,8433,Malambo,0.0,34.0,0.0,0.0,0.0,0.0,1.0
2021,08,08,8573,Puerto Colombia,0.0,58.0,1620.0,0.0,0.0,0.0,3.0
2021,08,08,8634,Sabanagrande,0.0,0.0,2.0,0.0,0.0,0.0,1.0
2021,08,08,8638,Sabanalarga,0.0,927.0,0.0,67.0,0.0,0.0,1.0
2021,08,08,8758,Soledad,2082.0,751.0,228.0,4.0,0.0,0.0,2.0
2021,08,08,8770,Suan,188.0,12.0,285.0,22.0,0.0,0.0,2.0
2021,11,11,11001,"Bogotá, D.C.",29369.0,254058.0,460279.0,56147.0,31302.0,2410.0,133.0
2021,13,13,13001,Cartagena De Indias,1528.0,23188.0,41703.0,1595.0,3627.0,92.0,37.0
2021,13,13,13244,El Carmen De Bolívar,0.0,91.0,596.0,0.0,0.0,0.0,2.0
2021,13,13,13430,Magangué,98.0,60.0,1091.0,24.0,0.0,0.0,3.0
2021,13,13,13442,María La Baja,0.0,52.0,76.0,0.0,0.0,0.0,2.0
2021,13,13,13468,Santa Cruz De Mompox,0.0,116.0,762.0,0.0,0.0,0.0,3.0
2021,13,13,13473,Morales,0.0,0.0,1.0,0.0,0.0,0.0,1.0
2021,13,13,13657,San Juan Nepomuceno,0.0,0.0,1126.0,0.0,0.0,0.0,1.0
2021,13,13,13688,Santa Rosa Del Sur,0.0,93.0,81.0,0.0,0.0,0.0,2.0
2021,13,13,13836,Turbaco,0.0,0.0,1.0,1.0,0.0,0.0,2.0
2021,15,15,15001,Tunja,1718.0,5930.0,30422.0,2811.0,1575.0,142.0,12.0
2021,15,15,15097,Boavita,0.0,18.0,220.0,0.0,3.0,0.0,1.0
2021,15,15,15104,Boyacá,0.0,1.0,0.0,0.0,0.0,0.0,1.0
2021,15,15,15176,Chiquinquirá,0.0,164.0,3027.0,31.0,39.0,0.0,6.0
2021,15,15,15223,Cubará,0.0,32.0,373.0,5.0,4.0,0.0,1.0
2021,15,15,15238,Duitama,0.0,1331.0,5849.0,257.0,113.0,0.0,7.0
2021,15,15,15299,Garagoa,0.0,65.0,427.0,8.0,7.0,0.0,2.0
2021,15,15,15455,Miraflores,0.0,0.0,55.0,0.0,0.0,0.0,1.0
2021,15,15,15469,Moniquirá,0.0,0.0,121.0,0.0,0.0,0.0,1.0
2021,15,15,15507,Otanche,0.0,0.0,46.0,0.0,0.0,0.0,1.0
2021,15,15,15572,Puerto Boyacá,0.0,352.0,0.0,0.0,0.0,0.0,1.0
2021,15,15,15580,Quípama,0.0,0.0,0.0,0.0,0.0,1.0,1.0
2021,15,15,15693,Santa Rosa De Viterbo,988.0,0.0,0.0,0.0,0.0,0.0,1.0
2021,15,15,15753,Soatá,0.0,66.0,299.0,3.0,0.0,0.0,3.0
2021,15,15,15757,Socha,0.0,16.0,267.0,0.0,0.0,0.0,1.0
2021,15,15,15759,Sogamoso,0.0,5118.0,6432.0,317.0,126.0,7.0,6.0
2021,17,17,17001,Manizales,2359.0,5513.0,29398.0,1784.0,2330.0,509.0,15.0
2021,17,17,17013,Aguadas,26.0,14.0,107.0,0.0,0.0,0.0,3.0
2021,17,17,17042,Anserma,0.0,180.0,42.0,0.0,0.0,0.0,2.0
2021,17,17,17088,Belalcázar,34.0,0.0,34.0,0.0,0.0,0.0,2.0
2021,17,17,17174,Chinchiná,0.0,0.0,686.0,0.0,0.0,0.0,1.0
2021,17,17,17272,Filadelfia,0.0,0.0,17.0,0.0,0.0,0.0,1.0
2021,17,17,17380,La Dorada,0.0,872.0,1445.0,35.0,14.0,0.0,5.0
2021,17,17,17433,Manzanares,74.0,0.0,20.0,0.0,0.0,0.0,2.0
2021,17,17,17444,Marquetalia,46.0,30.0,0.0,0.0,0.0,0.0,1.0
2021,17,17,17541,Pensilvania,347.0,58.0,0.0,0.0,0.0,0.0,1.0
2021,17,17,17614,Riosucio,0.0,199.0,143.0,22.0,13.0,0.0,2.0
2021,17,17,17653,Salamina,30.0,0.0,20.0,0.0,0.0,0.0,2.0
2021,17,17,17777,Supía,45.0,0.0,25.0,0.0,0.0,0.0,2.0
2021,18,18,18001,Florencia,0.0,1704.0,10567.0,296.0,227.0,32.0,5.0
2021,18,18,18094,Belén De Los Andaquíes,0.0,0.0,62.0,0.0,0.0,0.0,2.0
2021,18,18,18150,Cartagena Del Chairá,0.0,0.0,20.0,0.0,0.0,0.0,1.0
2021,18,18,18247,El Doncello,0.0,0.0,118.0,0.0,0.0,0.0,1.0
2021,18,18,18256,El Paujíl,0.0,0.0,73.0,0.0,0.0,0.0,1.0
2021,18,18,18410,La Montañita,0.0,0.0,27.0,0.0,0.0,0.0,1.0
2021,18,18,18592,Puerto Rico,0.0,0.0,1.0,0.0,0.0,0.0,1.0
2021,18,18,18610,San José Del Fragua,0.0,0.0,20.0,0.0,0.0,0.0,1.0
2021,18,18,18753,San Vicente Del Caguán,0.0,20.0,469.0,6.0,5.0,0.0,3.0
2021,18,18,18860,Valparaíso,0.0,0.0,25.0,0.0,0.0,0.0,2.0
2021,19,19,19001,Popayán,0.0,9644.0,29191.0,1296.0,813.0,185.0,20.0
2021,19,19,19022,Almaguer,0.0,0.0,19.0,0.0,0.0,0.0,1.0
2021,19,19,19110,Buenos Aires,0.0,0.0,1.0,0.0,0.0,0.0,1.0
2021,19,19,19137,Caldono,0.0,1.0,114.0,0.0,0.0,0.0,2.0
2021,19,19,19142,Caloto,0.0,0.0,6.0,0.0,0.0,0.0,1.0
2021,19,19,19212,Corinto,0.0,0.0,4.0,0.0,0.0,0.0,1.0
2021,19,19,19256,El Tambo,0.0,0.0,1.0,0.0,0.0,0.0,1.0
2021,19,19,19300,Guachené,0.0,45.0,0.0,0.0,0.0,0.0,1.0
2021,19,19,19318,Guapi,0.0,0.0,1.0,0.0,0.0,0.0,1.0
2021,19,19,19355,Inzá,0.0,0.0,43.0,0.0,0.0,0.0,1.0
2021,19,19,19364,Jambaló,0.0,0.0,13.0,0.0,0.0,0.0,1.0
2021,19,19,19392,La Sierra,0.0,0.0,2.0,0.0,0.0,0.0,1.0
2021,19,19,19397,La Vega,0.0,0.0,14.0,0.0,0.0,0.0,1.0
2021,19,19,19418,López De Micay,0.0,0.0,1.0,0.0,0.0,0.0,1.0
2021,19,19,19455,Miranda,0.0,0.0,90.0,0.0,0.0,0.0,2.0
2021,19,19,19473,Morales,0.0,36.0,24.0,0.0,0.0,0.0,1.0
2021,19,19,19517,Páez,0.0,2.0,35.0,0.0,0.0,0.0,1.0
2021,19,19,19532,Patía,0.0,47.0,595.0,9.0,2.0,0.0,2.0
2021,19,19,19548,Piendamó - Tunía,0.0,0.0,2.0,0.0,0.0,0.0,1.0
2021,19,19,19585,Puracé,0.0,0.0,4.0,0.0,0.0,0.0,1.0
2021,19,19,19622,Rosas,0.0,0.0,77.0,0.0,0.0,0.0,1.0
2021,19,19,19693,San Sebastián,0.0,0.0,6.0,0.0,0.0,0.0,1.0
2021,19,19,19698,Santander De Quilichao,0.0,1260.0,3625.0,4.0,139.0,0.0,8.0
2021,19,19,19701,Santa Rosa,0.0,0.0,4.0,0.0,0.0,0.0,1.0
2021,19,19,19743,Silvia,0.0,1.0,93.0,0.0,0.0,0.0,2.0
2021,19,19,19760,Sotará Paispamba,0.0,0.0,18.0,0.0,0.0,0.0,1.0
2021,19,19,19780,Suárez,0.0,0.0,2.0,0.0,0.0,0.0,1.0
2021,19,19,19807,Timbío,0.0,0.0,1.0,0.0,0.0,0.0,1.0
2021,19,19,19821,Toribío,0.0,0.0,83.0,0.0,0.0,0.0,2.0
2021,19,19,19824,Totoró,0.0,0.0,8.0,0.0,0.0,0.0,1.0
2021,20,20,20001,Valledupar,0.0,6693.0,26463.0,281.0,266.0,0.0,12.0
2021,20,20,20011,Aguachica,0.0,1597.0,3194.0,11.0,1.0,0.0,4.0
2021,20,20,20060,Bosconia,0.0,0.0,145.0,31.0,0.0,0.0,2.0
2021,20,20,20228,Curumaní,0.0,91.0,710.0,7.0,3.0,0.0,1.0
2021,20,20,20400,La Jagua De Ibirico,0.0,0.0,76.0,0.0,0.0,0.0,1.0
2021,20,20,20550,Pelaya,0.0,3.0,0.0,0.0,0.0,0.0,1.0
2021,20,20,20621,La Paz,0.0,0.0,731.0,0.0,0.0,0.0,1.0
2021,23,23,23001,Montería,297.0,3155.0,32291.0,748.0,133.0,0.0,20.0
2021,23,23,23068,Ayapel,0.0,0.0,2.0,0.0,0.0,0.0,1.0
2021,23,23,23162,Cereté,113.0,56.0,1057.0,6.0,0.0,0.0,1.0
2021,23,23,23189,Ciénaga De Oro,0.0,0.0,619.0,0.0,0.0,0.0,1.0
2021,23,23,23417,Lorica,0.0,36.0,1543.0,0.0,0.0,0.0,5.0
2021,23,23,23466,Montelíbano,0.0,173.0,70.0,0.0,0.0,0.0,4.0
2021,23,23,23500,Moñitos,0.0,0.0,7.0,0.0,0.0,0.0,1.0
2021,23,23,23555,Planeta Rica,0.0,0.0,83.0,0.0,0.0,0.0,1.0
2021,23,23,23574,Puerto Escondido,0.0,0.0,12.0,0.0,0.0,0.0,1.0
2021,23,23,23580,Puerto Libertador,0.0,0.0,1.0,0.0,0.0,0.0,1.0
2021,23,23,23660,Sahagún,0.0,133.0,1767.0,28.0,29.0,0.0,3.0
2021,23,23,23670,San Andrés De Sotavento,0.0,0.0,54.0,0.0,0.0,0.0,2.0
2021,23,23,23672,San Antero,0.0,40.0,87.0,0.0,0.0,0.0,2.0
2021,23,23,23675,San Bernardo Del Viento,0.0,0.0,24.0,0.0,0.0,0.0,1.0
2021,23,23,23807,Tierralta,0.0,0.0,89.0,0.0,0.0,0.0,2.0
2021,25,25,25053,Arbeláez,0.0,1.0,1.0,0.0,0.0,0.0,1.0
2021,25,25,25126,Cajicá,0.0,209.0,4773.0,306.0,11.0,25.0,3.0
2021,25,25,25175,Chía,0.0,4613.0,12402.0,1197.0,1210.0,69.0,5.0
2021,25,25,25178,Chipaque,0.0,50.0,354.0,5.0,1.0,0.0,2.0
2021,25,25,25245,El Colegio,0.0,85.0,0.0,0.0,0.0,0.0,1.0
2021,25,25,25269,Facatativá,1006.0,178.0,6248.0,124.0,15.0,0.0,9.0
2021,25,25,25286,Funza,0.0,85.0,297.0,0.0,0.0,0.0,3.0
2021,25,25,25290,Fusagasugá,727.0,2180.0,5137.0,136.0,93.0,0.0,8.0
2021,25,25,25297,Gachetá,0.0,53.0,566.0,11.0,6.0,0.0,2.0
2021,25,25,25307,Girardot,115.0,2484.0,5375.0,80.0,15.0,0.0,8.0
2021,25,25,25317,Guachetá,0.0,0.0,18.0,0.0,0.0,0.0,1.0
2021,25,25,25377,La Calera,0.0,1.0,0.0,0.0,0.0,0.0,1.0
2021,25,25,25386,La Mesa,0.0,0.0,319.0,0.0,0.0,0.0,1.0
2021,25,25,25430,Madrid,0.0,684.0,628.0,8.0,0.0,0.0,3.0
2021,25,25,25473,Mosquera,78.0,3410.0,370.0,20.0,0.0,0.0,3.0
2021,25,25,25488,Nilo,0.0,4831.0,0.0,0.0,0.0,0.0,1.0
2021,25,25,25513,Pacho,0.0,256.0,98.0,0.0,0.0,0.0,3.0
2021,25,25,25572,Puerto Salgar,0.0,0.0,31.0,0.0,0.0,0.0,1.0
2021,25,25,25612,Ricaurte,0.0,0.0,44.0,0.0,0.0,0.0,1.0
2021,25,25,25662,San Juan De Rioseco,0.0,0.0,18.0,0.0,0.0,0.0,1.0
2021,25,25,25740,Sibaté,0.0,42.0,1172.0,0.0,0.0,0.0,2.0
2021,25,25,25754,Soacha,0.0,4856.0,6066.0,73.0,12.0,0.0,5.0
2021,25,25,25793,Tausa,0.0,0.0,24.0,0.0,0.0,0.0,1.0
2021,25,25,25797,Tena,0.0,0.0,24.0,0.0,0.0,0.0,1.0
2021,25,25,25807,Tibirita,0.0,0.0,11.0,0.0,0.0,0.0,1.0
2021,25,25,25815,Tocaima,29.0,9.0,8.0,0.0,0.0,0.0,1.0
2021,25,25,25843,Villa De San Diego De Ubaté,0.0,0.0,1545.0,0.0,0.0,0.0,2.0
2021,25,25,25875,Villeta,0.0,2075.0,198.0,0.0,0.0,0.0,3.0
2021,25,25,25899,Zipaquirá,0.0,229.0,4423.0,60.0,20.0,0.0,5.0
2021,27,27,27001,Quibdó,119.0,791.0,15654.0,345.0,257.0,0.0,9.0
2021,27,27,27050,Atrato,144.0,0.0,0.0,0.0,0.0,0.0,1.0
2021,27,27,27250,El Litoral Del San Juan,0.0,0.0,14.0,0.0,0.0,0.0,1.0
2021,27,27,27361,Istmina,0.0,0.0,1.0,0.0,0.0,0.0,1.0
2021,27,27,27615,Riosucio,0.0,0.0,18.0,0.0,0.0,0.0,1.0
2021,41,41,41001,Neiva,44.0,4381.0,23174.0,841.0,1026.0,34.0,20.0
2021,41,41,41006,Acevedo,0.0,0.0,39.0,0.0,0.0,0.0,1.0
2021,41,41,41020,Algeciras,0.0,0.0,78.0,0.0,0.0,0.0,1.0
2021,41,41,41026,Altamira,0.0,0.0,1.0,0.0,0.0,0.0,1.0
2021,41,41,41132,Campoalegre,0.0,1049.0,0.0,0.0,0.0,0.0,1.0
2021,41,41,41298,Garzón,0.0,1157.0,1267.0,0.0,0.0,0.0,4.0
2021,41,41,41357,Íquira,0.0,0.0,17.0,0.0,0.0,0.0,1.0
2021,41,41,41396,La Plata,0.0,1289.0,1362.0,13.0,7.0,0.0,5.0
2021,41,41,41483,Nátaga,0.0,0.0,1.0,0.0,0.0,0.0,1.0
2021,41,41,41524,Palermo,0.0,0.0,0.0,0.0,1.0,0.0,1.0
2021,41,41,41551,Pitalito,0.0,2408.0,4296.0,26.0,65.0,0.0,9.0
2021,41,41,41615,Rivera,484.0,141.0,212.0,0.0,0.0,0.0,1.0
2021,41,41,41668,San Agustín,0.0,0.0,62.0,0.0,0.0,0.0,1.0
2021,44,44,44001,Riohacha,282.0,1368.0,10638.0,98.0,553.0,2.0,9.0
2021,44,44,44279,Fonseca,0.0,2133.0,847.0,0.0,0.0,0.0,2.0
2021,44,44,44430,Maicao,0.0,259.0,2276.0,0.0,0.0,0.0,2.0
2021,44,44,44560,Manaure,0.0,0.0,137.0,0.0,0.0,0.0,1.0
2021,44,44,44650,San Juan Del Cesar,911.0,42.0,0.0,0.0,0.0,0.0,1.0
2021,44,44,44847,Uribia,131.0,0.0,128.0,0.0,0.0,0.0,3.0
2021,44,44,44874,Villanueva,0.0,40.0,820.0,0.0,0.0,0.0,2.0
2021,47,47,47001,Santa Marta,2696.0,5225.0,30468.0,1117.0,484.0,72.0,14.0
2021,47,47,47189,Ciénaga,1820.0,212.0,1.0,0.0,0.0,0.0,3.0
2021,47,47,47245,El Banco,0.0,82.0,174.0,1.0,0.0,0.0,2.0
2021,47,47,47288,Fundación,0.0,3.0,1.0,0.0,0.0,0.0,1.0
2021,47,47,47555,Plato,0.0,88.0,456.0,2.0,1.0,0.0,2.0
2021,50,50,50001,Villavicencio,939.0,3829.0,24360.0,1029.0,212.0,9.0,19.0
2021,50,50,50006,Acacías,0.0,350.0,3336.0,90.0,60.0,0.0,3.0
2021,50,50,50110,Barranca De Upía,0.0,0.0,52.0,0.0,0.0,0.0,1.0
2021,50,50,50226,Cumaral,0.0,58.0,456.0,7.0,6.0,0.0,3.0
2021,50,50,50313,Granada,0.0,865.0,53.0,0.0,0.0,0.0,3.0
2021,50,50,50350,La Macarena,0.0,0.0,42.0,0.0,0.0,0.0,1.0
2021,50,50,50450,Puerto Concordia,0.0,0.0,69.0,0.0,0.0,0.0,1.0
2021,50,50,50568,Puerto Gaitán,0.0,160.0,0.0,0.0,0.0,0.0,1.0
2021,50,50,50573,Puerto López,0.0,0.0,26.0,0.0,0.0,0.0,2.0
2021,50,50,50590,Puerto Rico,0.0,0.0,46.0,0.0,0.0,0.0,1.0
2021,50,50,50606,Restrepo,0.0,0.0,1.0,0.0,0.0,0.0,1.0
2021,50,50,50689,San Martín,0.0,0.0,90.0,0.0,0.0,0.0,1.0
2021,52,52,52001,Pasto,0.0,2903.0,33654.0,1571.0,1464.0,56.0,24.0
2021,52,52,52019,Albán,0.0,0.0,23.0,0.0,0.0,0.0,1.0
2021,52,52,52079,Barbacoas,0.0,0.0,17.0,0.0,0.0,0.0,1.0
2021,52,52,52110,Buesaco,0.0,0.0,1.0,0.0,0.0,0.0,1.0
2021,52,52,52227,Cumbal,0.0,0.0,28.0,0.0,0.0,0.0,1.0
2021,52,52,52240,Chachagüí,0.0,0.0,25.0,0.0,0.0,0.0,1.0
2021,52,52,52254,El Peñol,0.0,0.0,23.0,24.0,0.0,0.0,1.0
2021,52,52,52258,El Tablón De Gómez,0.0,0.0,32.0,0.0,0.0,0.0,2.0
2021,52,52,52323,Gualmatán,0.0,0.0,23.0,0.0,0.0,0.0,1.0
2021,52,52,52356,Ipiales,0.0,499.0,1452.0,0.0,0.0,0.0,6.0
2021,52,52,52399,La Unión,0.0,0.0,87.0,0.0,0.0,0.0,1.0
2021,52,52,52411,Linares,0.0,0.0,54.0,0.0,0.0,0.0,1.0
2021,52,52,52427,Magüí,0.0,0.0,1.0,0.0,0.0,0.0,1.0
2021,52,52,52540,Policarpa,0.0,0.0,20.0,0.0,0.0,0.0,1.0
2021,52,52,52573,Puerres,0.0,0.0,50.0,0.0,0.0,0.0,1.0
2021,52,52,52612,Ricaurte,0.0,0.0,39.0,0.0,0.0,0.0,2.0
2021,52,52,52678,Samaniego,0.0,0.0,30.0,0.0,0.0,0.0,1.0
2021,52,52,52693,San Pablo,0.0,0.0,78.0,0.0,0.0,0.0,1.0
2021,52,52,52699,Santacruz,0.0,0.0,24.0,0.0,0.0,0.0,1.0
2021,52,52,52835,San Andrés De Tumaco,0.0,1248.0,1666.0,9.0,9.0,0.0,7.0
2021,52,52,52838,Túquerres,0.0,0.0,550.0,0.0,0.0,0.0,1.0
2021,54,54,54001,San José De Cúcuta,43.0,11221.0,28849.0,1136.0,951.0,20.0,20.0
2021,54,54,54003,Ábrego,0.0,0.0,63.0,0.0,0.0,0.0,1.0
2021,54,54,54051,Arboledas,0.0,0.0,14.0,0.0,0.0,0.0,1.0
2021,54,54,54172,Chinácota,0.0,0.0,17.0,0.0,0.0,0.0,1.0
2021,54,54,54206,Convención,0.0,0.0,25.0,0.0,0.0,0.0,1.0
2021,54,54,54239,Durania,0.0,31.0,16.0,0.0,0.0,0.0,1.0
2021,54,54,54313,Gramalote,0.0,0.0,7.0,0.0,0.0,0.0,1.0
2021,54,54,54498,Ocaña,15.0,763.0,7257.0,185.0,76.0,0.0,7.0
2021,54,54,54518,Pamplona,213.0,1254.0,14708.0,193.0,302.0,35.0,5.0
2021,54,54,54660,Salazar,0.0,1.0,11.0,0.0,0.0,0.0,1.0
2021,54,54,54673,San Cayetano,0.0,0.0,21.0,0.0,0.0,0.0,1.0
2021,54,54,54810,Tibú,0.0,0.0,76.0,0.0,0.0,0.0,1.0
2021,54,54,54874,Villa Del Rosario,24.0,28.0,4382.0,35.0,0.0,0.0,1.0
2021,63,63,63001,Armenia,4.0,7157.0,18007.0,527.0,279.0,62.0,17.0
2021,63,63,63111,Buenavista,0.0,6.0,0.0,0.0,0.0,0.0,1.0
2021,63,63,63272,Filandia,0.0,0.0,26.0,0.0,0.0,0.0,1.0
2021,63,63,63302,Génova,0.0,19.0,26.0,0.0,0.0,0.0,2.0
2021,63,63,63594,Quimbaya,0.0,0.0,1.0,0.0,0.0,0.0,1.0
2021,66,66,66001,Pereira,1530.0,7343.0,32585.0,1623.0,1522.0,250.0,23.0
2021,66,66,66088,Belén De Umbría,20.0,0.0,49.0,0.0,0.0,0.0,2.0
2021,66,66,66170,Dosquebradas,0.0,1989.0,37.0,29.0,48.0,0.0,2.0
2021,66,66,66440,Marsella,0.0,0.0,33.0,0.0,0.0,0.0,1.0
2021,66,66,66572,Pueblo Rico,0.0,0.0,14.0,0.0,0.0,0.0,1.0
2021,66,66,66594,Quinchía,0.0,0.0,45.0,0.0,0.0,0.0,1.0
2021,66,66,66682,Santa Rosa De Cabal,0.0,364.0,885.0,4.0,0.0,0.0,1.0
2021,68,68,68001,Bucaramanga,627.0,22321.0,57990.0,7997.0,8010.0,195.0,27.0
2021,68,68,68081,Barrancabermeja,16.0,3640.0,6442.0,184.0,38.0,0.0,12.0
2021,68,68,68255,El Playón,0.0,187.0,0.0,0.0,0.0,0.0,1.0
2021,68,68,68276,Floridablanca,0.0,351.0,0.0,0.0,0.0,0.0,1.0
2021,68,68,68307,Girón,0.0,2740.0,0.0,0.0,0.0,0.0,1.0
2021,68,68,68432,Málaga,0.0,1045.0,1043.0,12.0,5.0,0.0,4.0
2021,68,68,68500,Oiba,0.0,0.0,80.0,0.0,0.0,0.0,1.0
2021,68,68,68547,Piedecuesta,0.0,1246.0,3.0,3.0,0.0,0.0,3.0
2021,68,68,68679,San Gil,102.0,1325.0,2371.0,40.0,24.0,0.0,7.0
2021,68,68,68755,Socorro,0.0,193.0,988.0,130.0,40.0,0.0,3.0
2021,68,68,68861,Vélez,815.0,1981.0,770.0,7.0,7.0,0.0,4.0
2021,70,70,70001,Sincelejo,216.0,2286.0,20642.0,416.0,141.0,1.0,13.0
2021,70,70,70215,Corozal,306.0,132.0,1602.0,56.0,42.0,0.0,3.0
2021,70,70,70221,Coveñas,0.0,315.0,0.0,0.0,0.0,0.0,1.0
2021,70,70,70400,La Unión,0.0,0.0,50.0,0.0,0.0,0.0,1.0
2021,70,70,70429,Majagual,0.0,6.0,83.0,0.0,0.0,0.0,2.0
2021,70,70,70508,Ovejas,0.0,0.0,3.0,0.0,0.0,0.0,1.0
2021,70,70,70678,San Benito Abad,0.0,0.0,15.0,0.0,0.0,0.0,1.0
2021,70,70,70708,San Marcos,0.0,0.0,29.0,0.0,0.0,0.0,1.0
2021,70,70,70742,San Luis De Sincé,0.0,0.0,74.0,0.0,0.0,0.0,1.0
2021,73,73,73001,Ibagué,267.0,9283.0,27933.0,777.0,203.0,0.0,21.0
2021,73,73,73124,Cajamarca,0.0,28.0,87.0,0.0,0.0,0.0,1.0
2021,73,73,73168,Chaparral,46.0,143.0,900.0,20.0,0.0,0.0,3.0
2021,73,73,73268,Espinal,2834.0,2649.0,1823.0,46.0,0.0,0.0,5.0
2021,73,73,73275,Flandes,19.0,30.0,88.0,0.0,0.0,0.0,2.0
2021,73,73,73283,Fresno,0.0,0.0,74.0,0.0,0.0,0.0,1.0
2021,73,73,73349,Honda,0.0,372.0,369.0,0.0,0.0,0.0,4.0
2021,73,73,73408,Lérida,0.0,0.0,176.0,0.0,0.0,0.0,1.0
2021,73,73,73411,Líbano,0.0,54.0,421.0,6.0,7.0,0.0,3.0
2021,73,73,73443,San Sebastián De Mariquita,0.0,135.0,576.0,10.0,11.0,0.0,3.0
2021,73,73,73449,Melgar,0.0,44.0,384.0,0.0,0.0,0.0,3.0
2021,73,73,73555,Planadas,0.0,16.0,84.0,0.0,0.0,0.0,3.0
2021,73,73,73585,Purificación,0.0,0.0,305.0,0.0,0.0,0.0,2.0
2021,73,73,73616,Rioblanco,0.0,0.0,102.0,0.0,0.0,0.0,1.0
2021,76,76,76001,Cali,3875.0,22007.0,90135.0,5794.0,4331.0,799.0,49.0
2021,76,76,76109,Buenaventura,0.0,2263.0,4560.0,35.0,22.0,0.0,9.0
2021,76,76,76111,Guadalajara De Buga,353.0,3557.0,2174.0,38.0,4.0,0.0,8.0
2021,76,76,76122,Caicedonia,0.0,139.0,395.0,0.0,0.0,0.0,1.0
2021,76,76,76130,Candelaria,0.0,113.0,16.0,0.0,0.0,0.0,2.0
2021,76,76,76147,Cartago,68.0,1620.0,1445.0,70.0,0.0,0.0,7.0
2021,76,76,76233,Dagua,179.0,18.0,2.0,0.0,0.0,0.0,2.0
2021,76,76,76248,El Cerrito,0.0,31.0,0.0,0.0,0.0,0.0,1.0
2021,76,76,76250,El Dovio,95.0,19.0,16.0,0.0,0.0,0.0,1.0
2021,76,76,76275,Florida,0.0,29.0,35.0,19.0,0.0,0.0,3.0
2021,76,76,76306,Ginebra,0.0,45.0,0.0,0.0,0.0,0.0,1.0
2021,76,76,76364,Jamundí,0.0,14.0,0.0,0.0,0.0,0.0,1.0
2021,76,76,76520,Palmira,47.0,3151.0,9976.0,115.0,315.0,45.0,9.0
2021,76,76,76563,Pradera,0.0,0.0,81.0,0.0,0.0,0.0,2.0
2021,76,76,76622,Roldanillo,1770.0,419.0,356.0,0.0,0.0,0.0,3.0
2021,76,76,76736,Sevilla,0.0,0.0,65.0,16.0,0.0,0.0,1.0
2021,76,76,76823,Toro,0.0,41.0,0.0,0.0,0.0,0.0,1.0
2021,76,76,76828,Trujillo,0.0,77.0,0.0,0.0,0.0,0.0,1.0
2021,76,76,76834,Tuluá,996.0,2448.0,4689.0,114.0,89.0,0.0,9.0
2021,76,76,76869,Vijes,0.0,66.0,0.0,0.0,0.0,0.0,1.0
2021,76,76,76892,Yumbo,0.0,2.0,0.0,0.0,0.0,0.0,1.0
2021,76,76,76895,Zarzal,0.0,388.0,1081.0,21.0,0.0,0.0,1.0
2021,81,81,81001,Arauca,0.0,366.0,1088.0,96.0,0.0,0.0,6.0
2021,81,81,81065,Arauquita,0.0,93.0,56.0,0.0,0.0,0.0,2.0
2021,81,81,81220,Cravo Norte,0.0,0.0,58.0,0.0,0.0,0.0,1.0
2021,81,81,81300,Fortul,0.0,0.0,25.0,0.0,0.0,0.0,1.0
2021,81,81,81591,Puerto Rondón,0.0,0.0,21.0,0.0,0.0,0.0,1.0
2021,81,81,81736,Saravena,0.0,53.0,66.0,0.0,0.0,0.0,2.0
2021,81,81,81794,Tame,0.0,87.0,101.0,0.0,0.0,0.0,3.0
2021,85,85,85001,Yopal,373.0,1902.0,6663.0,280.0,67.0,0.0,13.0
2021,85,85,85010,Aguazul,25.0,0.0,435.0,0.0,0.0,0.0,2.0
2021,85,85,85250,Paz De Ariporo,39.0,0.0,101.0,0.0,0.0,0.0,1.0
2021,85,85,85410,Tauramena,33.0,0.0,80.0,0.0,0.0,0.0,1.0
2021,85,85,85430,Trinidad,13.0,0.0,22.0,0.0,0.0,0.0,1.0
2021,85,85,85440,Villanueva,17.0,0.0,60.0,0.0,0.0,0.0,1.0
2021,86,86,86001,Mocoa,0.0,2005.0,1056.0,0.0,26.0,0.0,8.0
2021,86,86,86320,Orito,0.0,0.0,91.0,0.0,0.0,0.0,2.0
2021,86,86,86568,Puerto Asís,0.0,1145.0,649.0,12.0,5.0,0.0,7.0
2021,86,86,86569,Puerto Caicedo,0.0,0.0,0.0,0.0,88.0,0.0,1.0
2021,86,86,86573,Puerto Leguízamo,0.0,0.0,3.0,0.0,1.0,0.0,2.0
2021,86,86,86749,Sibundoy,0.0,560.0,186.0,14.0,0.0,0.0,3.0
2021,86,86,86760,Santiago,0.0,0.0,1.0,0.0,0.0,0.0,1.0
2021,86,86,86865,Valle Del Guamuez,0.0,46.0,466.0,7.0,2.0,0.0,2.0
2021,88,88,88001,San Andrés,918.0,467.0,99.0,0.0,10.0,7.0,4.0
2021,88,88,88564,Providencia,0.0,0.0,0.0,11.0,0.0,0.0,1.0
2021,91,91,91001,Leticia,23.0,329.0,315.0,44.0,37.0,12.0,10.0
2021,94,94,94001,Inírida,0.0,410.0,261.0,16.0,4.0,0.0,3.0
2021,95,95,95001,San José Del Guaviare,0.0,1227.0,983.0,43.0,10.0,0.0,5.0
2021,97,97,97001,Mitú,0.0,40.0,172.0,0.0,0.0,0.0,4.0
2021,99,99,99001,Puerto Carreño,0.0,308.0,298.0,24.0,43.0,0.0,4.0
2021,99,99,99524,La Primavera,0.0,0.0,47.0,0.0,0.0,0.0,1.0
2021,99,99,99624,Santa Rosalía,0.0,0.0,25.0,0.0,0.0,0.0,1.0
